CREATE TABLE CONTINENT (
    contName VARCHAR(20) CONSTRAINT CONTINENT_PKey PRIMARY KEY,
    area NUMERIC(10)
);

CREATE TABLE COUNTRY (
    countryCode VARCHAR(4) CONSTRAINT COUNTRY_PKey PRIMARY KEY,
    name VARCHAR(35) NOT NULL UNIQUE,
    area NUMERIC,
    pop NUMERIC,
    GDP NUMERIC,
    capital VARCHAR(50)
);

CREATE TABLE CITY (
    cityId VARCHAR(50) CONSTRAINT CITY_PKey PRIMARY KEY,
    pop NUMERIC,
    lat NUMERIC,
    long NUMERIC,
    country VARCHAR(4)
);

ALTER TABLE COUNTRY
    ADD CONSTRAINT capital_FKey FOREIGN KEY (capital)
    REFERENCES CITY(cityId) DEFERRABLE INITIALLY DEFERRED;

ALTER TABLE CITY
    ADD CONSTRAINT country_FKey FOREIGN KEY (country)
    REFERENCES Country(countryCode) DEFERRABLE INITIALLY DEFERRED;

CREATE TABLE LANGUAGE (
    language VARCHAR(50) CONSTRAINT LANGUAGE_PKey PRIMARY KEY
);

CREATE TABLE RELIGION (
    religion VARCHAR(50) CONSTRAINT RELIGION_PKey PRIMARY KEY
);

CREATE TABLE SEA (
    sea VARCHAR(35) CONSTRAINT SEA_PKey PRIMARY KEY,
    depth NUMERIC
);

CREATE TABLE LAKE (
    lake VARCHAR(35) CONSTRAINT LAKE_PKey PRIMARY KEY,
    area NUMERIC,
    depth NUMERIC,
    altitude NUMERIC
);

CREATE TABLE RIVER (
    river VARCHAR(35) CONSTRAINT RIVER_PKey PRIMARY KEY,
    length NUMERIC
);

CREATE TABLE ISLAND (
    island VARCHAR(35) CONSTRAINT ISLAND_PKey PRIMARY KEY,
    area NUMERIC
);

CREATE TABLE UDEF_RELIGION (
    religion VARCHAR(50) CONSTRAINT UDEF_RELIGION_PKey PRIMARY KEY
        REFERENCES RELIGION DEFERRABLE INITIALLY DEFERRED
);

CREATE TABLE country_language (
    country VARCHAR(4) REFERENCES COUNTRY DEFERRABLE INITIALLY DEFERRED,
    language VARCHAR(50) REFERENCES LANGUAGE DEFERRABLE INITIALLY DEFERRED,
    CONSTRAINT country_language_PKey PRIMARY KEY (country, language)
);

CREATE TABLE country_religion (
    country VARCHAR(4) REFERENCES COUNTRY DEFERRABLE INITIALLY DEFERRED,
    religion VARCHAR(50) REFERENCES RELIGION DEFERRABLE INITIALLY DEFERRED,
    CONSTRAINT country_religion_PKey PRIMARY KEY (country, religion)
);

CREATE TABLE country_continent (
    country VARCHAR(4) REFERENCES COUNTRY DEFERRABLE INITIALLY DEFERRED,
    continent VARCHAR(20) REFERENCES CONTINENT DEFERRABLE INITIALLY DEFERRED,
    CONSTRAINT country_continent_PKey PRIMARY KEY (country, continent)
);

CREATE TABLE borders (
    country_a VARCHAR(4) REFERENCES COUNTRY DEFERRABLE INITIALLY DEFERRED,
    country_b VARCHAR(4) REFERENCES COUNTRY DEFERRABLE INITIALLY DEFERRED,
    length NUMERIC,
    CONSTRAINT borders_PKey PRIMARY KEY (country_a, country_b)
);

CREATE TABLE city_island (
    city VARCHAR(50) REFERENCES CITY DEFERRABLE INITIALLY DEFERRED,
    iname VARCHAR(35) REFERENCES ISLAND DEFERRABLE INITIALLY DEFERRED,
    CONSTRAINT city_island_PKey PRIMARY KEY (city, iname)
);

CREATE TABLE city_lake (
    city VARCHAR(50) REFERENCES CITY DEFERRABLE INITIALLY DEFERRED,
    lname VARCHAR(35) REFERENCES LAKE DEFERRABLE INITIALLY DEFERRED,
    CONSTRAINT city_lake_PKey PRIMARY KEY (city, lname)
);

CREATE TABLE city_river (
    city VARCHAR(50) REFERENCES CITY DEFERRABLE INITIALLY DEFERRED,
    rname VARCHAR(35) REFERENCES RIVER DEFERRABLE INITIALLY DEFERRED,
    CONSTRAINT city_river_PKey PRIMARY KEY (city, rname)
);

CREATE TABLE city_sea (
    city VARCHAR(50) REFERENCES CITY DEFERRABLE INITIALLY DEFERRED,
    sname VARCHAR(35) REFERENCES SEA DEFERRABLE INITIALLY DEFERRED,
    CONSTRAINT city_sea_PKey PRIMARY KEY (city, sname)
);

CREATE TABLE river_into_lake (
    rname VARCHAR(35) REFERENCES RIVER DEFERRABLE INITIALLY DEFERRED,
    lname VARCHAR(35) REFERENCES LAKE DEFERRABLE INITIALLY DEFERRED,
    CONSTRAINT river_into_lake_PKey PRIMARY KEY (rname, lname)
);

CREATE TABLE river_from_lake (
    rname VARCHAR(35) REFERENCES RIVER DEFERRABLE INITIALLY DEFERRED,
    lname VARCHAR(35) REFERENCES LAKE DEFERRABLE INITIALLY DEFERRED,
    CONSTRAINT river_from_lake_PKey PRIMARY KEY (rname, lname)
);

CREATE TABLE river_into_sea (
    rname VARCHAR(35) REFERENCES RIVER DEFERRABLE INITIALLY DEFERRED,
    sname VARCHAR(35) REFERENCES SEA DEFERRABLE INITIALLY DEFERRED,
    CONSTRAINT river_into_sea_PKey PRIMARY KEY (rname, sname)
);

CREATE TABLE sea_connect (
    sea_a VARCHAR(35) REFERENCES SEA DEFERRABLE INITIALLY DEFERRED,
    sea_b VARCHAR(35) REFERENCES SEA DEFERRABLE INITIALLY DEFERRED,
    CONSTRAINT sea_connect_PKey PRIMARY KEY (sea_a, sea_b)
);

CREATE TABLE island_country (
    iname VARCHAR(35) REFERENCES ISLAND DEFERRABLE INITIALLY DEFERRED,
    country VARCHAR(4) REFERENCES COUNTRY DEFERRABLE INITIALLY DEFERRED,
    CONSTRAINT island_country_PKey PRIMARY KEY (iname, country)
);

BEGIN;

INSERT INTO country VALUES ('AL', 'Albania', 28750, 3249136, 4100, 'Tirane_Albania_AL');
INSERT INTO country VALUES ('GR', 'Greece', 131940, 10538594, 101700, 'Athens_Attiki_GR');
INSERT INTO country VALUES ('MK', 'Macedonia', 25333, 2104035, 1900, 'Skopje_Macedonia_MK');
INSERT INTO country VALUES ('SRB', 'Serbia', 77474, 7379339, 52180, 'Belgrade_Serbia_SRB');
INSERT INTO country VALUES ('MNE', 'Montenegro', 14026, 672180, 4515, 'Podgorica_Montenegro_MNE');
INSERT INTO country VALUES ('KOS', 'Kosovo', 10887, 1804838, 3237, 'Pristina_Kosovo_KOS');
INSERT INTO country VALUES ('AND', 'Andorra', 450, 72766, 1000, 'Andorra la Vella_Andorra_AND');
INSERT INTO country VALUES ('F', 'France', 547030, 58317450, 1173000, 'Paris_Ile de France_F');
INSERT INTO country VALUES ('E', 'Spain', 504750, 39181114, 565000, 'Madrid_Madrid_E');
INSERT INTO country VALUES ('A', 'Austria', 83850, 8023244, 152000, 'Vienna_Vienna-Wien_A');
INSERT INTO country VALUES ('CZ', 'Czech Republic', 78703, 10321120, 106200, 'Prague_Praha_CZ');
INSERT INTO country VALUES ('D', 'Germany', 356910, 83536115, 1452200, 'Berlin_Berlin_D');
INSERT INTO country VALUES ('H', 'Hungary', 93030, 10002541, 72500, 'Budapest_Budapest (munic.)_H');
INSERT INTO country VALUES ('I', 'Italy', 301230, 57460274, 1088600, 'Rome_Lazio_I');
INSERT INTO country VALUES ('FL', 'Liechtenstein', 160, 31122, 630, 'Vaduz_Liechtenstein_FL');
INSERT INTO country VALUES ('SK', 'Slovakia', 48845, 5374362, 39000, 'Bratislava_Slovakia_SK');
INSERT INTO country VALUES ('SLO', 'Slovenia', 20256, 1951443, 22600, 'Ljubljana_Slovenia_SLO');
INSERT INTO country VALUES ('CH', 'Switzerland', 41290, 7207060, 158500, 'Bern_Bern_CH');
INSERT INTO country VALUES ('BY', 'Belarus', 207600, 10415973, 49200, 'Minsk_Belarus_BY');
INSERT INTO country VALUES ('LV', 'Latvia', 64100, 2468982, 14700, 'Riga_Latvia_LV');
INSERT INTO country VALUES ('LT', 'Lithuania', 65200, 3646041, 13300, 'Vilnius_Lithuania_LT');
INSERT INTO country VALUES ('PL', 'Poland', 312683, 38642565, 226700, 'Warsaw_Warszwaskie_PL');
INSERT INTO country VALUES ('UA', 'Ukraine', 603700, 50864009, 174600, 'Kiev_Kyyivska_UA');
INSERT INTO country VALUES ('R', 'Russia', 17075200, 148178487, 796000, 'Moscow_Moskva_R');
INSERT INTO country VALUES ('B', 'Belgium', 30510, 10170241, 197000, 'Brussels_Brabant_B');
INSERT INTO country VALUES ('L', 'Luxembourg', 2586, 415870, 10000, 'Luxembourg_Luxembourg_L');
INSERT INTO country VALUES ('NL', 'Netherlands', 37330, 15568034, 301900, 'Amsterdam_Noord Holland_NL');
INSERT INTO country VALUES ('BIH', 'Bosnia and Herzegovina', 51233, 2656240, 1000, 'Sarajevo_Bosnia and Herzegovina_BIH');
INSERT INTO country VALUES ('HR', 'Croatia', 56538, 5004112, 20100, 'Zagreb_Croatia_HR');
INSERT INTO country VALUES ('BG', 'Bulgaria', 110910, 8612757, 43200, 'Sofia_Bulgaria_BG');
INSERT INTO country VALUES ('RO', 'Romania', 237500, 21657162, 105700, 'Bucharest_Bucuresti_RO');
INSERT INTO country VALUES ('TR', 'Turkey', 780580, 62484478, 345700, 'Ankara_Ankara_TR');
INSERT INTO country VALUES ('DK', 'Denmark', 43070, 5249632, 112800, 'Copenhagen_Denmark_DK');
INSERT INTO country VALUES ('EW', 'Estonia', 45100, 1459428, 12300, 'Tallinn_Estonia_EW');
INSERT INTO country VALUES ('FARX', 'Faroe Islands', 1400, 43857, 733, 'Torshavn_Faroe Islands_FARX');
INSERT INTO country VALUES ('SF', 'Finland', 337030, 5105230, 92400, 'Helsinki_Uusimaa_SF');
INSERT INTO country VALUES ('N', 'Norway', 324220, 4383807, 106200, 'Oslo_Oslo_N');
INSERT INTO country VALUES ('S', 'Sweden', 449964, 8900954, 177300, 'Stockholm_Stockholm_S');
INSERT INTO country VALUES ('MC', 'Monaco', 1.9, 31719, 788, 'Monaco_Monaco_MC');
INSERT INTO country VALUES ('GBZ', 'Gibraltar', 6.5, 28765, 205, 'Gibraltar_Gibraltar_GBZ');
INSERT INTO country VALUES ('GBG', 'Guernsey', 194, 62920, NULL, 'Saint Peter Port_Guernsey_GBG');
INSERT INTO country VALUES ('V', 'Holy See', 0.44, 840, NULL, 'Vatican City_Holy See_V');
INSERT INTO country VALUES ('IS', 'Iceland', 103000, 270292, 5000, 'Reykjavik_Iceland_IS');
INSERT INTO country VALUES ('IRL', 'Ireland', 70280, 3566833, 54600, 'Dublin_Ireland_IRL');
INSERT INTO country VALUES ('RSM', 'San Marino', 60, 24521, 380, 'San Marino_San Marino_RSM');
INSERT INTO country VALUES ('GBJ', 'Jersey', 117, 87848, NULL, 'Saint Helier_Jersey_GBJ');
INSERT INTO country VALUES ('M', 'Malta', 320, 375576, 4400, 'Valletta_Malta_M');
INSERT INTO country VALUES ('GBM', 'Man', 588, 73837, 780, 'Douglas_Man_GBM');
INSERT INTO country VALUES ('MD', 'Moldova', 33700, 4463847, 10400, 'Chisinau_Moldova_MD');
INSERT INTO country VALUES ('P', 'Portugal', 92080, 9865114, 116200, 'Lisbon_Lisbon_P');
INSERT INTO country VALUES ('SVAX', 'Svalbard', 62049, 2116, NULL, 'Longyearbyen_Svalbard_SVAX');
INSERT INTO country VALUES ('GB', 'United Kingdom', 244820, 58489975, 1138400, 'London_Greater London_GB');
INSERT INTO country VALUES ('AFG', 'Afghanistan', 647500, 22664136, 12800, 'Kabul_Afghanistan_AFG');
INSERT INTO country VALUES ('TJ', 'China', 9596960, 1210004956, 3500000, 'Beijing_Beijing (munic.)_TJ');
INSERT INTO country VALUES ('IR', 'Iran', 1648000, 66094264, 323500, 'Tehran_Tehran_IR');
INSERT INTO country VALUES ('PK', 'Pakistan', 803940, 129275660, 274200, 'Islamabad_Pakistan_PK');
INSERT INTO country VALUES ('TAD', 'Tajikistan', 143100, 5916373, 6400, 'Dushanbe_Dushanbe (munic.)_TAD');
INSERT INTO country VALUES ('TM', 'Turkmenistan', 488100, 4149283, 11500, 'Ashgabat_Ahal_TM');
INSERT INTO country VALUES ('UZB', 'Uzbekistan', 447400, 23418381, 54700, 'Tashkent_Toshkent_UZB');
INSERT INTO country VALUES ('ARM', 'Armenia', 29800, 3463574, 9100, 'Yerevan_Armenia_ARM');
INSERT INTO country VALUES ('GE', 'Georgia', 69700, 5219810, 6200, 'Tbilisi_Georgia_GE');
INSERT INTO country VALUES ('AZ', 'Azerbaijan', 86600, 7676953, 11500, 'Baku_Azerbaijan_AZ');
INSERT INTO country VALUES ('BRN', 'Bahrain', 620, 590042, 7300, 'Manama_Bahrain_BRN');
INSERT INTO country VALUES ('BD', 'Bangladesh', 144000, 123062800, 144500, 'Dhaka_Bangladesh_BD');
INSERT INTO country VALUES ('MYA', 'Myanmar', 678500, 45975625, 47000, 'Rangoon_Yangon_MYA');
INSERT INTO country VALUES ('IND', 'India', 3287590, 952107694, 1408700, 'New Delhi_Delhi_IND');
INSERT INTO country VALUES ('BHT', 'Bhutan', 47000, 1822625, 1300, 'Thimphu_Bhutan_BHT');
INSERT INTO country VALUES ('BRU', 'Brunei', 5770, 299939, 4600, 'Bandar Seri Begawan_Brunei_BRU');
INSERT INTO country VALUES ('MAL', 'Malaysia', 329750, 19962893, 193600, 'Kuala Lumpur_Fed. Terr. of Kuala Lumpur_MAL');
INSERT INTO country VALUES ('LAO', 'Laos', 236800, 4975772, 5200, 'Vientiane_Laos_LAO');
INSERT INTO country VALUES ('THA', 'Thailand', 514000, 58851357, 416700, 'Bangkok_Thailand_THA');
INSERT INTO country VALUES ('K', 'Cambodia', 181040, 10861218, 7000, 'Phnom Penh_Cambodia_K');
INSERT INTO country VALUES ('VN', 'Vietnam', 329560, 73976973, 97000, 'Hanoi_Vietnam_VN');
INSERT INTO country VALUES ('KAZ', 'Kazakstan', 2717300, 16916463, 46900, 'Almaty_Almaty (munic.)_KAZ');
INSERT INTO country VALUES ('NOK', 'North Korea', 120540, 23904124, 21500, 'Pyongyang_North Korea_NOK');
INSERT INTO country VALUES ('KGZ', 'Kyrgyzstan', 198500, 4529648, 5400, 'Bishkek_Kyrgyzstan_KGZ');
INSERT INTO country VALUES ('HONX', 'Hong Kong', 1092, 7055071, 307600, 'Hong Kong_Hong Kong_HONX');
INSERT INTO country VALUES ('MACX', 'Macau', 16, 496837, 220400, 'Macau_Macau_MACX');
INSERT INTO country VALUES ('MNG', 'Mongolia', 1565000, 2496617, 4900, 'Ulaanbaatar_Mongolia_MNG');
INSERT INTO country VALUES ('NEP', 'Nepal', 140800, 22094033, 25200, 'Kathmandu_Nepal_NEP');
INSERT INTO country VALUES ('XMAS', 'Christmas Island', 135, 1402, NULL, 'Flying Fish Cove_Christmas Island_XMAS');
INSERT INTO country VALUES ('COCO', 'Cocos Islands', 14, 596, NULL, 'West Island_Cocos Islands_COCO');
INSERT INTO country VALUES ('CY', 'Cyprus', 9251, 744609, 7800, 'Nicosia_Cyprus_CY');
INSERT INTO country VALUES ('GAZA', 'Gaza Strip', 360, 813332, 1700, NULL);
INSERT INTO country VALUES ('IL', 'Israel', 20770, 5421995, 80100, 'Jerusalem_Central_IL');
INSERT INTO country VALUES ('ET', 'Egypt', 1001450, 63575107, 171000, 'Cairo_El Qahira_ET');
INSERT INTO country VALUES ('RI', 'Indonesia', 1919440, 206611600, 710900, 'Jakarta_Indonesia_RI');
INSERT INTO country VALUES ('TL', 'Timor-Leste', 15007, 1131612, 489, 'Dili_Timor-Leste_TL');
INSERT INTO country VALUES ('PNG', 'Papua New Guinea', 461690, 4394537, 10200, 'Port Moresby_Papua New Guinea_PNG');
INSERT INTO country VALUES ('IRQ', 'Iraq', 437072, 21422292, 41100, 'Baghdad_Baghdad_IRQ');
INSERT INTO country VALUES ('JOR', 'Jordan', 89213, 4212152, 19300, 'Amman_Jordan_JOR');
INSERT INTO country VALUES ('KWT', 'Kuwait', 17820, 1950047, 30800, 'Kuwait_Kuwait_KWT');
INSERT INTO country VALUES ('SA', 'Saudi Arabia', 1960582, 19409058, 189300, 'Riyadh_Saudi Arabia_SA');
INSERT INTO country VALUES ('SYR', 'Syria', 185180, 15608648, 91200, 'Damascus_Syria_SYR');
INSERT INTO country VALUES ('RL', 'Lebanon', 10400, 3776317, 18300, 'Beirut_Lebanon_RL');
INSERT INTO country VALUES ('WEST', 'West Bank', 5860, 1427741, 3700, NULL);
INSERT INTO country VALUES ('J', 'Japan', 377835, 125449703, 2679200, 'Tokyo_Tokyo_J');
INSERT INTO country VALUES ('ROK', 'South Korea', 98480, 45482291, 590700, 'Seoul_South Korea_ROK');
INSERT INTO country VALUES ('MV', 'Maldives', 300, 270758, 390, 'Male_Maldives_MV');
INSERT INTO country VALUES ('OM', 'Oman', 212460, 2186548, 19100, 'Muscat_Oman_OM');
INSERT INTO country VALUES ('UAE', 'United Arab Emirates', 75581, 3057337, 70100, 'Abu Dhabi_Abu Dhabi_UAE');
INSERT INTO country VALUES ('YE', 'Yemen', 527970, 13483178, 37100, 'Sanaa_Yemen_YE');
INSERT INTO country VALUES ('RP', 'Philippines', 299764, 74480848, 179700, 'Manila_Philippines_RP');
INSERT INTO country VALUES ('Q', 'Qatar', 11000, 547761, 10700, 'Doha_Qatar_Q');
INSERT INTO country VALUES ('SGP', 'Singapore', 632.6, 3396924, 66100, 'Singapore_Singapore_SGP');
INSERT INTO country VALUES ('CL', 'Sri Lanka', 65610, 18553074, 65600, 'Colombo_Sri Lanka_CL');
INSERT INTO country VALUES ('RC', 'Taiwan', 36179, 21465881, 290500, 'Taipei_Taiwan_RC');
INSERT INTO country VALUES ('AXA', 'Anguilla', 102, 14436, 53, 'The Valley_Anguilla_AXA');
INSERT INTO country VALUES ('AG', 'Antigua and Barbuda', 442, 65647, 425, 'Saint Johns_Antigua and Barbuda_AG');
INSERT INTO country VALUES ('ARU', 'Aruba', 193, 103065, 2258, 'Oranjestad_Aruba_ARU');
INSERT INTO country VALUES ('BS', 'Bahamas', 13940, 259367, 4800, 'Nassau_Bahamas_BS');
INSERT INTO country VALUES ('BDS', 'Barbados', 430, 257030, 2500, 'Bridgetown_Barbados_BDS');
INSERT INTO country VALUES ('BZ', 'Belize', 22960, 219296, 575, 'Belmopan_Belize_BZ');
INSERT INTO country VALUES ('GCA', 'Guatemala', 108890, 11277614, 36700, 'Guatemala City_Guatemala_GCA');
INSERT INTO country VALUES ('MEX', 'Mexico', 1972550, 95772462, 721400, 'Mexico City_Distrito Federal_MEX');
INSERT INTO country VALUES ('BERM', 'Bermuda', 53.3, 67837, 4500, 'Hamilton_Bermuda_BERM');
INSERT INTO country VALUES ('BVIR', 'British Virgin Islands', 153, 24491, 133, 'Road Town_British Virgin Islands_BVIR');
INSERT INTO country VALUES ('CDN', 'Canada', 9976140, 28820671, 694000, 'Ottawa_Ontario_CDN');
INSERT INTO country VALUES ('USA', 'United States', 9372610, 266476278, 7247700, 'Washington_Distr. Columbia_USA');
INSERT INTO country VALUES ('CAYM', 'Cayman Islands', 262, 49035, 1939, 'George Town_Cayman Islands_CAYM');
INSERT INTO country VALUES ('CR', 'Costa Rica', 51100, 3463083, 18400, 'San Jose_San Jose_CR');
INSERT INTO country VALUES ('NIC', 'Nicaragua', 129494, 4272352, 7100, 'Managua_Nicaragua_NIC');
INSERT INTO country VALUES ('PA', 'Panama', 78200, 2655094, 13600, 'Panama City_Panama_PA');
INSERT INTO country VALUES ('C', 'Cuba', 110860, 10951334, 14700, 'Havana_Ciudad de la Habana_C');
INSERT INTO country VALUES ('WD', 'Dominica', 746, 82926, 200, 'Roseau_Dominica_WD');
INSERT INTO country VALUES ('DOM', 'Dominican Republic', 48730, 8088881, 26800, 'Santo Domingo_Dominican Republic_DOM');
INSERT INTO country VALUES ('RH', 'Haiti', 27750, 6731539, 6500, 'Port-au-Prince_Haiti_RH');
INSERT INTO country VALUES ('ES', 'El Salvador', 21040, 5828987, 11400, 'San Salvador_El Salvador_ES');
INSERT INTO country VALUES ('HCA', 'Honduras', 112090, 5605193, 10800, 'Tegucigalpa_Francisco Morazan_HCA');
INSERT INTO country VALUES ('GROX', 'Greenland', 2175600, 58203, 892, 'Nuuk_Greenland_GROX');
INSERT INTO country VALUES ('WG', 'Grenada', 344, 94961, 284, 'Saint Georges_Grenada_WG');
INSERT INTO country VALUES ('GUAD', 'Guadeloupe', 1780, 407768, 3700, 'Basse-Terre_Guadeloupe_GUAD');
INSERT INTO country VALUES ('JA', 'Jamaica', 10991, 2595275, 8200, 'Kingston_Jamaica_JA');
INSERT INTO country VALUES ('MART', 'Martinique', 1128, 399151, 3950, 'Fort-de-France_Martinique_MART');
INSERT INTO country VALUES ('MNTS', 'Montserrat', 102, 5097, 29, 'Plymouth_Montserrat_MNTS');
INSERT INTO country VALUES ('NA', 'Netherlands Antilles', 960, 227049, 2800, 'Willemstad_Netherlands Antilles_NA');
INSERT INTO country VALUES ('SMAR', 'Saint Martin', 54, 29820, NULL, 'Marigot_Saint Martin_SMAR');
INSERT INTO country VALUES ('CO', 'Colombia', 1138910, 36813161, 192500, 'Bogota_Santa Fe de Bogota, DC_CO');
INSERT INTO country VALUES ('PR', 'Puerto Rico', 8870, 3971020, 88000, 'San Juan_Puerto Rico_PR');
INSERT INTO country VALUES ('KN', 'Saint Kitts and Nevis', 269, 41369, 220, 'Basseterre_Saint Kitts and Nevis_KN');
INSERT INTO country VALUES ('WL', 'Saint Lucia', 620, 157862, 640, 'Castries_Saint Lucia_WL');
INSERT INTO country VALUES ('SPMI', 'Saint Pierre and Miquelon', 242, 6809, 68, 'Saint-Pierre_Saint Pierre and Miquelon_SPMI');
INSERT INTO country VALUES ('WV', 'Saint Vincent and the Grenadines', 389, 118344, 240, 'Kingstown_Saint Vincent and the Grenadines_WV');
INSERT INTO country VALUES ('TT', 'Trinidad and Tobago', 5130, 1272385, 16200, 'Port-of-Spain_Trinidad and Tobago_TT');
INSERT INTO country VALUES ('TUCA', 'Turks and Caicos Islands', 430, 22942, 216, 'Grand Turk_Turks and Caicos Islands_TUCA');
INSERT INTO country VALUES ('VIRG', 'Virgin Islands', 352, 97120, 1200, 'Charlotte Amalie_Virgin Islands_VIRG');
INSERT INTO country VALUES ('AMSA', 'American Samoa', 199, 65628, 462.2, 'Pago Pago_American Samoa_AMSA');
INSERT INTO country VALUES ('AUS', 'Australia', 7686850, 18260863, 405400, 'Canberra_Australia Capital Territory_AUS');
INSERT INTO country VALUES ('COOK', 'Cook Islands', 240, 11870, 183.2, 'Avarua_Cook Islands_COOK');
INSERT INTO country VALUES ('FJI', 'Fiji', 18270, 782381, 4700, 'Suva_Fiji_FJI');
INSERT INTO country VALUES ('FPOL', 'French Polynesia', 4167, 287032, 6100, 'Papeete_French Polynesia_FPOL');
INSERT INTO country VALUES ('GUAM', 'Guam', 541.3, 178430, 2500, 'Agana_Guam_GUAM');
INSERT INTO country VALUES ('KIR', 'Kiribati', 717, 80919, 68, 'Tarawa_Kiribati_KIR');
INSERT INTO country VALUES ('MH', 'Marshall Islands', 181.3, 58363, 94, 'Majuro_Marshall Islands_MH');
INSERT INTO country VALUES ('FSM', 'Micronesia', 702, 125377, 205, 'Palikir_Micronesia_FSM');
INSERT INTO country VALUES ('NAU', 'Nauru', 21, 10273, 100, 'Yaren_Nauru_NAU');
INSERT INTO country VALUES ('NCA', 'New Caledonia', 19060, 227436, 3158, 'Noumea_New Caledonia_NCA');
INSERT INTO country VALUES ('NZ', 'New Zealand', 268680, 3547983, 62300, 'Wellington_New Zealand_NZ');
INSERT INTO country VALUES ('NIUE', 'Niue', 260, 1398, 10.01, 'Alofi_Niue_NIUE');
INSERT INTO country VALUES ('NORF', 'Norfolk Island', 34.6, 2209, NULL, 'Kingston_Norfolk Island_NORF');
INSERT INTO country VALUES ('NMIS', 'Northern Mariana Islands', 477, 88662, 633.4, 'Saipan_Northern Mariana Islands_NMIS');
INSERT INTO country VALUES ('PAL', 'Palau', 458, 16952, 81.8, 'Melekeok_Palau_PAL');
INSERT INTO country VALUES ('PITC', 'Pitcairn Islands', 47, 48, NULL, 'Adamstown_Pitcairn Islands_PITC');
INSERT INTO country VALUES ('SLB', 'Solomon Islands', 28450, 412902, 1000, 'Honiara_Solomon Islands_SLB');
INSERT INTO country VALUES ('TO', 'Tonga', 748, 106466, 228, 'Nukualofa_Tonga_TO');
INSERT INTO country VALUES ('TUV', 'Tuvalu', 26, 10146, 7.8, 'Funafuti_Tuvalu_TUV');
INSERT INTO country VALUES ('VU', 'Vanuatu', 14760, 177504, 210, 'Port-Vila_Vanuatu_VU');
INSERT INTO country VALUES ('WAFU', 'Wallis and Futuna', 274, 15289, 60, 'Mata-Utu_Wallis and Futuna_WAFU');
INSERT INTO country VALUES ('WS', 'Samoa', 2860, 214384, 415, 'Apia_Samoa_WS');
INSERT INTO country VALUES ('RA', 'Argentina', 2766890, 34672997, 278500, 'Buenos Aires_Distrito Federal_RA');
INSERT INTO country VALUES ('BOL', 'Bolivia', 1098580, 7165257, 20000, 'La Paz_Bolivia_BOL');
INSERT INTO country VALUES ('BR', 'Brazil', 8511965, 162661214, 976800, 'Brasilia_Distrito Federal_BR');
INSERT INTO country VALUES ('RCH', 'Chile', 756950, 14333258, 113200, 'Santiago_Chile_RCH');
INSERT INTO country VALUES ('PY', 'Paraguay', 406750, 5504146, 17000, 'Asuncion_Paraguay_PY');
INSERT INTO country VALUES ('ROU', 'Uruguay', 176220, 3238952, 24400, 'Montevideo_Uruguay_ROU');
INSERT INTO country VALUES ('PE', 'Peru', 1285220, 24523408, 87000, 'Lima_Lima_PE');
INSERT INTO country VALUES ('FGU', 'French Guiana', 91000, 151187, 800, 'Cayenne_French Guiana_FGU');
INSERT INTO country VALUES ('GUY', 'Guyana', 214970, 712091, 1600, 'Georgetown_Guyana_GUY');
INSERT INTO country VALUES ('SME', 'Suriname', 163270, 436418, 1300, 'Paramaribo_Suriname_SME');
INSERT INTO country VALUES ('YV', 'Venezuela', 912050, 21983188, 195500, 'Caracas_Distrito Federal_YV');
INSERT INTO country VALUES ('EC', 'Ecuador', 283560, 11466291, 44600, 'Quito_Ecuador_EC');
INSERT INTO country VALUES ('FALK', 'Falkland Islands', 12173, 3140, 105.1, 'Stanley_Falkland Islands_FALK');
INSERT INTO country VALUES ('DZ', 'Algeria', 2381740, 29183032, 108700, 'Algier_Algeria_DZ');
INSERT INTO country VALUES ('LAR', 'Libya', 1759540, 5445436, 32900, 'Tripoli_Libya_LAR');
INSERT INTO country VALUES ('RMM', 'Mali', 1240000, 9653261, 5400, 'Bamako_Mali_RMM');
INSERT INTO country VALUES ('RIM', 'Mauritania', 1030700, 2336048, 2800, 'Nouakchott_Mauritania_RIM');
INSERT INTO country VALUES ('MA', 'Morocco', 446550, 29779156, 87400, 'Rabat_Morocco_MA');
INSERT INTO country VALUES ('RN', 'Niger', 1267000, 9113001, 5500, 'Niamey_Niger_RN');
INSERT INTO country VALUES ('TN', 'Tunisia', 163610, 9019687, 37100, 'Tunis_Tunisia_TN');
INSERT INTO country VALUES ('WSA', 'Western Sahara', 266000, 222631, NULL, 'El Aaiun_Western Sahara_WSA');
INSERT INTO country VALUES ('ANG', 'Angola', 1246700, 10342899, 7400, 'Luanda_Luanda_ANG');
INSERT INTO country VALUES ('RCB', 'Congo', 342000, 2527841, 7700, 'Brazzaville_Congo_RCB');
INSERT INTO country VALUES ('NAM', 'Namibia', 825418, 1677243, 5800, 'Windhoek_Namibia_NAM');
INSERT INTO country VALUES ('ZRE', 'Zaire', 2345410, 46498539, 16500, 'Kinshasa_Kinshasa_ZRE');
INSERT INTO country VALUES ('Z', 'Zambia', 752610, 9159072, 8900, 'Lusaka_Lusaka_Z');
INSERT INTO country VALUES ('BEN', 'Benin', 112620, 5709529, 7600, 'Porto-Novo_Benin_BEN');
INSERT INTO country VALUES ('BF', 'Burkina Faso', 274200, 10623323, 7400, 'Ouagadougou_Burkina Faso_BF');
INSERT INTO country VALUES ('WAN', 'Nigeria', 923770, 103912489, 135900, 'Abuja_Nigeria_WAN');
INSERT INTO country VALUES ('RT', 'Togo', 56790, 4570530, 4100, 'Lome_Togo_RT');
INSERT INTO country VALUES ('RB', 'Botswana', 600370, 1477630, 4500, 'Gaborone_Botswana_RB');
INSERT INTO country VALUES ('RSA', 'South Africa', 1219912, 41743459, 215000, 'Pretoria_Gauteng_RSA');
INSERT INTO country VALUES ('ZW', 'Zimbabwe', 390580, 11271314, 18100, 'Harare_Zimbabwe_ZW');
INSERT INTO country VALUES ('CI', 'Cote dIvoire', 322460, 14762445, 21900, 'Yamoussoukro_Cote dIvoire_CI');
INSERT INTO country VALUES ('GH', 'Ghana', 238540, 17698271, 25100, 'Accra_Ghana_GH');
INSERT INTO country VALUES ('BI', 'Burundi', 27830, 5943057, 4000, 'Bujumbura_Burundi_BI');
INSERT INTO country VALUES ('RWA', 'Rwanda', 26340, 6853359, 3800, 'Kigali_Rwanda_RWA');
INSERT INTO country VALUES ('EAT', 'Tanzania', 945090, 29058470, 23100, 'Dar es Salaam_Daressalam_EAT');
INSERT INTO country VALUES ('CAM', 'Cameroon', 475440, 14261557, 16500, 'Yaounde_Centre_CAM');
INSERT INTO country VALUES ('RCA', 'Central African Republic', 622980, 3274426, 2500, 'Bangui_Central African Republic_RCA');
INSERT INTO country VALUES ('TCH', 'Chad', 1284000, 6976845, 3300, 'NDjamena_Chad_TCH');
INSERT INTO country VALUES ('GQ', 'Equatorial Guinea', 28050, 431282, 325, 'Malabo_Equatorial Guinea_GQ');
INSERT INTO country VALUES ('G', 'Gabon', 267670, 1172798, 6000, 'Libreville_Gabon_G');
INSERT INTO country VALUES ('CV', 'Cape Verde', 4030, 449066, 440, 'Praia_Cape Verde_CV');
INSERT INTO country VALUES ('SUD', 'Sudan', 2505810, 31547543, 25000, 'Khartoum_al Khartum_SUD');
INSERT INTO country VALUES ('COM', 'Comoros', 2170, 569237, 370, 'Moroni_Comoros_COM');
INSERT INTO country VALUES ('RG', 'Guinea', 245860, 7411981, 6500, 'Conakry_Guinea_RG');
INSERT INTO country VALUES ('LB', 'Liberia', 111370, 2109789, 2300, 'Monrovia_Liberia_LB');
INSERT INTO country VALUES ('DJI', 'Djibouti', 22000, 427642, 500, 'Djibouti_Djibouti_DJI');
INSERT INTO country VALUES ('ER', 'Eritrea', 121320, 3427883, 2000, 'Asmara_Eritrea_ER');
INSERT INTO country VALUES ('ETH', 'Ethiopia', 1127127, 57171662, 24200, 'Addis Ababa_Ethiopia_ETH');
INSERT INTO country VALUES ('SP', 'Somalia', 637660, 9639151, 3600, 'Mogadishu_Somalia_SP');
INSERT INTO country VALUES ('EAK', 'Kenya', 582650, 28176686, 36800, 'Nairobi_Nairobi_EAK');
INSERT INTO country VALUES ('WAG', 'Gambia', 11300, 1204984, 1100, 'Banjul_Gambia_WAG');
INSERT INTO country VALUES ('SN', 'Senegal', 196190, 9092749, 14500, 'Dakar_Dakar_SN');
INSERT INTO country VALUES ('GNB', 'Guinea-Bissau', 36120, 1151330, 1000, 'Bissau_Guinea-Bissau_GNB');
INSERT INTO country VALUES ('WAL', 'Sierra Leone', 71740, 4793121, 4400, 'Freetown_Sierra Leone_WAL');
INSERT INTO country VALUES ('EAU', 'Uganda', 236040, 20158176, 16800, 'Kampala_Uganda_EAU');
INSERT INTO country VALUES ('LS', 'Lesotho', 30350, 1970781, 2800, 'Maseru_Lesotho_LS');
INSERT INTO country VALUES ('RM', 'Madagascar', 587041, 13670507, 11400, 'Antananarivo_Antananarivo_RM');
INSERT INTO country VALUES ('MW', 'Malawi', 118480, 9452844, 6900, 'Lilongwe_Malawi_MW');
INSERT INTO country VALUES ('MOC', 'Mozambique', 801590, 17877927, 12200, 'Maputo_Maputo (munic.)_MOC');
INSERT INTO country VALUES ('MS', 'Mauritius', 2040, 1140256, 10900, 'Port Louis_Mauritius_MS');
INSERT INTO country VALUES ('MAYO', 'Mayotte', 374, 223765, 953.6, 'Mamoutzou_Mayotte_MAYO');
INSERT INTO country VALUES ('SD', 'Swaziland', 17360, 998730, 3600, 'Mbabane_Swaziland_SD');
INSERT INTO country VALUES ('REUN', 'Reunion', 2510, 679198, 2900, 'Saint-Denis_Reunion_REUN');
INSERT INTO country VALUES ('HELX', 'Saint Helena', 413, 7637, 18, 'Jamestown_Saint Helena_HELX');
INSERT INTO country VALUES ('STP', 'Sao Tome and Principe', 1001, 144128, 138, 'Sao Tome_Sao Tome and Principe_STP');
INSERT INTO country VALUES ('SY', 'Seychelles', 455, 77575, 430, 'Victoria_Seychelles_SY');
INSERT INTO borders VALUES ('UA', 'RO', 531);
INSERT INTO borders VALUES ('RCH', 'PE', 160);
INSERT INTO borders VALUES ('SK', 'A', 91);
INSERT INTO borders VALUES ('PL', 'LT', 91);
INSERT INTO borders VALUES ('WAL', 'LB', 306);
INSERT INTO borders VALUES ('RMM', 'BF', 1000);
INSERT INTO borders VALUES ('LAR', 'TN', 459);
INSERT INTO borders VALUES ('SYR', 'TR', 822);
INSERT INTO borders VALUES ('RCA', 'CAM', 797);
INSERT INTO borders VALUES ('RB', 'ZW', 813);
INSERT INTO borders VALUES ('B', 'L', 148);
INSERT INTO borders VALUES ('B', 'F', 620);
INSERT INTO borders VALUES ('D', 'B', 167);
INSERT INTO borders VALUES ('SN', 'GNB', 338);
INSERT INTO borders VALUES ('SLO', 'I', 235);
INSERT INTO borders VALUES ('VN', 'K', 1228);
INSERT INTO borders VALUES ('BIH', 'SRB', 302);
INSERT INTO borders VALUES ('GCA', 'MEX', 962);
INSERT INTO borders VALUES ('RA', 'RCH', 5150);
INSERT INTO borders VALUES ('I', 'RSM', 39);
INSERT INTO borders VALUES ('BF', 'GH', 548);
INSERT INTO borders VALUES ('ER', 'ETH', 912);
INSERT INTO borders VALUES ('SF', 'S', 586);
INSERT INTO borders VALUES ('L', 'F', 73);
INSERT INTO borders VALUES ('NAM', 'RB', 1360);
INSERT INTO borders VALUES ('MOC', 'SD', 105);
INSERT INTO borders VALUES ('D', 'A', 784);
INSERT INTO borders VALUES ('A', 'SLO', 324);
INSERT INTO borders VALUES ('EAK', 'EAT', 769);
INSERT INTO borders VALUES ('ROU', 'BR', 985);
INSERT INTO borders VALUES ('PE', 'CO', 2900);
INSERT INTO borders VALUES ('LT', 'LV', 453);
INSERT INTO borders VALUES ('TJ', 'HONX', 30);
INSERT INTO borders VALUES ('AFG', 'UZB', 137);
INSERT INTO borders VALUES ('MYA', 'BD', 193);
INSERT INTO borders VALUES ('H', 'SRB', 151);
INSERT INTO borders VALUES ('LAO', 'THA', 1754);
INSERT INTO borders VALUES ('Z', 'ZW', 797);
INSERT INTO borders VALUES ('SYR', 'RL', 375);
INSERT INTO borders VALUES ('F', 'D', 451);
INSERT INTO borders VALUES ('K', 'LAO', 541);
INSERT INTO borders VALUES ('BR', 'GUY', 1119);
INSERT INTO borders VALUES ('IND', 'TJ', 3380);
INSERT INTO borders VALUES ('IR', 'AZ', 611);
INSERT INTO borders VALUES ('TN', 'LAR', 459);
INSERT INTO borders VALUES ('LB', 'WAL', 306);
INSERT INTO borders VALUES ('IRQ', 'KWT', 242);
INSERT INTO borders VALUES ('RMM', 'RN', 821);
INSERT INTO borders VALUES ('SA', 'OM', 676);
INSERT INTO borders VALUES ('BY', 'LV', 141);
INSERT INTO borders VALUES ('IR', 'TR', 499);
INSERT INTO borders VALUES ('MNE', 'AL', 172);
INSERT INTO borders VALUES ('RG', 'GNB', 386);
INSERT INTO borders VALUES ('RA', 'ROU', 579);
INSERT INTO borders VALUES ('RG', 'SN', 330);
INSERT INTO borders VALUES ('RMM', 'RIM', 2237);
INSERT INTO borders VALUES ('SD', 'RSA', 430);
INSERT INTO borders VALUES ('SYR', 'JOR', 375);
INSERT INTO borders VALUES ('SYR', 'IL', 76);
INSERT INTO borders VALUES ('ETH', 'DJI', 337);
INSERT INTO borders VALUES ('MEX', 'USA', 3326);
INSERT INTO borders VALUES ('ETH', 'ER', 912);
INSERT INTO borders VALUES ('GUY', 'BR', 1119);
INSERT INTO borders VALUES ('GQ', 'CAM', 189);
INSERT INTO borders VALUES ('TAD', 'TJ', 414);
INSERT INTO borders VALUES ('WAN', 'BEN', 773);
INSERT INTO borders VALUES ('HCA', 'ES', 342);
INSERT INTO borders VALUES ('OM', 'SA', 676);
INSERT INTO borders VALUES ('EAU', 'EAK', 933);
INSERT INTO borders VALUES ('RO', 'H', 443);
INSERT INTO borders VALUES ('THA', 'MAL', 506);
INSERT INTO borders VALUES ('CO', 'EC', 590);
INSERT INTO borders VALUES ('RWA', 'EAT', 217);
INSERT INTO borders VALUES ('GUY', 'YV', 743);
INSERT INTO borders VALUES ('EC', 'CO', 590);
INSERT INTO borders VALUES ('BEN', 'RT', 644);
INSERT INTO borders VALUES ('TJ', 'NEP', 1236);
INSERT INTO borders VALUES ('TM', 'UZB', 1621);
INSERT INTO borders VALUES ('SRB', 'H', 151);
INSERT INTO borders VALUES ('KGZ', 'KAZ', 1051);
INSERT INTO borders VALUES ('SUD', 'ZRE', 628);
INSERT INTO borders VALUES ('RCB', 'CAM', 523);
INSERT INTO borders VALUES ('RA', 'BR', 1224);
INSERT INTO borders VALUES ('BZ', 'GCA', 266);
INSERT INTO borders VALUES ('BD', 'MYA', 193);
INSERT INTO borders VALUES ('RN', 'BF', 628);
INSERT INTO borders VALUES ('RG', 'RMM', 858);
INSERT INTO borders VALUES ('MAL', 'RI', 1782);
INSERT INTO borders VALUES ('AZ', 'TR', 9);
INSERT INTO borders VALUES ('A', 'SK', 91);
INSERT INTO borders VALUES ('ANG', 'RCB', 201);
INSERT INTO borders VALUES ('BOL', 'PE', 900);
INSERT INTO borders VALUES ('ANG', 'ZRE', 2511);
INSERT INTO borders VALUES ('MW', 'MOC', 1569);
INSERT INTO borders VALUES ('MAL', 'BRU', 381);
INSERT INTO borders VALUES ('TJ', 'R', 3645);
INSERT INTO borders VALUES ('N', 'S', 1619);
INSERT INTO borders VALUES ('R', 'LV', 217);
INSERT INTO borders VALUES ('WAN', 'TCH', 87);
INSERT INTO borders VALUES ('CZ', 'PL', 658);
INSERT INTO borders VALUES ('MYA', 'TJ', 2185);
INSERT INTO borders VALUES ('EAT', 'MW', 475);
INSERT INTO borders VALUES ('BG', 'SRB', 318);
INSERT INTO borders VALUES ('D', 'DK', 68);
INSERT INTO borders VALUES ('TCH', 'RN', 1175);
INSERT INTO borders VALUES ('NEP', 'IND', 1690);
INSERT INTO borders VALUES ('TR', 'BG', 240);
INSERT INTO borders VALUES ('CH', 'I', 740);
INSERT INTO borders VALUES ('RL', 'SYR', 375);
INSERT INTO borders VALUES ('KGZ', 'TAD', 870);
INSERT INTO borders VALUES ('RO', 'BG', 608);
INSERT INTO borders VALUES ('AZ', 'IR', 611);
INSERT INTO borders VALUES ('BEN', 'WAN', 773);
INSERT INTO borders VALUES ('NL', 'B', 450);
INSERT INTO borders VALUES ('AFG', 'TJ', 76);
INSERT INTO borders VALUES ('CZ', 'D', 646);
INSERT INTO borders VALUES ('GB', 'IRL', 360);
INSERT INTO borders VALUES ('WSA', 'DZ', 42);
INSERT INTO borders VALUES ('GR', 'TR', 206);
INSERT INTO borders VALUES ('D', 'CH', 334);
INSERT INTO borders VALUES ('R', 'PL', 206);
INSERT INTO borders VALUES ('NAM', 'Z', 233);
INSERT INTO borders VALUES ('LAO', 'MYA', 235);
INSERT INTO borders VALUES ('BI', 'EAT', 451);
INSERT INTO borders VALUES ('SRB', 'BIH', 302);
INSERT INTO borders VALUES ('WEST', 'JOR', 97);
INSERT INTO borders VALUES ('A', 'CZ', 362);
INSERT INTO borders VALUES ('SUD', 'ER', 605);
INSERT INTO borders VALUES ('GH', 'BF', 548);
INSERT INTO borders VALUES ('FL', 'CH', 41);
INSERT INTO borders VALUES ('UZB', 'KGZ', 1099);
INSERT INTO borders VALUES ('BOL', 'RA', 832);
INSERT INTO borders VALUES ('IND', 'BHT', 605);
INSERT INTO borders VALUES ('ZRE', 'RCA', 1577);
INSERT INTO borders VALUES ('F', 'L', 73);
INSERT INTO borders VALUES ('AL', 'GR', 282);
INSERT INTO borders VALUES ('TR', 'GE', 252);
INSERT INTO borders VALUES ('WAN', 'RN', 1497);
INSERT INTO borders VALUES ('ROU', 'RA', 579);
INSERT INTO borders VALUES ('EW', 'LV', 267);
INSERT INTO borders VALUES ('SP', 'ETH', 1626);
INSERT INTO borders VALUES ('LV', 'BY', 141);
INSERT INTO borders VALUES ('SN', 'RG', 330);
INSERT INTO borders VALUES ('RIM', 'WSA', 1561);
INSERT INTO borders VALUES ('TJ', 'KAZ', 1533);
INSERT INTO borders VALUES ('TJ', 'IND', 3380);
INSERT INTO borders VALUES ('ZRE', 'SUD', 628);
INSERT INTO borders VALUES ('EAU', 'ZRE', 765);
INSERT INTO borders VALUES ('Z', 'NAM', 233);
INSERT INTO borders VALUES ('RWA', 'EAU', 169);
INSERT INTO borders VALUES ('ER', 'DJI', 113);
INSERT INTO borders VALUES ('ZRE', 'ANG', 2511);
INSERT INTO borders VALUES ('TR', 'GR', 206);
INSERT INTO borders VALUES ('RO', 'SRB', 476);
INSERT INTO borders VALUES ('IL', 'SYR', 76);
INSERT INTO borders VALUES ('DK', 'D', 68);
INSERT INTO borders VALUES ('R', 'AZ', 284);
INSERT INTO borders VALUES ('MNG', 'R', 3441);
INSERT INTO borders VALUES ('SUD', 'LAR', 383);
INSERT INTO borders VALUES ('PA', 'CR', 330);
INSERT INTO borders VALUES ('SUD', 'EAU', 435);
INSERT INTO borders VALUES ('TM', 'AFG', 744);
INSERT INTO borders VALUES ('H', 'UA', 103);
INSERT INTO borders VALUES ('GR', 'BG', 494);
INSERT INTO borders VALUES ('UA', 'MD', 939);
INSERT INTO borders VALUES ('MC', 'F', 4.4);
INSERT INTO borders VALUES ('RCB', 'RCA', 467);
INSERT INTO borders VALUES ('RSA', 'MOC', 491);
INSERT INTO borders VALUES ('NOK', 'TJ', 1416);
INSERT INTO borders VALUES ('RCB', 'G', 1903);
INSERT INTO borders VALUES ('JOR', 'WEST', 97);
INSERT INTO borders VALUES ('GCA', 'ES', 203);
INSERT INTO borders VALUES ('PY', 'BR', 1290);
INSERT INTO borders VALUES ('JOR', 'SYR', 375);
INSERT INTO borders VALUES ('BI', 'RWA', 290);
INSERT INTO borders VALUES ('Z', 'MW', 837);
INSERT INTO borders VALUES ('IR', 'PK', 909);
INSERT INTO borders VALUES ('TL', 'RI', 228);
INSERT INTO borders VALUES ('A', 'D', 784);
INSERT INTO borders VALUES ('SLO', 'H', 102);
INSERT INTO borders VALUES ('SUD', 'ETH', 1606);
INSERT INTO borders VALUES ('YV', 'GUY', 743);
INSERT INTO borders VALUES ('IR', 'TM', 992);
INSERT INTO borders VALUES ('G', 'RCB', 1903);
INSERT INTO borders VALUES ('CO', 'PA', 225);
INSERT INTO borders VALUES ('R', 'NOK', 19);
INSERT INTO borders VALUES ('LAR', 'SUD', 383);
INSERT INTO borders VALUES ('IND', 'BD', 4053);
INSERT INTO borders VALUES ('RCA', 'TCH', 1197);
INSERT INTO borders VALUES ('KWT', 'SA', 222);
INSERT INTO borders VALUES ('BY', 'UA', 891);
INSERT INTO borders VALUES ('MOC', 'EAT', 756);
INSERT INTO borders VALUES ('MOC', 'MW', 1569);
INSERT INTO borders VALUES ('EAT', 'EAK', 769);
INSERT INTO borders VALUES ('AZ', 'GE', 322);
INSERT INTO borders VALUES ('SA', 'UAE', 457);
INSERT INTO borders VALUES ('RG', 'LB', 563);
INSERT INTO borders VALUES ('LAR', 'TCH', 1055);
INSERT INTO borders VALUES ('BI', 'ZRE', 233);
INSERT INTO borders VALUES ('THA', 'LAO', 1754);
INSERT INTO borders VALUES ('RCB', 'ANG', 201);
INSERT INTO borders VALUES ('RN', 'TCH', 1175);
INSERT INTO borders VALUES ('BG', 'MK', 148);
INSERT INTO borders VALUES ('SUD', 'TCH', 1360);
INSERT INTO borders VALUES ('BF', 'CI', 584);
INSERT INTO borders VALUES ('CZ', 'SK', 215);
INSERT INTO borders VALUES ('I', 'V', 3.2);
INSERT INTO borders VALUES ('CAM', 'TCH', 1094);
INSERT INTO borders VALUES ('SRB', 'BG', 318);
INSERT INTO borders VALUES ('ET', 'IL', 255);
INSERT INTO borders VALUES ('MW', 'Z', 837);
INSERT INTO borders VALUES ('IL', 'ET', 255);
INSERT INTO borders VALUES ('BR', 'CO', 1643);
INSERT INTO borders VALUES ('TJ', 'MNG', 4673);
INSERT INTO borders VALUES ('IND', 'NEP', 1690);
INSERT INTO borders VALUES ('GUY', 'SME', 600);
INSERT INTO borders VALUES ('DOM', 'RH', 275);
INSERT INTO borders VALUES ('SN', 'RIM', 813);
INSERT INTO borders VALUES ('TJ', 'MACX', 0.34);
INSERT INTO borders VALUES ('RMM', 'CI', 532);
INSERT INTO borders VALUES ('SD', 'MOC', 105);
INSERT INTO borders VALUES ('RI', 'PNG', 820);
INSERT INTO borders VALUES ('R', 'MNG', 3441);
INSERT INTO borders VALUES ('SLO', 'A', 324);
INSERT INTO borders VALUES ('GH', 'CI', 668);
INSERT INTO borders VALUES ('ZW', 'MOC', 1231);
INSERT INTO borders VALUES ('RL', 'IL', 79);
INSERT INTO borders VALUES ('NAM', 'RSA', 855);
INSERT INTO borders VALUES ('GBZ', 'E', 1.2);
INSERT INTO borders VALUES ('HR', 'SLO', 546);
INSERT INTO borders VALUES ('USA', 'CDN', 8893);
INSERT INTO borders VALUES ('SUD', 'ET', 1273);
INSERT INTO borders VALUES ('TAD', 'AFG', 1206);
INSERT INTO borders VALUES ('H', 'RO', 443);
INSERT INTO borders VALUES ('MK', 'BG', 148);
INSERT INTO borders VALUES ('THA', 'K', 803);
INSERT INTO borders VALUES ('PL', 'SK', 444);
INSERT INTO borders VALUES ('NOK', 'ROK', 238);
INSERT INTO borders VALUES ('LAO', 'TJ', 423);
INSERT INTO borders VALUES ('IRQ', 'SA', 814);
INSERT INTO borders VALUES ('EAT', 'EAU', 396);
INSERT INTO borders VALUES ('SRB', 'MNE', 124);
INSERT INTO borders VALUES ('RT', 'GH', 877);
INSERT INTO borders VALUES ('TJ', 'LAO', 423);
INSERT INTO borders VALUES ('SRB', 'HR', 241);
INSERT INTO borders VALUES ('SRB', 'KOS', 352);
INSERT INTO borders VALUES ('D', 'L', 138);
INSERT INTO borders VALUES ('BG', 'GR', 494);
INSERT INTO borders VALUES ('ET', 'SUD', 1273);
INSERT INTO borders VALUES ('ZW', 'RSA', 225);
INSERT INTO borders VALUES ('MK', 'KOS', 159);
INSERT INTO borders VALUES ('RG', 'WAL', 652);
INSERT INTO borders VALUES ('VN', 'TJ', 1281);
INSERT INTO borders VALUES ('ZRE', 'BI', 233);
INSERT INTO borders VALUES ('LS', 'RSA', 909);
INSERT INTO borders VALUES ('F', 'CH', 573);
INSERT INTO borders VALUES ('RCA', 'ZRE', 1577);
INSERT INTO borders VALUES ('DZ', 'TN', 965);
INSERT INTO borders VALUES ('LT', 'PL', 91);
INSERT INTO borders VALUES ('SUD', 'EAK', 232);
INSERT INTO borders VALUES ('NOK', 'R', 19);
INSERT INTO borders VALUES ('CI', 'BF', 584);
INSERT INTO borders VALUES ('AL', 'MNE', 172);
INSERT INTO borders VALUES ('VN', 'LAO', 2130);
INSERT INTO borders VALUES ('CAM', 'WAN', 1690);
INSERT INTO borders VALUES ('MOC', 'ZW', 1231);
INSERT INTO borders VALUES ('UAE', 'SA', 457);
INSERT INTO borders VALUES ('SN', 'WAG', 740);
INSERT INTO borders VALUES ('GNB', 'SN', 338);
INSERT INTO borders VALUES ('MYA', 'IND', 1463);
INSERT INTO borders VALUES ('RB', 'RSA', 1840);
INSERT INTO borders VALUES ('DJI', 'ER', 113);
INSERT INTO borders VALUES ('BG', 'TR', 240);
INSERT INTO borders VALUES ('TJ', 'TAD', 414);
INSERT INTO borders VALUES ('KWT', 'IRQ', 242);
INSERT INTO borders VALUES ('AFG', 'TAD', 1206);
INSERT INTO borders VALUES ('USA', 'MEX', 3326);
INSERT INTO borders VALUES ('WAN', 'CAM', 1690);
INSERT INTO borders VALUES ('SME', 'BR', 597);
INSERT INTO borders VALUES ('LAR', 'RN', 354);
INSERT INTO borders VALUES ('WSA', 'MA', 443);
INSERT INTO borders VALUES ('CI', 'RG', 610);
INSERT INTO borders VALUES ('ET', 'LAR', 1150);
INSERT INTO borders VALUES ('SK', 'CZ', 215);
INSERT INTO borders VALUES ('WSA', 'RIM', 1561);
INSERT INTO borders VALUES ('CI', 'RMM', 532);
INSERT INTO borders VALUES ('IR', 'AFG', 936);
INSERT INTO borders VALUES ('BR', 'ROU', 985);
INSERT INTO borders VALUES ('MAL', 'THA', 506);
INSERT INTO borders VALUES ('RIM', 'DZ', 463);
INSERT INTO borders VALUES ('ETH', 'SUD', 1606);
INSERT INTO borders VALUES ('LAR', 'ET', 1150);
INSERT INTO borders VALUES ('PY', 'RA', 1880);
INSERT INTO borders VALUES ('TM', 'KAZ', 379);
INSERT INTO borders VALUES ('SA', 'Q', 60);
INSERT INTO borders VALUES ('D', 'NL', 577);
INSERT INTO borders VALUES ('RCH', 'BOL', 861);
INSERT INTO borders VALUES ('ETH', 'EAK', 830);
INSERT INTO borders VALUES ('D', 'CZ', 646);
INSERT INTO borders VALUES ('PE', 'BR', 1560);
INSERT INTO borders VALUES ('R', 'LT', 227);
INSERT INTO borders VALUES ('PK', 'IR', 909);
INSERT INTO borders VALUES ('R', 'SF', 1313);
INSERT INTO borders VALUES ('RO', 'UA', 531);
INSERT INTO borders VALUES ('TR', 'IR', 499);
INSERT INTO borders VALUES ('CAM', 'RCB', 523);
INSERT INTO borders VALUES ('NL', 'D', 577);
INSERT INTO borders VALUES ('H', 'SK', 515);
INSERT INTO borders VALUES ('IL', 'RL', 79);
INSERT INTO borders VALUES ('EAU', 'RWA', 169);
INSERT INTO borders VALUES ('ETH', 'SP', 1626);
INSERT INTO borders VALUES ('F', 'B', 620);
INSERT INTO borders VALUES ('TR', 'AZ', 9);
INSERT INTO borders VALUES ('Z', 'EAT', 338);
INSERT INTO borders VALUES ('DZ', 'LAR', 982);
INSERT INTO borders VALUES ('ER', 'SUD', 605);
INSERT INTO borders VALUES ('CO', 'YV', 2050);
INSERT INTO borders VALUES ('PE', 'RCH', 160);
INSERT INTO borders VALUES ('N', 'SF', 729);
INSERT INTO borders VALUES ('BR', 'BOL', 3400);
INSERT INTO borders VALUES ('SA', 'KWT', 222);
INSERT INTO borders VALUES ('BR', 'RA', 1224);
INSERT INTO borders VALUES ('UA', 'R', 1576);
INSERT INTO borders VALUES ('BY', 'LT', 502);
INSERT INTO borders VALUES ('ARM', 'TR', 268);
INSERT INTO borders VALUES ('FGU', 'BR', 673);
INSERT INTO borders VALUES ('UA', 'PL', 428);
INSERT INTO borders VALUES ('IRQ', 'JOR', 181);
INSERT INTO borders VALUES ('ANG', 'Z', 1110);
INSERT INTO borders VALUES ('EAT', 'BI', 451);
INSERT INTO borders VALUES ('ARM', 'AZ', 787);
INSERT INTO borders VALUES ('K', 'VN', 1228);
INSERT INTO borders VALUES ('IND', 'MYA', 1463);
INSERT INTO borders VALUES ('A', 'I', 430);
INSERT INTO borders VALUES ('IR', 'IRQ', 1458);
INSERT INTO borders VALUES ('RIM', 'RMM', 2237);
INSERT INTO borders VALUES ('GAZA', 'ET', 11);
INSERT INTO borders VALUES ('AFG', 'IR', 936);
INSERT INTO borders VALUES ('EAK', 'SP', 682);
INSERT INTO borders VALUES ('D', 'PL', 456);
INSERT INTO borders VALUES ('TR', 'IRQ', 331);
INSERT INTO borders VALUES ('PE', 'BOL', 900);
INSERT INTO borders VALUES ('BF', 'RN', 628);
INSERT INTO borders VALUES ('KOS', 'AL', 112);
INSERT INTO borders VALUES ('MEX', 'BZ', 250);
INSERT INTO borders VALUES ('IRQ', 'IR', 1458);
INSERT INTO borders VALUES ('GR', 'AL', 282);
INSERT INTO borders VALUES ('RCA', 'RCB', 467);
INSERT INTO borders VALUES ('B', 'D', 167);
INSERT INTO borders VALUES ('PK', 'TJ', 523);
INSERT INTO borders VALUES ('Z', 'ZRE', 1930);
INSERT INTO borders VALUES ('A', 'FL', 37);
INSERT INTO borders VALUES ('RT', 'BEN', 644);
INSERT INTO borders VALUES ('RWA', 'ZRE', 217);
INSERT INTO borders VALUES ('V', 'I', 3.2);
INSERT INTO borders VALUES ('E', 'GBZ', 1.2);
INSERT INTO borders VALUES ('ET', 'GAZA', 11);
INSERT INTO borders VALUES ('PL', 'R', 206);
INSERT INTO borders VALUES ('ES', 'GCA', 203);
INSERT INTO borders VALUES ('RN', 'BEN', 266);
INSERT INTO borders VALUES ('WAL', 'RG', 652);
INSERT INTO borders VALUES ('RWA', 'BI', 290);
INSERT INTO borders VALUES ('LT', 'BY', 502);
INSERT INTO borders VALUES ('F', 'MC', 4.4);
INSERT INTO borders VALUES ('IL', 'JOR', 238);
INSERT INTO borders VALUES ('TJ', 'BHT', 470);
INSERT INTO borders VALUES ('HCA', 'GCA', 256);
INSERT INTO borders VALUES ('BIH', 'HR', 932);
INSERT INTO borders VALUES ('TN', 'DZ', 965);
INSERT INTO borders VALUES ('ZRE', 'RCB', 2410);
INSERT INTO borders VALUES ('SRB', 'RO', 476);
INSERT INTO borders VALUES ('TJ', 'PK', 523);
INSERT INTO borders VALUES ('KAZ', 'TM', 379);
INSERT INTO borders VALUES ('TJ', 'KGZ', 858);
INSERT INTO borders VALUES ('MK', 'SRB', 62);
INSERT INTO borders VALUES ('BZ', 'MEX', 250);
INSERT INTO borders VALUES ('SK', 'PL', 444);
INSERT INTO borders VALUES ('HCA', 'NIC', 922);
INSERT INTO borders VALUES ('L', 'D', 138);
INSERT INTO borders VALUES ('R', 'UA', 1576);
INSERT INTO borders VALUES ('SA', 'YE', 1458);
INSERT INTO borders VALUES ('GCA', 'HCA', 256);
INSERT INTO borders VALUES ('BF', 'RMM', 1000);
INSERT INTO borders VALUES ('YV', 'BR', 2200);
INSERT INTO borders VALUES ('I', 'SLO', 235);
INSERT INTO borders VALUES ('DJI', 'SP', 58);
INSERT INTO borders VALUES ('NIC', 'HCA', 922);
INSERT INTO borders VALUES ('TJ', 'NOK', 1416);
INSERT INTO borders VALUES ('ARM', 'GE', 164);
INSERT INTO borders VALUES ('DZ', 'RN', 956);
INSERT INTO borders VALUES ('MA', 'DZ', 1559);
INSERT INTO borders VALUES ('EAK', 'EAU', 933);
INSERT INTO borders VALUES ('EC', 'PE', 1420);
INSERT INTO borders VALUES ('WAG', 'SN', 740);
INSERT INTO borders VALUES ('S', 'SF', 586);
INSERT INTO borders VALUES ('WEST', 'IL', 307);
INSERT INTO borders VALUES ('KOS', 'SRB', 352);
INSERT INTO borders VALUES ('SUD', 'RCA', 1165);
INSERT INTO borders VALUES ('YE', 'OM', 288);
INSERT INTO borders VALUES ('G', 'CAM', 298);
INSERT INTO borders VALUES ('AND', 'F', 60);
INSERT INTO borders VALUES ('KGZ', 'TJ', 858);
INSERT INTO borders VALUES ('MOC', 'RSA', 491);
INSERT INTO borders VALUES ('DZ', 'MA', 1559);
INSERT INTO borders VALUES ('CZ', 'A', 362);
INSERT INTO borders VALUES ('SME', 'GUY', 600);
INSERT INTO borders VALUES ('RH', 'DOM', 275);
INSERT INTO borders VALUES ('MOC', 'Z', 419);
INSERT INTO borders VALUES ('E', 'AND', 65);
INSERT INTO borders VALUES ('MD', 'RO', 450);
INSERT INTO borders VALUES ('YV', 'CO', 2050);
INSERT INTO borders VALUES ('AFG', 'TM', 744);
INSERT INTO borders VALUES ('BY', 'PL', 605);
INSERT INTO borders VALUES ('NA', 'SMAR', 15);
INSERT INTO borders VALUES ('MYA', 'THA', 1800);
INSERT INTO borders VALUES ('EAK', 'SUD', 232);
INSERT INTO borders VALUES ('BR', 'PY', 1290);
INSERT INTO borders VALUES ('EAT', 'ZRE', 459);
INSERT INTO borders VALUES ('S', 'N', 1619);
INSERT INTO borders VALUES ('ZRE', 'EAT', 459);
INSERT INTO borders VALUES ('ROK', 'NOK', 238);
INSERT INTO borders VALUES ('CH', 'A', 164);
INSERT INTO borders VALUES ('BEN', 'BF', 306);
INSERT INTO borders VALUES ('ZW', 'RB', 813);
INSERT INTO borders VALUES ('KAZ', 'R', 6846);
INSERT INTO borders VALUES ('RSA', 'NAM', 855);
INSERT INTO borders VALUES ('BF', 'BEN', 306);
INSERT INTO borders VALUES ('PNG', 'RI', 820);
INSERT INTO borders VALUES ('LAR', 'DZ', 982);
INSERT INTO borders VALUES ('TM', 'IR', 992);
INSERT INTO borders VALUES ('CH', 'F', 573);
INSERT INTO borders VALUES ('F', 'E', 623);
INSERT INTO borders VALUES ('PL', 'D', 456);
INSERT INTO borders VALUES ('G', 'GQ', 350);
INSERT INTO borders VALUES ('NEP', 'TJ', 1236);
INSERT INTO borders VALUES ('UZB', 'KAZ', 2203);
INSERT INTO borders VALUES ('H', 'A', 366);
INSERT INTO borders VALUES ('ARM', 'IR', 35);
INSERT INTO borders VALUES ('JOR', 'IL', 238);
INSERT INTO borders VALUES ('LT', 'R', 227);
INSERT INTO borders VALUES ('CO', 'BR', 1643);
INSERT INTO borders VALUES ('RCB', 'ZRE', 2410);
INSERT INTO borders VALUES ('JOR', 'SA', 728);
INSERT INTO borders VALUES ('CH', 'FL', 41);
INSERT INTO borders VALUES ('EAU', 'SUD', 435);
INSERT INTO borders VALUES ('Z', 'ANG', 1110);
INSERT INTO borders VALUES ('PL', 'CZ', 658);
INSERT INTO borders VALUES ('SP', 'DJI', 58);
INSERT INTO borders VALUES ('N', 'R', 167);
INSERT INTO borders VALUES ('PY', 'BOL', 750);
INSERT INTO borders VALUES ('UA', 'SK', 90);
INSERT INTO borders VALUES ('UZB', 'AFG', 137);
INSERT INTO borders VALUES ('A', 'CH', 164);
INSERT INTO borders VALUES ('TJ', 'VN', 1281);
INSERT INTO borders VALUES ('TJ', 'AFG', 76);
INSERT INTO borders VALUES ('BOL', 'BR', 3400);
INSERT INTO borders VALUES ('SF', 'R', 1313);
INSERT INTO borders VALUES ('ZRE', 'RWA', 217);
INSERT INTO borders VALUES ('LV', 'EW', 267);
INSERT INTO borders VALUES ('SLO', 'HR', 546);
INSERT INTO borders VALUES ('HONX', 'TJ', 30);
INSERT INTO borders VALUES ('KOS', 'BIH', 225);
INSERT INTO borders VALUES ('TCH', 'WAN', 87);
INSERT INTO borders VALUES ('SA', 'IRQ', 814);
INSERT INTO borders VALUES ('RMM', 'RG', 858);
INSERT INTO borders VALUES ('TCH', 'RCA', 1197);
INSERT INTO borders VALUES ('R', 'EW', 290);
INSERT INTO borders VALUES ('BR', 'YV', 2200);
INSERT INTO borders VALUES ('RCH', 'RA', 5150);
INSERT INTO borders VALUES ('BF', 'RT', 126);
INSERT INTO borders VALUES ('OM', 'YE', 288);
INSERT INTO borders VALUES ('SN', 'RMM', 419);
INSERT INTO borders VALUES ('B', 'NL', 450);
INSERT INTO borders VALUES ('GE', 'ARM', 164);
INSERT INTO borders VALUES ('RA', 'PY', 1880);
INSERT INTO borders VALUES ('RN', 'DZ', 956);
INSERT INTO borders VALUES ('R', 'BY', 959);
INSERT INTO borders VALUES ('MNE', 'HR', 25);
INSERT INTO borders VALUES ('EAT', 'Z', 338);
INSERT INTO borders VALUES ('SF', 'N', 729);
INSERT INTO borders VALUES ('LAO', 'VN', 2130);
INSERT INTO borders VALUES ('THA', 'MYA', 1800);
INSERT INTO borders VALUES ('DJI', 'ETH', 337);
INSERT INTO borders VALUES ('NIC', 'CR', 309);
INSERT INTO borders VALUES ('BY', 'R', 959);
INSERT INTO borders VALUES ('I', 'A', 430);
INSERT INTO borders VALUES ('L', 'B', 148);
INSERT INTO borders VALUES ('HR', 'BIH', 932);
INSERT INTO borders VALUES ('R', 'N', 167);
INSERT INTO borders VALUES ('TAD', 'UZB', 1161);
INSERT INTO borders VALUES ('SP', 'EAK', 682);
INSERT INTO borders VALUES ('HR', 'SRB', 241);
INSERT INTO borders VALUES ('LAO', 'K', 541);
INSERT INTO borders VALUES ('KOS', 'MK', 159);
INSERT INTO borders VALUES ('ZRE', 'EAU', 765);
INSERT INTO borders VALUES ('CI', 'LB', 716);
INSERT INTO borders VALUES ('Q', 'SA', 60);
INSERT INTO borders VALUES ('YE', 'SA', 1458);
INSERT INTO borders VALUES ('MNE', 'SRB', 124);
INSERT INTO borders VALUES ('EAT', 'MOC', 756);
INSERT INTO borders VALUES ('AND', 'E', 65);
INSERT INTO borders VALUES ('HR', 'MNE', 25);
INSERT INTO borders VALUES ('BIH', 'KOS', 225);
INSERT INTO borders VALUES ('BOL', 'RCH', 861);
INSERT INTO borders VALUES ('GNB', 'RG', 386);
INSERT INTO borders VALUES ('SMAR', 'NA', 15);
INSERT INTO borders VALUES ('R', 'KAZ', 6846);
INSERT INTO borders VALUES ('OM', 'UAE', 410);
INSERT INTO borders VALUES ('GE', 'AZ', 322);
INSERT INTO borders VALUES ('RN', 'LAR', 354);
INSERT INTO borders VALUES ('RA', 'BOL', 832);
INSERT INTO borders VALUES ('KAZ', 'UZB', 2203);
INSERT INTO borders VALUES ('E', 'P', 1214);
INSERT INTO borders VALUES ('MW', 'EAT', 475);
INSERT INTO borders VALUES ('RN', 'WAN', 1497);
INSERT INTO borders VALUES ('TAD', 'KGZ', 870);
INSERT INTO borders VALUES ('IL', 'WEST', 307);
INSERT INTO borders VALUES ('AFG', 'PK', 2430);
INSERT INTO borders VALUES ('ZRE', 'Z', 1930);
INSERT INTO borders VALUES ('BR', 'SME', 597);
INSERT INTO borders VALUES ('SYR', 'IRQ', 605);
INSERT INTO borders VALUES ('MK', 'AL', 151);
INSERT INTO borders VALUES ('TR', 'ARM', 268);
INSERT INTO borders VALUES ('ZW', 'Z', 797);
INSERT INTO borders VALUES ('RSA', 'RB', 1840);
INSERT INTO borders VALUES ('RSM', 'I', 39);
INSERT INTO borders VALUES ('ES', 'HCA', 342);
INSERT INTO borders VALUES ('AZ', 'R', 284);
INSERT INTO borders VALUES ('FGU', 'SME', 510);
INSERT INTO borders VALUES ('SRB', 'MK', 62);
INSERT INTO borders VALUES ('MA', 'WSA', 443);
INSERT INTO borders VALUES ('BHT', 'TJ', 470);
INSERT INTO borders VALUES ('RIM', 'SN', 813);
INSERT INTO borders VALUES ('CO', 'PE', 2900);
INSERT INTO borders VALUES ('BD', 'IND', 4053);
INSERT INTO borders VALUES ('SME', 'FGU', 510);
INSERT INTO borders VALUES ('R', 'TJ', 3645);
INSERT INTO borders VALUES ('LB', 'CI', 716);
INSERT INTO borders VALUES ('IL', 'GAZA', 51);
INSERT INTO borders VALUES ('CR', 'PA', 330);
INSERT INTO borders VALUES ('LB', 'RG', 563);
INSERT INTO borders VALUES ('GCA', 'BZ', 266);
INSERT INTO borders VALUES ('RMM', 'DZ', 1376);
INSERT INTO borders VALUES ('PA', 'CO', 225);
INSERT INTO borders VALUES ('UZB', 'TM', 1621);
INSERT INTO borders VALUES ('MK', 'GR', 228);
INSERT INTO borders VALUES ('K', 'THA', 803);
INSERT INTO borders VALUES ('TCH', 'SUD', 1360);
INSERT INTO borders VALUES ('UAE', 'OM', 410);
INSERT INTO borders VALUES ('UA', 'BY', 891);
INSERT INTO borders VALUES ('LV', 'R', 217);
INSERT INTO borders VALUES ('UZB', 'TAD', 1161);
INSERT INTO borders VALUES ('GAZA', 'IL', 51);
INSERT INTO borders VALUES ('GE', 'TR', 252);
INSERT INTO borders VALUES ('CR', 'NIC', 309);
INSERT INTO borders VALUES ('CDN', 'USA', 8893);
INSERT INTO borders VALUES ('IR', 'ARM', 35);
INSERT INTO borders VALUES ('KAZ', 'TJ', 1533);
INSERT INTO borders VALUES ('BOL', 'PY', 750);
INSERT INTO borders VALUES ('R', 'GE', 723);
INSERT INTO borders VALUES ('CH', 'D', 334);
INSERT INTO borders VALUES ('FL', 'A', 37);
INSERT INTO borders VALUES ('RSA', 'SD', 430);
INSERT INTO borders VALUES ('GR', 'MK', 228);
INSERT INTO borders VALUES ('I', 'F', 488);
INSERT INTO borders VALUES ('UA', 'H', 103);
INSERT INTO borders VALUES ('DZ', 'WSA', 42);
INSERT INTO borders VALUES ('GE', 'R', 723);
INSERT INTO borders VALUES ('BR', 'FGU', 673);
INSERT INTO borders VALUES ('RN', 'RMM', 821);
INSERT INTO borders VALUES ('E', 'F', 623);
INSERT INTO borders VALUES ('Z', 'MOC', 419);
INSERT INTO borders VALUES ('SK', 'H', 515);
INSERT INTO borders VALUES ('AL', 'MK', 151);
INSERT INTO borders VALUES ('P', 'E', 1214);
INSERT INTO borders VALUES ('RI', 'TL', 228);
INSERT INTO borders VALUES ('IND', 'PK', 2912);
INSERT INTO borders VALUES ('RMM', 'SN', 419);
INSERT INTO borders VALUES ('BR', 'PE', 1560);
INSERT INTO borders VALUES ('NAM', 'ANG', 1376);
INSERT INTO borders VALUES ('AZ', 'ARM', 787);
INSERT INTO borders VALUES ('EAU', 'EAT', 396);
INSERT INTO borders VALUES ('RT', 'BF', 126);
INSERT INTO borders VALUES ('H', 'SLO', 102);
INSERT INTO borders VALUES ('KOS', 'MNE', 79);
INSERT INTO borders VALUES ('EAT', 'RWA', 217);
INSERT INTO borders VALUES ('DZ', 'RMM', 1376);
INSERT INTO borders VALUES ('KGZ', 'UZB', 1099);
INSERT INTO borders VALUES ('TCH', 'LAR', 1055);
INSERT INTO borders VALUES ('LV', 'LT', 453);
INSERT INTO borders VALUES ('PK', 'IND', 2912);
INSERT INTO borders VALUES ('MNG', 'TJ', 4673);
INSERT INTO borders VALUES ('EW', 'R', 290);
INSERT INTO borders VALUES ('KAZ', 'KGZ', 1051);
INSERT INTO borders VALUES ('F', 'AND', 60);
INSERT INTO borders VALUES ('RB', 'NAM', 1360);
INSERT INTO borders VALUES ('PL', 'UA', 428);
INSERT INTO borders VALUES ('IRQ', 'SYR', 605);
INSERT INTO borders VALUES ('RCA', 'SUD', 1165);
INSERT INTO borders VALUES ('MACX', 'TJ', 0.34);
INSERT INTO borders VALUES ('RG', 'CI', 610);
INSERT INTO borders VALUES ('CI', 'GH', 668);
INSERT INTO borders VALUES ('PE', 'EC', 1420);
INSERT INTO borders VALUES ('MD', 'UA', 939);
INSERT INTO borders VALUES ('MEX', 'GCA', 962);
INSERT INTO borders VALUES ('CAM', 'GQ', 189);
INSERT INTO borders VALUES ('F', 'I', 488);
INSERT INTO borders VALUES ('RSA', 'ZW', 225);
INSERT INTO borders VALUES ('BHT', 'IND', 605);
INSERT INTO borders VALUES ('SA', 'JOR', 728);
INSERT INTO borders VALUES ('TJ', 'MYA', 2185);
INSERT INTO borders VALUES ('TCH', 'CAM', 1094);
INSERT INTO borders VALUES ('JOR', 'IRQ', 181);
INSERT INTO borders VALUES ('IRQ', 'TR', 331);
INSERT INTO borders VALUES ('A', 'H', 366);
INSERT INTO borders VALUES ('BG', 'RO', 608);
INSERT INTO borders VALUES ('BEN', 'RN', 266);
INSERT INTO borders VALUES ('PL', 'BY', 605);
INSERT INTO borders VALUES ('D', 'F', 451);
INSERT INTO borders VALUES ('PK', 'AFG', 2430);
INSERT INTO borders VALUES ('GH', 'RT', 877);
INSERT INTO borders VALUES ('AL', 'KOS', 112);
INSERT INTO borders VALUES ('CAM', 'RCA', 797);
INSERT INTO borders VALUES ('RSA', 'LS', 909);
INSERT INTO borders VALUES ('BRU', 'MAL', 381);
INSERT INTO borders VALUES ('H', 'HR', 329);
INSERT INTO borders VALUES ('GQ', 'G', 350);
INSERT INTO borders VALUES ('MYA', 'LAO', 235);
INSERT INTO borders VALUES ('DZ', 'RIM', 463);
INSERT INTO borders VALUES ('HR', 'H', 329);
INSERT INTO borders VALUES ('RI', 'MAL', 1782);
INSERT INTO borders VALUES ('CAM', 'G', 298);
INSERT INTO borders VALUES ('RO', 'MD', 450);
INSERT INTO borders VALUES ('SK', 'UA', 90);
INSERT INTO borders VALUES ('I', 'CH', 740);
INSERT INTO borders VALUES ('IRL', 'GB', 360);
INSERT INTO borders VALUES ('EAK', 'ETH', 830);
INSERT INTO borders VALUES ('MNE', 'KOS', 79);
INSERT INTO borders VALUES ('ANG', 'NAM', 1376);
INSERT INTO borders VALUES ('TR', 'SYR', 822);
INSERT INTO city VALUES ('Tirane_Albania_AL', 192000, 41.3, 19.8, 'AL');
INSERT INTO city VALUES ('Shkoder_Albania_AL', 62000, 42.2, 19.2, 'AL');
INSERT INTO city VALUES ('Durres_Albania_AL', 60000, 41.3, 19.3, 'AL');
INSERT INTO city VALUES ('Vlore_Albania_AL', 56000, 40.3, 19.3, 'AL');
INSERT INTO city VALUES ('Elbasan_Albania_AL', 53000, 41.1, 20.1, 'AL');
INSERT INTO city VALUES ('Korce_Albania_AL', 52000, 40.4, 20.5, 'AL');
INSERT INTO city VALUES ('Komotini_Anatoliki Makedhonia kai Thraki_GR', NULL, NULL, NULL, 'GR');
INSERT INTO city VALUES ('Kavalla_Anatoliki Makedhonia kai Thraki_GR', 56705, NULL, NULL, 'GR');
INSERT INTO city VALUES ('Athens_Attiki_GR', 885737, 37.9667, 23.7167, 'GR');
INSERT INTO city VALUES ('Piraeus_Attiki_GR', 196389, NULL, NULL, 'GR');
INSERT INTO city VALUES ('Patrai_Dhytiki Ellas_GR', 142163, NULL, NULL, 'GR');
INSERT INTO city VALUES ('Kozani_Dhytiki Makedhonia_GR', NULL, NULL, NULL, 'GR');
INSERT INTO city VALUES ('Korfu_Ionioi Nisoi_GR', NULL, NULL, NULL, 'GR');
INSERT INTO city VALUES ('Ioannina_Ipiros_GR', NULL, NULL, NULL, 'GR');
INSERT INTO city VALUES ('Thessaloniki_Kedriki Makedhonia_GR', 406413, 40.6167, 22.95, 'GR');
INSERT INTO city VALUES ('Iraklion_Kriti_GR', 102398, NULL, NULL, 'GR');
INSERT INTO city VALUES ('Ermoupoli_Notion Aiyaion_GR', NULL, NULL, NULL, 'GR');
INSERT INTO city VALUES ('Tripoli_Peloponnisos_GR', NULL, NULL, NULL, 'GR');
INSERT INTO city VALUES ('Lamia_Sterea Ellas_GR', NULL, NULL, NULL, 'GR');
INSERT INTO city VALUES ('Larisa_Thessalia_GR', 102426, NULL, NULL, 'GR');
INSERT INTO city VALUES ('Volos_Thessalia_GR', 71378, NULL, NULL, 'GR');
INSERT INTO city VALUES ('Mytilini_Voreion Aiyaion_GR', NULL, NULL, NULL, 'GR');
INSERT INTO city VALUES ('Skopje_Macedonia_MK', 506926, 42, 21.4, 'MK');
INSERT INTO city VALUES ('Belgrade_Serbia_SRB', 1407073, 44.8, 20.4667, 'SRB');
INSERT INTO city VALUES ('Podgorica_Montenegro_MNE', 169132, 42.26, 19.16, 'MNE');
INSERT INTO city VALUES ('Pristina_Kosovo_KOS', NULL, 42.40, 21.10, 'KOS');
INSERT INTO city VALUES ('Andorra la Vella_Andorra_AND', 15600, 42.3, 1.3, 'AND');
INSERT INTO city VALUES ('Strasbourg_Alsace_F', 252338, 48.5833, 7.76667, 'F');
INSERT INTO city VALUES ('Mulhouse_Alsace_F', 108357, NULL, NULL, 'F');
INSERT INTO city VALUES ('Bordeaux_Aquitaine_F', 210336, 44.51, -0.4, 'F');
INSERT INTO city VALUES ('Clermont Ferrand_Auvergne_F', 136181, 45.5, 3.4, 'F');
INSERT INTO city VALUES ('Caen_Basse Normandie_F', 112846, 49.3, -0.2, 'F');
INSERT INTO city VALUES ('Rennes_Bretagne_F', 197536, 48.1, -1.4, 'F');
INSERT INTO city VALUES ('Brest_Bretagne_F', 147956, NULL, NULL, 'F');
INSERT INTO city VALUES ('Dijon_Bourgogne_F', 146703, 47.2, 5.2, 'F');
INSERT INTO city VALUES ('Orleans_Centre_F', 105111, 47.5, 1.5, 'F');
INSERT INTO city VALUES ('Tours_Centre_F', 129509, NULL, NULL, 'F');
INSERT INTO city VALUES ('Reims_Champagne Ardenne_F', 180620, 49.1, 4.5, 'F');
INSERT INTO city VALUES ('Chalons en Champagne_Champagne Ardenne_F', NULL, 49.0, 4.4, 'F');
INSERT INTO city VALUES ('Ajaccio_Corse_F', 53500, 41.4, 8.4, 'F');
INSERT INTO city VALUES ('Besancon_Franche Comte_F', 113828, 47.1, 6.2, 'F');
INSERT INTO city VALUES ('Rouen_Haute Normandie_F', 102723, 49.3, 1.5, 'F');
INSERT INTO city VALUES ('Le Havre_Haute Normandie_F', 195854, NULL, NULL, 'F');
INSERT INTO city VALUES ('Paris_Ile de France_F', 2152423, 48.8167, 2.48333, 'F');
INSERT INTO city VALUES ('Boulogne Billancourt_Ile de France_F', 101743, NULL, NULL, 'F');
INSERT INTO city VALUES ('Montpellier_Languedoc Roussillon_F', 207996, 43.3, 3.5, 'F');
INSERT INTO city VALUES ('Nimes_Languedoc Roussillon_F', 128471, NULL, NULL, 'F');
INSERT INTO city VALUES ('Perpignan_Languedoc Roussillon_F', 105983, NULL, NULL, 'F');
INSERT INTO city VALUES ('Limoges_Limousin_F', 133464, 45.5, 1.2, 'F');
INSERT INTO city VALUES ('Metz_Lorraine_F', 119594, 49.1, 6.2, 'F');
INSERT INTO city VALUES ('Nancy_Lorraine_F', 99351, 48.4, 6.1, 'F');
INSERT INTO city VALUES ('Toulouse_Midi Pyrenees_F', 358688, 43.4, 1.2, 'F');
INSERT INTO city VALUES ('Lille_Nord Pas de Calais_F', 172142, 50.37, 3.3, 'F');
INSERT INTO city VALUES ('Nantes_Pays de la Loire_F', 244995, 47.25, -1.56667, 'F');
INSERT INTO city VALUES ('Angers_Pays de la Loire_F', 141404, NULL, NULL, 'F');
INSERT INTO city VALUES ('Le Mans_Pays de la Loire_F', 145502, NULL, NULL, 'F');
INSERT INTO city VALUES ('Amiens_Picardie_F', 131872, 49.55, 2.19, 'F');
INSERT INTO city VALUES ('Poitiers_Poitou Charentes_F', 79300, 46.4, 0.2, 'F');
INSERT INTO city VALUES ('Marseille_Provence Cote dAzur_F', 800550, 43.2, 5.2, 'F');
INSERT INTO city VALUES ('Nice_Provence Cote dAzur_F', 342439, 43.7, 7.26667, 'F');
INSERT INTO city VALUES ('Toulon_Provence Cote dAzur_F', 167619, NULL, NULL, 'F');
INSERT INTO city VALUES ('Aix en Provence_Provence Cote dAzur_F', 123842, NULL, NULL, 'F');
INSERT INTO city VALUES ('Lyon_Rhone Alpes_F', 415487, 45.7, 4.78333, 'F');
INSERT INTO city VALUES ('Grenoble_Rhone Alpes_F', 150758, NULL, NULL, 'F');
INSERT INTO city VALUES ('Saint Etienne_Rhone Alpes_F', 199396, NULL, NULL, 'F');
INSERT INTO city VALUES ('Villeurbanne_Rhone Alpes_F', 116872, NULL, NULL, 'F');
INSERT INTO city VALUES ('Sevilla_Andalusia_E', 714148, NULL, NULL, 'E');
INSERT INTO city VALUES ('Almeria_Andalusia_E', 167361, NULL, NULL, 'E');
INSERT INTO city VALUES ('Cadiz_Andalusia_E', 155438, 36.3, -6.2, 'E');
INSERT INTO city VALUES ('Cordoba_Andalusia_E', 315948, NULL, NULL, 'E');
INSERT INTO city VALUES ('Granada_Andalusia_E', 271180, NULL, NULL, 'E');
INSERT INTO city VALUES ('Huelva_Andalusia_E', 145049, NULL, NULL, 'E');
INSERT INTO city VALUES ('Malaga_Andalusia_E', 531443, NULL, NULL, 'E');
INSERT INTO city VALUES ('Jerez de la Frontera_Andalusia_E', 190390, NULL, NULL, 'E');
INSERT INTO city VALUES ('Jaen_Andalusia_E', 112772, NULL, NULL, 'E');
INSERT INTO city VALUES ('Algeciras_Andalusia_E', 103787, NULL, NULL, 'E');
INSERT INTO city VALUES ('Zaragoza_Aragon_E', 606620, NULL, NULL, 'E');
INSERT INTO city VALUES ('Oviedo_Asturias_E', 201712, NULL, NULL, 'E');
INSERT INTO city VALUES ('Gijon_Asturias_E', 269644, NULL, NULL, 'E');
INSERT INTO city VALUES ('Palma de Mallorca_Balearic Islands_E', 322008, NULL, NULL, 'E');
INSERT INTO city VALUES ('Vitoria Gasteiz_Basque Country_E', 214148, NULL, NULL, 'E');
INSERT INTO city VALUES ('Bilbao_Basque Country_E', 371876, NULL, NULL, 'E');
INSERT INTO city VALUES ('Baracaldo_Basque Country_E', 103594, NULL, NULL, 'E');
INSERT INTO city VALUES ('Donostia_Basque Country_E', 177929, NULL, NULL, 'E');
INSERT INTO city VALUES ('Santa Cruz de Tenerife_Canary Islands_E', 203929, NULL, NULL, 'E');
INSERT INTO city VALUES ('Las Palmas de Gran Canaria_Canary Islands_E', 371787, NULL, NULL, 'E');
INSERT INTO city VALUES ('La Laguna_Canary Islands_E', 125183, NULL, NULL, 'E');
INSERT INTO city VALUES ('Santander_Cantabria_E', 194822, NULL, NULL, 'E');
INSERT INTO city VALUES ('Valladolid_Castile and Leon_E', 336917, NULL, NULL, 'E');
INSERT INTO city VALUES ('Burgos_Castile and Leon_E', 166251, NULL, NULL, 'E');
INSERT INTO city VALUES ('Leon_Castile and Leon_E', 147311, NULL, NULL, 'E');
INSERT INTO city VALUES ('Salamanca_Castile and Leon_E', 167382, NULL, NULL, 'E');
INSERT INTO city VALUES ('Toledo_Castile La Mancha_E', NULL, NULL, NULL, 'E');
INSERT INTO city VALUES ('Albacete_Castile La Mancha_E', 141179, NULL, NULL, 'E');
INSERT INTO city VALUES ('Barcelona_Catalonia_E', 1630867, 41.4, 2.15, 'E');
INSERT INTO city VALUES ('Lleida_Catalonia_E', 114234, NULL, NULL, 'E');
INSERT INTO city VALUES ('Tarragona_Catalonia_E', 114630, NULL, NULL, 'E');
INSERT INTO city VALUES ('Hospitalet de Llobregat_Catalonia_E', 266242, NULL, NULL, 'E');
INSERT INTO city VALUES ('Badalona_Catalonia_E', 219340, NULL, NULL, 'E');
INSERT INTO city VALUES ('Sabadell_Catalonia_E', 189006, NULL, NULL, 'E');
INSERT INTO city VALUES ('Terrassa_Catalonia_E', 161428, NULL, NULL, 'E');
INSERT INTO city VALUES ('Santa Coloma de Gramanet_Catalonia_E', 131764, NULL, NULL, 'E');
INSERT INTO city VALUES ('Mataro_Catalonia_E', 102117, NULL, NULL, 'E');
INSERT INTO city VALUES ('Badajoz_Estremadura_E', 130153, NULL, NULL, 'E');
INSERT INTO city VALUES ('Merida_Estremadura_E', NULL, NULL, NULL, 'E');
INSERT INTO city VALUES ('La Coruna_Galicia_E', 255087, NULL, NULL, 'E');
INSERT INTO city VALUES ('Vigo_Galicia_E', 288573, NULL, NULL, 'E');
INSERT INTO city VALUES ('Orense_Galicia_E', 108547, NULL, NULL, 'E');
INSERT INTO city VALUES ('Santiago de Compostella_Galicia_E', NULL, NULL, NULL, 'E');
INSERT INTO city VALUES ('Madrid_Madrid_E', 3041101, 40.4167, -3.68333, 'E');
INSERT INTO city VALUES ('Mostoles_Madrid_E', 199141, NULL, NULL, 'E');
INSERT INTO city VALUES ('Leganes_Madrid_E', 178162, NULL, NULL, 'E');
INSERT INTO city VALUES ('Alcala de Henares_Madrid_E', 166250, NULL, NULL, 'E');
INSERT INTO city VALUES ('Fuenlabrada_Madrid_E', 158212, NULL, NULL, 'E');
INSERT INTO city VALUES ('Getafe_Madrid_E', 144368, NULL, NULL, 'E');
INSERT INTO city VALUES ('Alcorcon_Madrid_E', 142165, NULL, NULL, 'E');
INSERT INTO city VALUES ('Murcia_Murcia_E', 341531, NULL, NULL, 'E');
INSERT INTO city VALUES ('Cartagena_Murcia_E', 179659, NULL, NULL, 'E');
INSERT INTO city VALUES ('Pamplona_Navarre_E', 182465, NULL, NULL, 'E');
INSERT INTO city VALUES ('Logrono_Rioja_E', 124823, NULL, NULL, 'E');
INSERT INTO city VALUES ('Valencia_Valencia_E', 764293, 39.4667, -0.383333, 'E');
INSERT INTO city VALUES ('Alicante_Valencia_E', 274964, NULL, NULL, 'E');
INSERT INTO city VALUES ('Elx_Valencia_E', 191305, NULL, NULL, 'E');
INSERT INTO city VALUES ('Castellon de la Plana_Valencia_E', 139094, NULL, NULL, 'E');
INSERT INTO city VALUES ('Eisenstadt_Burgenland_A', 10102, 48, 16, 'A');
INSERT INTO city VALUES ('Klagenfurt_Karnten_A', 87321, 46.38, 14.21, 'A');
INSERT INTO city VALUES ('Bregenz_Vorarlberg_A', NULL, 47.3, 9.45, 'A');
INSERT INTO city VALUES ('Vienna_Vienna-Wien_A', 1583000, 48.2, 16.3667, 'A');
INSERT INTO city VALUES ('Linz_Oberosterreich_A', 203000, 48.18, 14.18, 'A');
INSERT INTO city VALUES ('Innsbruck_Tirol_A', 118000, 47.17, 11.22, 'A');
INSERT INTO city VALUES ('Graz_Steiermark_A', 238000, 47.4, 15.26, 'A');
INSERT INTO city VALUES ('Salzburg_Salzburg_A', 144000, 47.49, 13.2, 'A');
INSERT INTO city VALUES ('St. Polten_Niederosterreich_A', 51102, 48.13, 15.38, 'A');
INSERT INTO city VALUES ('Ceske Budejovice_Jihocesky_CZ', 174000, NULL, NULL, 'CZ');
INSERT INTO city VALUES ('Brno_Jihomoravsky_CZ', 393000, NULL, NULL, 'CZ');
INSERT INTO city VALUES ('Zlin_Jihomoravsky_CZ', 198000, NULL, NULL, 'CZ');
INSERT INTO city VALUES ('Liberec_Severocesky_CZ', 160000, NULL, NULL, 'CZ');
INSERT INTO city VALUES ('Usti nad Labem_Severocesky_CZ', NULL, NULL, NULL, 'CZ');
INSERT INTO city VALUES ('Ostrava_Severomoravsky_CZ', 332000, NULL, NULL, 'CZ');
INSERT INTO city VALUES ('Olomouc_Severomoravsky_CZ', 225000, NULL, NULL, 'CZ');
INSERT INTO city VALUES ('Prague_Praha_CZ', 1215000, 50.0833, 14.4167, 'CZ');
INSERT INTO city VALUES ('Hradec Kralove_Vychodocesky_CZ', 164000, NULL, NULL, 'CZ');
INSERT INTO city VALUES ('Pardubice_Vychodocesky_CZ', 163000, NULL, NULL, 'CZ');
INSERT INTO city VALUES ('Plzen_Zapadocesky_CZ', 175000, NULL, NULL, 'CZ');
INSERT INTO city VALUES ('Stuttgart_Baden Wurttemberg_D', 588482, 48.7, 9.1, 'D');
INSERT INTO city VALUES ('Mannheim_Baden Wurttemberg_D', 316223, 49.5667, 8.46667, 'D');
INSERT INTO city VALUES ('Karlsruhe_Baden Wurttemberg_D', 277011, NULL, NULL, 'D');
INSERT INTO city VALUES ('Freiburg im Breisgau_Baden Wurttemberg_D', 198496, NULL, NULL, 'D');
INSERT INTO city VALUES ('Heidelberg_Baden Wurttemberg_D', 138964, NULL, NULL, 'D');
INSERT INTO city VALUES ('Heilbronn_Baden Wurttemberg_D', 122253, NULL, NULL, 'D');
INSERT INTO city VALUES ('Pforzheim_Baden Wurttemberg_D', 117960, NULL, NULL, 'D');
INSERT INTO city VALUES ('Ulm_Baden Wurttemberg_D', 115123, NULL, NULL, 'D');
INSERT INTO city VALUES ('Reutlingen_Baden Wurttemberg_D', 107782, NULL, NULL, 'D');
INSERT INTO city VALUES ('Munich_Bayern_D', 1290079, 48.15, 11.5667, 'D');
INSERT INTO city VALUES ('Nurnberg_Bayern_D', 495845, NULL, NULL, 'D');
INSERT INTO city VALUES ('Augsburg_Bayern_D', 262110, NULL, NULL, 'D');
INSERT INTO city VALUES ('Wurzburg_Bayern_D', 127946, NULL, NULL, 'D');
INSERT INTO city VALUES ('Regensburg_Bayern_D', 125608, NULL, NULL, 'D');
INSERT INTO city VALUES ('Ingolstadt_Bayern_D', 110910, NULL, NULL, 'D');
INSERT INTO city VALUES ('Furth_Bayern_D', 107799, NULL, NULL, 'D');
INSERT INTO city VALUES ('Erlangen_Bayern_D', 101450, NULL, NULL, 'D');
INSERT INTO city VALUES ('Berlin_Berlin_D', 3472009, 52.45, 13.3, 'D');
INSERT INTO city VALUES ('Potsdam_Brandenburg_D', 138268, 52.4, 13.1, 'D');
INSERT INTO city VALUES ('Cottbus_Brandenburg_D', 125643, NULL, NULL, 'D');
INSERT INTO city VALUES ('Bremen_Bremen_D', 549182, 53.7, 8.5, 'D');
INSERT INTO city VALUES ('Bremerhaven_Bremen_D', 130847, NULL, NULL, 'D');
INSERT INTO city VALUES ('Hamburg_Hamburg_D', 1705872, 53.55, 9.96667, 'D');
INSERT INTO city VALUES ('Wiesbaden_Hessen_D', 266081, 50.07, 8.17, 'D');
INSERT INTO city VALUES ('Frankfurt am Main_Hessen_D', 652412, NULL, NULL, 'D');
INSERT INTO city VALUES ('Kassel_Hessen_D', 201789, NULL, NULL, 'D');
INSERT INTO city VALUES ('Darmstadt_Hessen_D', 139063, NULL, NULL, 'D');
INSERT INTO city VALUES ('Offenbach am Main_Hessen_D', 116482, NULL, NULL, 'D');
INSERT INTO city VALUES ('Schwerin_Mecklenburg Vorpommern_D', 118291, 53.9, 11.5, 'D');
INSERT INTO city VALUES ('Rostock_Mecklenburg Vorpommern_D', 232634, 54.1, 12.1, 'D');
INSERT INTO city VALUES ('Hannover_Niedersachsen_D', 525763, 52.4, 9.66667, 'D');
INSERT INTO city VALUES ('Braunschweig_Niedersachsen_D', 254130, NULL, NULL, 'D');
INSERT INTO city VALUES ('Osnabruck_Niedersachsen_D', 168050, NULL, NULL, 'D');
INSERT INTO city VALUES ('Oldenburg_Niedersachsen_D', 149691, NULL, NULL, 'D');
INSERT INTO city VALUES ('Gottingen_Niedersachsen_D', 127519, NULL, NULL, 'D');
INSERT INTO city VALUES ('Wolfsburg_Niedersachsen_D', 126965, NULL, NULL, 'D');
INSERT INTO city VALUES ('Salzgitter_Niedersachsen_D', 117842, NULL, NULL, 'D');
INSERT INTO city VALUES ('Hildesheim_Niedersachsen_D', 106095, NULL, NULL, 'D');
INSERT INTO city VALUES ('Dusseldorf_Nordrhein Westfalen_D', 572638, 51.2, 6.8, 'D');
INSERT INTO city VALUES ('Koln_Nordrhein Westfalen_D', 963817, NULL, NULL, 'D');
INSERT INTO city VALUES ('Essen_Nordrhein Westfalen_D', 617955, NULL, NULL, 'D');
INSERT INTO city VALUES ('Dortmund_Nordrhein Westfalen_D', 600918, NULL, NULL, 'D');
INSERT INTO city VALUES ('Duisburg_Nordrhein Westfalen_D', 536106, NULL, NULL, 'D');
INSERT INTO city VALUES ('Bochum_Nordrhein Westfalen_D', 401129, NULL, NULL, 'D');
INSERT INTO city VALUES ('Wuppertal_Nordrhein Westfalen_D', 383776, NULL, NULL, 'D');
INSERT INTO city VALUES ('Bielefeld_Nordrhein Westfalen_D', 324067, NULL, NULL, 'D');
INSERT INTO city VALUES ('Gelsenkirchen_Nordrhein Westfalen_D', 293542, NULL, NULL, 'D');
INSERT INTO city VALUES ('Bonn_Nordrhein Westfalen_D', 293072, 50.4, 7.5, 'D');
INSERT INTO city VALUES ('Monchengladbach_Nordrhein Westfalen_D', 266073, NULL, NULL, 'D');
INSERT INTO city VALUES ('Munster_Nordrhein Westfalen_D', 264887, NULL, NULL, 'D');
INSERT INTO city VALUES ('Krefeld_Nordrhein Westfalen_D', 249662, NULL, NULL, 'D');
INSERT INTO city VALUES ('Aachen_Nordrhein Westfalen_D', 247113, NULL, NULL, 'D');
INSERT INTO city VALUES ('Oberhausen_Nordrhein Westfalen_D', 225443, NULL, NULL, 'D');
INSERT INTO city VALUES ('Hagen_Nordrhein Westfalen_D', 213747, NULL, NULL, 'D');
INSERT INTO city VALUES ('Hamm_Nordrhein Westfalen_D', 184020, NULL, NULL, 'D');
INSERT INTO city VALUES ('Herne_Nordrhein Westfalen_D', 180029, NULL, NULL, 'D');
INSERT INTO city VALUES ('Mulheim an der Ruhr_Nordrhein Westfalen_D', 176513, NULL, NULL, 'D');
INSERT INTO city VALUES ('Solingen_Nordrhein Westfalen_D', 165973, NULL, NULL, 'D');
INSERT INTO city VALUES ('Leverkusen_Nordrhein Westfalen_D', 161832, NULL, NULL, 'D');
INSERT INTO city VALUES ('Neuss_Nordrhein Westfalen_D', 148870, NULL, NULL, 'D');
INSERT INTO city VALUES ('Paderborn_Nordrhein Westfalen_D', 131513, NULL, NULL, 'D');
INSERT INTO city VALUES ('Recklinghausen_Nordrhein Westfalen_D', 127139, NULL, NULL, 'D');
INSERT INTO city VALUES ('Remscheid_Nordrhein Westfalen_D', 123069, NULL, NULL, 'D');
INSERT INTO city VALUES ('Bottrop_Nordrhein Westfalen_D', 119669, NULL, NULL, 'D');
INSERT INTO city VALUES ('Siegen_Nordrhein Westfalen_D', 111541, NULL, NULL, 'D');
INSERT INTO city VALUES ('Moers_Nordrhein Westfalen_D', 107011, NULL, NULL, 'D');
INSERT INTO city VALUES ('Witten_Nordrhein Westfalen_D', 105423, NULL, NULL, 'D');
INSERT INTO city VALUES ('Bergisch Gladbach_Nordrhein Westfalen_D', 105122, NULL, NULL, 'D');
INSERT INTO city VALUES ('Mainz_Rheinland Pfalz_D', 184627, 50, 8.1, 'D');
INSERT INTO city VALUES ('Ludwigshafen_Rheinland Pfalz_D', 167883, NULL, NULL, 'D');
INSERT INTO city VALUES ('Koblenz_Rheinland Pfalz_D', 109550, NULL, NULL, 'D');
INSERT INTO city VALUES ('Kaiserslautern_Rheinland Pfalz_D', 101910, NULL, NULL, 'D');
INSERT INTO city VALUES ('Saarbrucken_Saarland_D', 183945, 49.1, 6.6, 'D');
INSERT INTO city VALUES ('Dresden_Sachsen_D', 474443, 51.05, 13.7, 'D');
INSERT INTO city VALUES ('Leipzig_Sachsen_D', 481121, NULL, NULL, 'D');
INSERT INTO city VALUES ('Chemnitz_Sachsen_D', 274162, NULL, NULL, 'D');
INSERT INTO city VALUES ('Zwickau_Sachsen_D', 104921, NULL, NULL, 'D');
INSERT INTO city VALUES ('Magdeburg_Sachsen Anhalt_D', 265379, 52.1, 11.6, 'D');
INSERT INTO city VALUES ('Halle_Sachsen Anhalt_D', 290051, NULL, NULL, 'D');
INSERT INTO city VALUES ('Kiel_Schleswig Holstein_D', 246586, 54.2, 10.7, 'D');
INSERT INTO city VALUES ('Lubeck_Schleswig Holstein_D', 216854, NULL, NULL, 'D');
INSERT INTO city VALUES ('Erfurt_Thuringen_D', 213472, 51.0, 11.0, 'D');
INSERT INTO city VALUES ('Gera_Thuringen_D', 126035, NULL, NULL, 'D');
INSERT INTO city VALUES ('Jena_Thuringen_D', 102204, NULL, NULL, 'D');
INSERT INTO city VALUES ('Kecskemet_Bacs Kiskun_H', 105000, NULL, NULL, 'H');
INSERT INTO city VALUES ('Bekescaba_Bekes_H', NULL, NULL, NULL, 'H');
INSERT INTO city VALUES ('Hodmezovasarhely_Csongrad_H', NULL, NULL, NULL, 'H');
INSERT INTO city VALUES ('Szekesfehervar_Fejer_H', 109000, NULL, NULL, 'H');
INSERT INTO city VALUES ('Eger_Heves_H', NULL, NULL, NULL, 'H');
INSERT INTO city VALUES ('Tatabanya_Komarom Esztergom_H', NULL, NULL, NULL, 'H');
INSERT INTO city VALUES ('Salgotarjan_Nograd_H', NULL, NULL, NULL, 'H');
INSERT INTO city VALUES ('Kaposvar_Somogy_H', NULL, NULL, NULL, 'H');
INSERT INTO city VALUES ('Nyiregyhaza_Szabolcs Szatmar_H', 115000, NULL, NULL, 'H');
INSERT INTO city VALUES ('Szolnok_Szolnok_H', NULL, NULL, NULL, 'H');
INSERT INTO city VALUES ('Szekszard_Tolna_H', NULL, NULL, NULL, 'H');
INSERT INTO city VALUES ('Szombathely_Vas_H', NULL, NULL, NULL, 'H');
INSERT INTO city VALUES ('Veszprem_Veszprem_H', NULL, NULL, NULL, 'H');
INSERT INTO city VALUES ('Zalaegerszeg_Zala_H', NULL, NULL, NULL, 'H');
INSERT INTO city VALUES ('Budapest_Budapest (munic.)_H', 2016000, 47.5167, 19.0333, 'H');
INSERT INTO city VALUES ('Debrecen_Debrecen (munic.)_H', 216000, NULL, NULL, 'H');
INSERT INTO city VALUES ('Gyor_Gyor (munic.)_H', 130000, NULL, NULL, 'H');
INSERT INTO city VALUES ('Miskolc_Miskolc (munic.)_H', 192000, NULL, NULL, 'H');
INSERT INTO city VALUES ('Pecs_Pecs (munic.)_H', 171000, NULL, NULL, 'H');
INSERT INTO city VALUES ('Szeged_Szeged (munic.)_H', 178000, NULL, NULL, 'H');
INSERT INTO city VALUES ('Novara_Piemonte_I', 103349, NULL, NULL, 'I');
INSERT INTO city VALUES ('Turin_Piemonte_I', 991870, 45.5, 7.39, 'I');
INSERT INTO city VALUES ('Aosta_Valle dAosta_I', NULL, 45.45, 7.22, 'I');
INSERT INTO city VALUES ('Bergamo_Lombardia_I', 117886, NULL, NULL, 'I');
INSERT INTO city VALUES ('Brescia_Lombardia_I', 196766, NULL, NULL, 'I');
INSERT INTO city VALUES ('Milan_Lombardia_I', 1432184, 45.45, 9.28333, 'I');
INSERT INTO city VALUES ('Monza_Lombardia_I', 123188, NULL, NULL, 'I');
INSERT INTO city VALUES ('Bolzano_Trentino Alto Adige_I', 100380, 46, 11.5, 'I');
INSERT INTO city VALUES ('Trento_Trentino Alto Adige_I', 102124, 46, 11.5, 'I');
INSERT INTO city VALUES ('Padova_Veneto_I', 218186, NULL, NULL, 'I');
INSERT INTO city VALUES ('Verona_Veneto_I', 258946, NULL, NULL, 'I');
INSERT INTO city VALUES ('Vicenza_Veneto_I', 109333, NULL, NULL, 'I');
INSERT INTO city VALUES ('Venice_Veneto_I', 317837, 45.27, 12.2, 'I');
INSERT INTO city VALUES ('Trieste_Friuli Venezia Giulia_I', 231047, 45.39, 13.45, 'I');
INSERT INTO city VALUES ('La Spezia_Liguria_I', 103008, NULL, NULL, 'I');
INSERT INTO city VALUES ('Genua_Liguria_I', 701032, 44.25, 8.58, 'I');
INSERT INTO city VALUES ('Bologna_Emilia Romagna_I', 411803, 44.3, 11.22, 'I');
INSERT INTO city VALUES ('Ferrara_Emilia Romagna_I', 140600, NULL, NULL, 'I');
INSERT INTO city VALUES ('Forli_Emilia Romagna_I', 109755, NULL, NULL, 'I');
INSERT INTO city VALUES ('Modena_Emilia Romagna_I', 177501, NULL, NULL, 'I');
INSERT INTO city VALUES ('Parma_Emilia Romagna_I', 173991, NULL, NULL, 'I');
INSERT INTO city VALUES ('Piacenza_Emilia Romagna_I', 103536, NULL, NULL, 'I');
INSERT INTO city VALUES ('Ravenna_Emilia Romagna_I', 136724, NULL, NULL, 'I');
INSERT INTO city VALUES ('Reggio nellEmilia_Emilia Romagna_I', 131880, NULL, NULL, 'I');
INSERT INTO city VALUES ('Rimini_Emilia Romagna_I', 130896, NULL, NULL, 'I');
INSERT INTO city VALUES ('Livorno_Toscana_I', 171265, NULL, NULL, 'I');
INSERT INTO city VALUES ('Pisa_Toscana_I', 101500, NULL, NULL, 'I');
INSERT INTO city VALUES ('Firenze_Toscana_I', 408403, 43.48, 11.17, 'I');
INSERT INTO city VALUES ('Prato_Toscana_I', 166688, NULL, NULL, 'I');
INSERT INTO city VALUES ('Perugia_Umbria_I', 150576, 43.1, 12.2, 'I');
INSERT INTO city VALUES ('Terni_Umbria_I', 109809, NULL, NULL, 'I');
INSERT INTO city VALUES ('Ancona_Marche_I', 103268, 43.38, 13.28, 'I');
INSERT INTO city VALUES ('Rome_Lazio_I', 2791354, 41.8, 12.6, 'I');
INSERT INTO city VALUES ('Latina_Lazio_I', 103630, NULL, NULL, 'I');
INSERT INTO city VALUES ('Pescara_Abruzzo_I', 128553, NULL, NULL, 'I');
INSERT INTO city VALUES ('LAquila_Abruzzo_I', NULL, 42.24, 13.2, 'I');
INSERT INTO city VALUES ('Campobasso_Molise_I', NULL, 41.5, 14.5, 'I');
INSERT INTO city VALUES ('Salerno_Campania_I', 151374, NULL, NULL, 'I');
INSERT INTO city VALUES ('Napoli_Campania_I', 1206013, 40.5, 14.15, 'I');
INSERT INTO city VALUES ('Torre del Greco_Campania_I', 102647, NULL, NULL, 'I');
INSERT INTO city VALUES ('Bari_Puglia_I', 353032, 41.8, 16.5, 'I');
INSERT INTO city VALUES ('Foggia_Puglia_I', 159541, NULL, NULL, 'I');
INSERT INTO city VALUES ('Lecce_Puglia_I', 102344, NULL, NULL, 'I');
INSERT INTO city VALUES ('Taranto_Puglia_I', 244033, NULL, NULL, 'I');
INSERT INTO city VALUES ('Potenza_Basilicata_I', NULL, 40.4, 15.47, 'I');
INSERT INTO city VALUES ('Catanzaro_Calabria_I', 103802, 38.55, 16.35, 'I');
INSERT INTO city VALUES ('Cosenza_Calabria_I', 104483, NULL, NULL, 'I');
INSERT INTO city VALUES ('Reggio di Calabria_Calabria_I', 178496, NULL, NULL, 'I');
INSERT INTO city VALUES ('Palermo_Sicilia_I', 734238, 38.1, 13.2, 'I');
INSERT INTO city VALUES ('Messina_Sicilia_I', 274846, NULL, NULL, 'I');
INSERT INTO city VALUES ('Catania_Sicilia_I', 364176, NULL, NULL, 'I');
INSERT INTO city VALUES ('Siracusa_Sicilia_I', 125444, NULL, NULL, 'I');
INSERT INTO city VALUES ('Cagliari_Sardegna_I', 211719, 39.15, 9.5, 'I');
INSERT INTO city VALUES ('Sassari_Sardegna_I', 120011, NULL, NULL, 'I');
INSERT INTO city VALUES ('Vaduz_Liechtenstein_FL', 27714, 47.08, 9.3, 'FL');
INSERT INTO city VALUES ('Bratislava_Slovakia_SK', NULL, 48.1, 17.1, 'SK');
INSERT INTO city VALUES ('Ljubljana_Slovenia_SLO', NULL, 46.05, 14.5, 'SLO');
INSERT INTO city VALUES ('Aarau_Aargau_CH', NULL, NULL, NULL, 'CH');
INSERT INTO city VALUES ('Herisau_Appenzell Ausserrhoden_CH', NULL, NULL, NULL, 'CH');
INSERT INTO city VALUES ('Appenzell_Appenzell Innerrhoden_CH', NULL, NULL, NULL, 'CH');
INSERT INTO city VALUES ('Liestal_Basel-Land_CH', NULL, NULL, NULL, 'CH');
INSERT INTO city VALUES ('Basel_Basel-Stadt_CH', 172768, NULL, NULL, 'CH');
INSERT INTO city VALUES ('Bern_Bern_CH', 134393, 46.6, 7.3, 'CH');
INSERT INTO city VALUES ('Biel_Bern_CH', 53308, NULL, NULL, 'CH');
INSERT INTO city VALUES ('Fribourg_Fribourg_CH', NULL, NULL, NULL, 'CH');
INSERT INTO city VALUES ('Geneva_Geneve_CH', 167697, 46.12, 6.9, 'CH');
INSERT INTO city VALUES ('Glarus_Glarus_CH', NULL, NULL, NULL, 'CH');
INSERT INTO city VALUES ('Chur_Graubunden_CH', NULL, NULL, NULL, 'CH');
INSERT INTO city VALUES ('Delemont_Jura_CH', NULL, NULL, NULL, 'CH');
INSERT INTO city VALUES ('Luzern_Luzern_CH', 59811, NULL, NULL, 'CH');
INSERT INTO city VALUES ('Neuchatel_Neuchatel_CH', NULL, NULL, NULL, 'CH');
INSERT INTO city VALUES ('Stans_Nidwalden_CH', NULL, NULL, NULL, 'CH');
INSERT INTO city VALUES ('Sarnen_Obwalden_CH', NULL, NULL, NULL, 'CH');
INSERT INTO city VALUES ('Sankt Gallen_Sankt Gallen_CH', 74106, NULL, NULL, 'CH');
INSERT INTO city VALUES ('Schaffhausen_Schaffhausen_CH', NULL, NULL, NULL, 'CH');
INSERT INTO city VALUES ('Schwyz_Schwyz_CH', NULL, NULL, NULL, 'CH');
INSERT INTO city VALUES ('Solothurn_Solothurn_CH', NULL, NULL, NULL, 'CH');
INSERT INTO city VALUES ('Frauenfeld_Thurgau_CH', NULL, NULL, NULL, 'CH');
INSERT INTO city VALUES ('Bellinzona_Tessin_CH', NULL, NULL, NULL, 'CH');
INSERT INTO city VALUES ('Altdorf_Uri_CH', NULL, NULL, NULL, 'CH');
INSERT INTO city VALUES ('Sion_Valais_CH', NULL, NULL, NULL, 'CH');
INSERT INTO city VALUES ('Lausanne_Vaud_CH', 123149, NULL, NULL, 'CH');
INSERT INTO city VALUES ('Zug_Zug_CH', NULL, NULL, NULL, 'CH');
INSERT INTO city VALUES ('Zurich_Zurich_CH', 343106, NULL, NULL, 'CH');
INSERT INTO city VALUES ('Winterthur_Zurich_CH', 86340, NULL, NULL, 'CH');
INSERT INTO city VALUES ('Minsk_Belarus_BY', 1540000, 53.9, 27.55, 'BY');
INSERT INTO city VALUES ('Riga_Latvia_LV', 900000, 57, 24.1, 'LV');
INSERT INTO city VALUES ('Vilnius_Lithuania_LT', 566000, 54.4, 25.3, 'LT');
INSERT INTO city VALUES ('Warsaw_Warszwaskie_PL', 1655000, 52.2167, 21.0333, 'PL');
INSERT INTO city VALUES ('Biala Podlaska_Bialskopodlaskie_PL', NULL, NULL, NULL, 'PL');
INSERT INTO city VALUES ('Bialystok_Bialostockie_PL', 268000, NULL, NULL, 'PL');
INSERT INTO city VALUES ('Bielsko Biala_Bielskie_PL', 180000, NULL, NULL, 'PL');
INSERT INTO city VALUES ('Bydgoszcz_Bydgoskie_PL', 380000, NULL, NULL, 'PL');
INSERT INTO city VALUES ('Chelm_Chelmskie_PL', NULL, NULL, NULL, 'PL');
INSERT INTO city VALUES ('Ciechanow_Ciechanowskie_PL', NULL, NULL, NULL, 'PL');
INSERT INTO city VALUES ('Czestochowa_Czestochowskie_PL', 258000, NULL, NULL, 'PL');
INSERT INTO city VALUES ('Elblag_Elblaskie_PL', 125000, NULL, NULL, 'PL');
INSERT INTO city VALUES ('Gdansk_Gdanskie_PL', 465000, NULL, NULL, 'PL');
INSERT INTO city VALUES ('Gdynia_Gdanskie_PL', 251000, NULL, NULL, 'PL');
INSERT INTO city VALUES ('Gorzow Wielkopolski_Gorzowskie_PL', 123000, NULL, NULL, 'PL');
INSERT INTO city VALUES ('Gorzow Wielkopolskie_Gorzowskie_PL', NULL, NULL, NULL, 'PL');
INSERT INTO city VALUES ('Jelenia Gora_Jeleniogorskie_PL', NULL, NULL, NULL, 'PL');
INSERT INTO city VALUES ('Kalisz_Kaliskie_PL', 106000, NULL, NULL, 'PL');
INSERT INTO city VALUES ('Katowice_Katowickie_PL', 367000, NULL, NULL, 'PL');
INSERT INTO city VALUES ('Jastrzebie Zdroj_Katowickie_PL', 103000, NULL, NULL, 'PL');
INSERT INTO city VALUES ('Sosnowiec_Katowickie_PL', 259000, NULL, NULL, 'PL');
INSERT INTO city VALUES ('Dabrowa Gornicza_Katowickie_PL', 136000, NULL, NULL, 'PL');
INSERT INTO city VALUES ('Bytom_Katowickie_PL', 230000, NULL, NULL, 'PL');
INSERT INTO city VALUES ('Gliwice_Katowickie_PL', 216000, NULL, NULL, 'PL');
INSERT INTO city VALUES ('Zabrze_Katowickie_PL', 203000, NULL, NULL, 'PL');
INSERT INTO city VALUES ('Tychy_Katowickie_PL', 190000, NULL, NULL, 'PL');
INSERT INTO city VALUES ('Ruda Slaska_Katowickie_PL', 170000, NULL, NULL, 'PL');
INSERT INTO city VALUES ('Rybnik_Katowickie_PL', 143000, NULL, NULL, 'PL');
INSERT INTO city VALUES ('Chorzow_Katowickie_PL', 133000, NULL, NULL, 'PL');
INSERT INTO city VALUES ('Wodzilaw Slaski_Katowickie_PL', 111000, NULL, NULL, 'PL');
INSERT INTO city VALUES ('Kielce_Kieleckie_PL', 213000, NULL, NULL, 'PL');
INSERT INTO city VALUES ('Konin_Koninskie_PL', NULL, NULL, NULL, 'PL');
INSERT INTO city VALUES ('Koszalin_Koszalinskie_PL', 108000, NULL, NULL, 'PL');
INSERT INTO city VALUES ('Krakow_Krakowskie_PL', 748000, 50.0667, 19.95, 'PL');
INSERT INTO city VALUES ('Krosno_Krosnienskie_PL', NULL, NULL, NULL, 'PL');
INSERT INTO city VALUES ('Legnica_Legnickie_PL', 104000, NULL, NULL, 'PL');
INSERT INTO city VALUES ('Leszno_Leszczynskie_PL', NULL, NULL, NULL, 'PL');
INSERT INTO city VALUES ('Lublin_Lubelskie_PL', 350000, NULL, NULL, 'PL');
INSERT INTO city VALUES ('Lomza_Lomzynskie_PL', NULL, NULL, NULL, 'PL');
INSERT INTO city VALUES ('Lodz_Lodzkie_PL', 852000, NULL, NULL, 'PL');
INSERT INTO city VALUES ('Nowy Sacz_Nowosadeckie_PL', NULL, NULL, NULL, 'PL');
INSERT INTO city VALUES ('Olsztyn_Olsztynskie_PL', 161000, NULL, NULL, 'PL');
INSERT INTO city VALUES ('Opole_Opolskie_PL', 128000, NULL, NULL, 'PL');
INSERT INTO city VALUES ('Ostroleka_Ostroleckie_PL', NULL, NULL, NULL, 'PL');
INSERT INTO city VALUES ('Pila_Pilskie_PL', NULL, NULL, NULL, 'PL');
INSERT INTO city VALUES ('Piotrkow Trybunalski_Piotrkowskie_PL', NULL, NULL, NULL, 'PL');
INSERT INTO city VALUES ('Plock_Plockie_PL', 122000, NULL, NULL, 'PL');
INSERT INTO city VALUES ('Poznan_Poznanskie_PL', 589000, NULL, NULL, 'PL');
INSERT INTO city VALUES ('Przemysl_Przemyskie_PL', NULL, NULL, NULL, 'PL');
INSERT INTO city VALUES ('Radom_Radomskie_PL', 226000, NULL, NULL, 'PL');
INSERT INTO city VALUES ('Rzeszow_Rzeszowskie_PL', 151000, NULL, NULL, 'PL');
INSERT INTO city VALUES ('Siedlce_Siedleckie_PL', NULL, NULL, NULL, 'PL');
INSERT INTO city VALUES ('Sieradz_Sieradzkie_PL', NULL, NULL, NULL, 'PL');
INSERT INTO city VALUES ('Skierniewice_Skierniewickie_PL', NULL, NULL, NULL, 'PL');
INSERT INTO city VALUES ('Slupsk_Slupskie_PL', NULL, NULL, NULL, 'PL');
INSERT INTO city VALUES ('Suwalki_Suwalskie_PL', NULL, NULL, NULL, 'PL');
INSERT INTO city VALUES ('Szczecin_Szczecinskie_PL', 412000, NULL, NULL, 'PL');
INSERT INTO city VALUES ('Tarnobrzeg_Tarnobrzeskie_PL', NULL, NULL, NULL, 'PL');
INSERT INTO city VALUES ('Tarnow_Tarnowskie_PL', 120000, NULL, NULL, 'PL');
INSERT INTO city VALUES ('Torun_Torunskie_PL', 201000, NULL, NULL, 'PL');
INSERT INTO city VALUES ('Grudziadz_Torunskie_PL', 101000, NULL, NULL, 'PL');
INSERT INTO city VALUES ('Walbrzych_Walbrzyskie_PL', 141000, NULL, NULL, 'PL');
INSERT INTO city VALUES ('Wloclawek_Wloclawskie_PL', 121000, NULL, NULL, 'PL');
INSERT INTO city VALUES ('Wroclaw_Wroclawskie_PL', 642000, NULL, NULL, 'PL');
INSERT INTO city VALUES ('Zamosc_Zamojskie_PL', NULL, NULL, NULL, 'PL');
INSERT INTO city VALUES ('Zielona Gora_Zielonogorskie_PL', 113000, NULL, NULL, 'PL');
INSERT INTO city VALUES ('Cherkasy_Cherkaska_UA', 297000, NULL, NULL, 'UA');
INSERT INTO city VALUES ('Chernihiv_Chernihivska_UA', 301000, NULL, NULL, 'UA');
INSERT INTO city VALUES ('Chernivtsi_Chernivetska_UA', 257000, NULL, NULL, 'UA');
INSERT INTO city VALUES ('Dnipropetrovsk_Dnipropetrovska_UA', 1187000, NULL, NULL, 'UA');
INSERT INTO city VALUES ('Kryvyy Rih_Dnipropetrovska_UA', 717000, NULL, NULL, 'UA');
INSERT INTO city VALUES ('Dniprodzerzhynsk_Dnipropetrovska_UA', 284000, NULL, NULL, 'UA');
INSERT INTO city VALUES ('Donetsk_Donetska_UA', 1117000, NULL, NULL, 'UA');
INSERT INTO city VALUES ('Mariupol_Donetska_UA', 520000, NULL, NULL, 'UA');
INSERT INTO city VALUES ('Makiyivka_Donetska_UA', 427000, NULL, NULL, 'UA');
INSERT INTO city VALUES ('Horlivka_Donetska_UA', 338000, NULL, NULL, 'UA');
INSERT INTO city VALUES ('Ivano Frankivsk_Ivano Frankivska_UA', 220000, NULL, NULL, 'UA');
INSERT INTO city VALUES ('Kharkiv_Kharkivska_UA', 1618000, 50, 36.2333, 'UA');
INSERT INTO city VALUES ('Kherson_Khersonska_UA', 361000, NULL, NULL, 'UA');
INSERT INTO city VALUES ('Khmelnytskyy_Khmelnytska_UA', 241000, NULL, NULL, 'UA');
INSERT INTO city VALUES ('Kiev_Kyyivska_UA', 2616000, 50.45, 30.5, 'UA');
INSERT INTO city VALUES ('Kirovohrad_Kirovohradska_UA', 274000, NULL, NULL, 'UA');
INSERT INTO city VALUES ('Luhansk_Luhanska_UA', 501000, NULL, NULL, 'UA');
INSERT INTO city VALUES ('Lviv_Lvivska_UA', 798000, NULL, NULL, 'UA');
INSERT INTO city VALUES ('Mykolayiv_Mykolayivska_UA', 508000, NULL, NULL, 'UA');
INSERT INTO city VALUES ('Odesa_Odeska_UA', 1106000, 46.4833, 30.7333, 'UA');
INSERT INTO city VALUES ('Poltava_Poltavska_UA', 317000, NULL, NULL, 'UA');
INSERT INTO city VALUES ('Kremenchuk_Poltavska_UA', 238000, NULL, NULL, 'UA');
INSERT INTO city VALUES ('Rivne_Rivnenska_UA', 233000, NULL, NULL, 'UA');
INSERT INTO city VALUES ('Sumy_Sumska_UA', 296000, NULL, NULL, 'UA');
INSERT INTO city VALUES ('Ternopil_Ternopilska_UA', 212000, NULL, NULL, 'UA');
INSERT INTO city VALUES ('Vinnytsya_Vinnytska_UA', 379000, NULL, NULL, 'UA');
INSERT INTO city VALUES ('Lutsk_Volynska_UA', 204000, NULL, NULL, 'UA');
INSERT INTO city VALUES ('Uzhhorod_Zakarpatska_UA', NULL, NULL, NULL, 'UA');
INSERT INTO city VALUES ('Zaporizhzhya_Zaporizka_UA', 891000, NULL, NULL, 'UA');
INSERT INTO city VALUES ('Zhytomyr_Zhytomyrska_UA', 296000, NULL, NULL, 'UA');
INSERT INTO city VALUES ('Simferopol_Krym_UA', 349000, NULL, NULL, 'UA');
INSERT INTO city VALUES ('Sevastopol_Krym_UA', 361000, NULL, NULL, 'UA');
INSERT INTO city VALUES ('Petrozavodsk_Rep. of Karelia_R', 280000, NULL, NULL, 'R');
INSERT INTO city VALUES ('Syktyvkar_Rep. of Komi_R', 229000, NULL, NULL, 'R');
INSERT INTO city VALUES ('Ukhta_Rep. of Komi_R', 106000, NULL, NULL, 'R');
INSERT INTO city VALUES ('Vorkuta_Rep. of Komi_R', 104000, NULL, NULL, 'R');
INSERT INTO city VALUES ('Arkhangelsk_Arkhangelskaya oblast_R', 374000, 64.55, 40.5333, 'R');
INSERT INTO city VALUES ('Severodvinsk_Arkhangelskaya oblast_R', 241000, NULL, NULL, 'R');
INSERT INTO city VALUES ('Vologda_Vologodskaya oblast_R', 299000, NULL, NULL, 'R');
INSERT INTO city VALUES ('Cherepovets_Vologodskaya oblast_R', 320000, NULL, NULL, 'R');
INSERT INTO city VALUES ('Murmansk_Murmanskaya oblast_R', 407000, NULL, NULL, 'R');
INSERT INTO city VALUES ('Kaliningrad_Kaliningradskaya oblast_R', 419000, 54.7167, 20.5, 'R');
INSERT INTO city VALUES ('Sankt Peterburg_Sankt Peterburg_R', 4838000, NULL, NULL, 'R');
INSERT INTO city VALUES ('Kolpino_Leningradskaya oblast_R', 143000, NULL, NULL, 'R');
INSERT INTO city VALUES ('Novgorod_Novgorodskaya oblast_R', 233000, NULL, NULL, 'R');
INSERT INTO city VALUES ('Pskov_Pskovskaya oblast_R', 207000, NULL, NULL, 'R');
INSERT INTO city VALUES ('Velikiye Luki_Pskovskaya oblast_R', 116000, NULL, NULL, 'R');
INSERT INTO city VALUES ('Bryansk_Bryanskaya oblast_R', 462000, NULL, NULL, 'R');
INSERT INTO city VALUES ('Vladimir_Vladimirskaya oblast_R', 339000, NULL, NULL, 'R');
INSERT INTO city VALUES ('Kovrov_Vladimirskaya oblast_R', 162000, NULL, NULL, 'R');
INSERT INTO city VALUES ('Murom_Vladimirskaya oblast_R', 126000, NULL, NULL, 'R');
INSERT INTO city VALUES ('Ivanovo_Ivanovskaya oblast_R', 474000, NULL, NULL, 'R');
INSERT INTO city VALUES ('Kineshma_Ivanovskaya oblast_R', 103000, NULL, NULL, 'R');
INSERT INTO city VALUES ('Kaluga_Kaluzhskaya oblast_R', 347000, NULL, NULL, 'R');
INSERT INTO city VALUES ('Obninsk_Kaluzhskaya oblast_R', 108000, NULL, NULL, 'R');
INSERT INTO city VALUES ('Kostroma_Kostromskaya oblast_R', 285000, NULL, NULL, 'R');
INSERT INTO city VALUES ('Moscow_Moskva_R', 8717000, 55.7667, 37.6667, 'R');
INSERT INTO city VALUES ('Podolsk_Moskovskaya oblast_R', 202000, NULL, NULL, 'R');
INSERT INTO city VALUES ('Zelenograd_Moskovskaya oblast_R', 191000, NULL, NULL, 'R');
INSERT INTO city VALUES ('Lyubertsy_Moskovskaya oblast_R', 166000, NULL, NULL, 'R');
INSERT INTO city VALUES ('Kolomna_Moskovskaya oblast_R', 154000, NULL, NULL, 'R');
INSERT INTO city VALUES ('Mytishchi_Moskovskaya oblast_R', 152000, NULL, NULL, 'R');
INSERT INTO city VALUES ('Elektrostal_Moskovskaya oblast_R', 150000, NULL, NULL, 'R');
INSERT INTO city VALUES ('Serpukhov_Moskovskaya oblast_R', 139000, NULL, NULL, 'R');
INSERT INTO city VALUES ('Balashikha_Moskovskaya oblast_R', 136000, NULL, NULL, 'R');
INSERT INTO city VALUES ('Khimki_Moskovskaya oblast_R', 134000, NULL, NULL, 'R');
INSERT INTO city VALUES ('Odintsovo_Moskovskaya oblast_R', 129000, NULL, NULL, 'R');
INSERT INTO city VALUES ('Orekhovo Zuyevo_Moskovskaya oblast_R', 126000, NULL, NULL, 'R');
INSERT INTO city VALUES ('Noginsk_Moskovskaya oblast_R', 119000, NULL, NULL, 'R');
INSERT INTO city VALUES ('Shchyolkovo_Moskovskaya oblast_R', 108000, NULL, NULL, 'R');
INSERT INTO city VALUES ('Zagorsk_Moskovskaya oblast_R', 114000, NULL, NULL, 'R');
INSERT INTO city VALUES ('Orel_Orjolskaya oblast_R', 348000, NULL, NULL, 'R');
INSERT INTO city VALUES ('Ryazan_Ryazanskaya oblast_R', 536000, NULL, NULL, 'R');
INSERT INTO city VALUES ('Smolensk_Smolenskaya oblast_R', 355000, NULL, NULL, 'R');
INSERT INTO city VALUES ('Tver_Tverskaya oblast_R', 455000, NULL, NULL, 'R');
INSERT INTO city VALUES ('Tula_Tulskaya oblast_R', 532000, NULL, NULL, 'R');
INSERT INTO city VALUES ('Novomoskovsk_Tulskaya oblast_R', 144000, NULL, NULL, 'R');
INSERT INTO city VALUES ('Yaroslavl_Yaroslavskaya oblast_R', 629000, NULL, NULL, 'R');
INSERT INTO city VALUES ('Rybinsk_Yaroslavskaya oblast_R', 248000, NULL, NULL, 'R');
INSERT INTO city VALUES ('Yoshkar Ola_Rep. of Mariy El_R', 251000, NULL, NULL, 'R');
INSERT INTO city VALUES ('Saransk_Rep. of Mordovia_R', 320000, NULL, NULL, 'R');
INSERT INTO city VALUES ('Cheboksary_Chuvash Republic_R', 450000, NULL, NULL, 'R');
INSERT INTO city VALUES ('Kings Lynn_Norfolk_GB', 131600, NULL, NULL, 'GB');
INSERT INTO city VALUES ('Novocheboksarsk_Chuvash Republic_R', 123000, NULL, NULL, 'R');
INSERT INTO city VALUES ('Kirov_Kirovskaya oblast_R', 464000, NULL, NULL, 'R');
INSERT INTO city VALUES ('Nizhniy Novgorod_Nizhegorodskaya oblast_R', 1383000, 56.3, 44, 'R');
INSERT INTO city VALUES ('Dzerzhinsk_Nizhegorodskaya oblast_R', 285000, NULL, NULL, 'R');
INSERT INTO city VALUES ('Arzamas_Nizhegorodskaya oblast_R', 112000, NULL, NULL, 'R');
INSERT INTO city VALUES ('Belgorod_Belgorodskaya oblast_R', 322000, NULL, NULL, 'R');
INSERT INTO city VALUES ('Stary Oskol_Belgorodskaya oblast_R', 198000, NULL, NULL, 'R');
INSERT INTO city VALUES ('Voronezh_Voronezhskaya oblast_R', 908000, NULL, NULL, 'R');
INSERT INTO city VALUES ('Kursk_Kurskaya oblast_R', 442000, NULL, NULL, 'R');
INSERT INTO city VALUES ('Lipetsk_Lipetskaya oblast_R', 474000, NULL, NULL, 'R');
INSERT INTO city VALUES ('Yelets_Lipetskaya oblast_R', 119000, NULL, NULL, 'R');
INSERT INTO city VALUES ('Tambov_Tambovskaya oblast_R', 316000, NULL, NULL, 'R');
INSERT INTO city VALUES ('Michurinsk_Tambovskaya oblast_R', 108000, NULL, NULL, 'R');
INSERT INTO city VALUES ('Elista_Rep. of Kalmykiya_R', NULL, NULL, NULL, 'R');
INSERT INTO city VALUES ('Kazan_Rep. of Tatarstan_R', 1085000, NULL, NULL, 'R');
INSERT INTO city VALUES ('Naberezhnye Chelny_Rep. of Tatarstan_R', 526000, NULL, NULL, 'R');
INSERT INTO city VALUES ('Nizhnekamsk_Rep. of Tatarstan_R', 210000, NULL, NULL, 'R');
INSERT INTO city VALUES ('Almetyevsk_Rep. of Tatarstan_R', 138000, NULL, NULL, 'R');
INSERT INTO city VALUES ('Zelenodolysk_Rep. of Tatarstan_R', 101000, NULL, NULL, 'R');
INSERT INTO city VALUES ('Astrakhan_Astrakhanskaya oblast_R', 486000, NULL, NULL, 'R');
INSERT INTO city VALUES ('Volgograd_Volgogradskaya oblast_R', 1003000, 48.7, 44.5167, 'R');
INSERT INTO city VALUES ('Volzhsky_Volgogradskaya oblast_R', 288000, NULL, NULL, 'R');
INSERT INTO city VALUES ('Kamyshin_Volgogradskaya oblast_R', 128000, NULL, NULL, 'R');
INSERT INTO city VALUES ('Penza_Penzenskaya oblast_R', 534000, NULL, NULL, 'R');
INSERT INTO city VALUES ('Kuznetsk_Penzenskaya oblast_R', 100000, NULL, NULL, 'R');
INSERT INTO city VALUES ('Samara_Samarskaya oblast_R', 1184000, NULL, NULL, 'R');
INSERT INTO city VALUES ('Tolyatti_Samarskaya oblast_R', 702000, NULL, NULL, 'R');
INSERT INTO city VALUES ('Syzran_Samarskaya oblast_R', 177000, NULL, NULL, 'R');
INSERT INTO city VALUES ('Novokuybyshevsk_Samarskaya oblast_R', 115000, NULL, NULL, 'R');
INSERT INTO city VALUES ('Saratov_Saratovskaya oblast_R', 895000, NULL, NULL, 'R');
INSERT INTO city VALUES ('Balakovo_Saratovskaya oblast_R', 206000, NULL, NULL, 'R');
INSERT INTO city VALUES ('Engels_Saratovskaya oblast_R', 186000, NULL, NULL, 'R');
INSERT INTO city VALUES ('Simbirsk_Ulyanovskaya oblast_R', 678000, NULL, NULL, 'R');
INSERT INTO city VALUES ('Dimitrovgrad_Ulyanovskaya oblast_R', 135000, NULL, NULL, 'R');
INSERT INTO city VALUES ('Rostov na Donu_Rostovskaya oblast_R', 1026000, NULL, NULL, 'R');
INSERT INTO city VALUES ('Taganrog_Rostovskaya oblast_R', 292000, NULL, NULL, 'R');
INSERT INTO city VALUES ('Shakhty_Rostovskaya oblast_R', 230000, NULL, NULL, 'R');
INSERT INTO city VALUES ('Novocherkassk_Rostovskaya oblast_R', 190000, NULL, NULL, 'R');
INSERT INTO city VALUES ('Volgodonsk_Rostovskaya oblast_R', 183000, NULL, NULL, 'R');
INSERT INTO city VALUES ('Novoshakhtinsk_Rostovskaya oblast_R', 107000, NULL, NULL, 'R');
INSERT INTO city VALUES ('Rostov no Donu_Rostovskaya oblast_R', NULL, NULL, NULL, 'R');
INSERT INTO city VALUES ('Ufa_Rep. of Bashkortostan_R', 1094000, NULL, NULL, 'R');
INSERT INTO city VALUES ('Sterlitamak_Rep. of Bashkortostan_R', 259000, NULL, NULL, 'R');
INSERT INTO city VALUES ('Salavat_Rep. of Bashkortostan_R', 156000, NULL, NULL, 'R');
INSERT INTO city VALUES ('Oktyabrsky_Rep. of Bashkortostan_R', 110000, NULL, NULL, 'R');
INSERT INTO city VALUES ('Izhevsk_Udmurt Republic_R', 654000, NULL, NULL, 'R');
INSERT INTO city VALUES ('Sarapul_Udmurt Republic_R', 109000, NULL, NULL, 'R');
INSERT INTO city VALUES ('Glazov_Udmurt Republic_R', 107000, NULL, NULL, 'R');
INSERT INTO city VALUES ('Votkinsk_Udmurt Republic_R', 104000, NULL, NULL, 'R');
INSERT INTO city VALUES ('Orenburg_Orenburgskaya oblast_R', 532000, NULL, NULL, 'R');
INSERT INTO city VALUES ('Orsk_Orenburgskaya oblast_R', 275000, NULL, NULL, 'R');
INSERT INTO city VALUES ('Novotroitsk_Orenburgskaya oblast_R', 110000, NULL, NULL, 'R');
INSERT INTO city VALUES ('Perm_Permskaya oblast_R', 1032000, NULL, NULL, 'R');
INSERT INTO city VALUES ('Berezniki_Permskaya oblast_R', 184000, NULL, NULL, 'R');
INSERT INTO city VALUES ('Solikamsk_Permskaya oblast_R', 108000, NULL, NULL, 'R');
INSERT INTO city VALUES ('Maykop_Rep. of Adygeya_R', 165000, NULL, NULL, 'R');
INSERT INTO city VALUES ('Makhachkala_Rep. of Dagestan_R', 339000, NULL, NULL, 'R');
INSERT INTO city VALUES ('Nazran_Rep. of Ingushetiya_R', NULL, NULL, NULL, 'R');
INSERT INTO city VALUES ('Nalchik_Kabardino Balkar Rep._R', 239000, NULL, NULL, 'R');
INSERT INTO city VALUES ('Cherkessk_Karachayevo Cherkessk Rep._R', 119000, NULL, NULL, 'R');
INSERT INTO city VALUES ('Vladikavkaz_Rep. of North Ossetiya_R', 312000, NULL, NULL, 'R');
INSERT INTO city VALUES ('Grozny_Chechen Rep._R', 364000, NULL, NULL, 'R');
INSERT INTO city VALUES ('Krasnodar_Krasnodarsky kray_R', 646000, NULL, NULL, 'R');
INSERT INTO city VALUES ('Sochi_Krasnodarsky kray_R', 355000, NULL, NULL, 'R');
INSERT INTO city VALUES ('Novorossiysk_Krasnodarsky kray_R', 202000, NULL, NULL, 'R');
INSERT INTO city VALUES ('Armavir_Krasnodarsky kray_R', 164000, NULL, NULL, 'R');
INSERT INTO city VALUES ('Stavropol_Stavropolsky kray_R', 342000, NULL, NULL, 'R');
INSERT INTO city VALUES ('Pyatigorsk_Stavropolsky kray_R', 133000, NULL, NULL, 'R');
INSERT INTO city VALUES ('Nevinnomyssk_Stavropolsky kray_R', 131000, NULL, NULL, 'R');
INSERT INTO city VALUES ('Kislovodsk_Stavropolsky kray_R', 120000, NULL, NULL, 'R');
INSERT INTO city VALUES ('Neftekamsk_Stavropolsky kray_R', 117000, NULL, NULL, 'R');
INSERT INTO city VALUES ('Kurgan_Kurganskaya oblast_R', 363000, NULL, NULL, 'R');
INSERT INTO city VALUES ('Yekaterinburg_Sverdlovskaya oblast_R', 1280000, NULL, NULL, 'R');
INSERT INTO city VALUES ('Nizhniy Tagil_Sverdlovskaya oblast_R', 409000, NULL, NULL, 'R');
INSERT INTO city VALUES ('Kamensk Uralskiy_Sverdlovskaya oblast_R', 197000, NULL, NULL, 'R');
INSERT INTO city VALUES ('Pervouralsk_Sverdlovskaya oblast_R', 137000, NULL, NULL, 'R');
INSERT INTO city VALUES ('Serov_Sverdlovskaya oblast_R', 100000, NULL, NULL, 'R');
INSERT INTO city VALUES ('Chelyabinsk_Chelyabinskaya oblast_R', 1086000, NULL, NULL, 'R');
INSERT INTO city VALUES ('Magnitogorsk_Chelyabinskaya oblast_R', 427000, NULL, NULL, 'R');
INSERT INTO city VALUES ('Zlatoust_Chelyabinskaya oblast_R', 203000, NULL, NULL, 'R');
INSERT INTO city VALUES ('Miass_Chelyabinskaya oblast_R', 167000, NULL, NULL, 'R');
INSERT INTO city VALUES ('Gorno Altaysk_Rep. of Altay_R', NULL, NULL, NULL, 'R');
INSERT INTO city VALUES ('Barnaul_Altayskiy kray_R', 596000, NULL, NULL, 'R');
INSERT INTO city VALUES ('Biysk_Altayskiy kray_R', 228000, NULL, NULL, 'R');
INSERT INTO city VALUES ('Rubtsovsk_Altayskiy kray_R', 170000, NULL, NULL, 'R');
INSERT INTO city VALUES ('Kemerovo_Kemerovskaya oblast_R', 503000, NULL, NULL, 'R');
INSERT INTO city VALUES ('Novokuznetsk_Kemerovskaya oblast_R', 572000, NULL, NULL, 'R');
INSERT INTO city VALUES ('Prokopyevsk_Kemerovskaya oblast_R', 253000, NULL, NULL, 'R');
INSERT INTO city VALUES ('Leninsk Kuznetskiy_Kemerovskaya oblast_R', 121000, NULL, NULL, 'R');
INSERT INTO city VALUES ('Kiselyovsk_Kemerovskaya oblast_R', 116000, NULL, NULL, 'R');
INSERT INTO city VALUES ('Mezhdurechensk_Kemerovskaya oblast_R', 105000, NULL, NULL, 'R');
INSERT INTO city VALUES ('Anzhero Sudzhensk_Kemerovskaya oblast_R', 101000, NULL, NULL, 'R');
INSERT INTO city VALUES ('Novosibirsk_Novosibirskaya oblast_R', 1369000, NULL, NULL, 'R');
INSERT INTO city VALUES ('Omsk_Omskaya oblast_R', 1163000, NULL, NULL, 'R');
INSERT INTO city VALUES ('Tomsk_Tomskaya oblast_R', 470000, NULL, NULL, 'R');
INSERT INTO city VALUES ('Seversk_Tomskaya oblast_R', 110000, NULL, NULL, 'R');
INSERT INTO city VALUES ('Tyumen_Tyumenskaya oblast_R', 494000, NULL, NULL, 'R');
INSERT INTO city VALUES ('Surgut_Tyumenskaya oblast_R', 263000, NULL, NULL, 'R');
INSERT INTO city VALUES ('Nizhnevartovsk_Tyumenskaya oblast_R', 238000, NULL, NULL, 'R');
INSERT INTO city VALUES ('Ulan Ude_Rep. of Buryatiya_R', 366000, NULL, NULL, 'R');
INSERT INTO city VALUES ('Kyzyl_Rep. of Tyva_R', NULL, NULL, NULL, 'R');
INSERT INTO city VALUES ('Abakan_Rep. of Khakassiya_R', 161000, NULL, NULL, 'R');
INSERT INTO city VALUES ('Krasnoyarsk_Krasnoyarskiy kray_R', 869000, 56.0167, 92.95, 'R');
INSERT INTO city VALUES ('Norilsk_Krasnoyarskiy kray_R', 159000, NULL, NULL, 'R');
INSERT INTO city VALUES ('Achinsk_Krasnoyarskiy kray_R', 123000, NULL, NULL, 'R');
INSERT INTO city VALUES ('Kansk_Krasnoyarskiy kray_R', 109000, NULL, NULL, 'R');
INSERT INTO city VALUES ('Irkutsk_Irkutskaya oblast_R', 585000, NULL, NULL, 'R');
INSERT INTO city VALUES ('Angarsk_Irkutskaya oblast_R', 267000, NULL, NULL, 'R');
INSERT INTO city VALUES ('Bratsk_Irkutskaya oblast_R', 257000, NULL, NULL, 'R');
INSERT INTO city VALUES ('Ust Ilimsk_Irkutskaya oblast_R', 110000, NULL, NULL, 'R');
INSERT INTO city VALUES ('Usolye Sibirskoye_Irkutskaya oblast_R', 106000, NULL, NULL, 'R');
INSERT INTO city VALUES ('Chita_Chitinskaya oblast_R', 322000, NULL, NULL, 'R');
INSERT INTO city VALUES ('Yakutsk_Rep. of Sakha_R', 192000, NULL, NULL, 'R');
INSERT INTO city VALUES ('Birobidzhan_Yevreyskaya avt. oblast_R', NULL, NULL, NULL, 'R');
INSERT INTO city VALUES ('Anadyr_Chukotsky ao_R', NULL, NULL, NULL, 'R');
INSERT INTO city VALUES ('Vladivostok_Primorsky kray_R', 632000, 43.1167, 131.917, 'R');
INSERT INTO city VALUES ('Nakhodka_Primorsky kray_R', 163000, NULL, NULL, 'R');
INSERT INTO city VALUES ('Ussuriysk_Primorsky kray_R', 162000, NULL, NULL, 'R');
INSERT INTO city VALUES ('Khabarovsk_Khabarovskiy kray_R', 618000, NULL, NULL, 'R');
INSERT INTO city VALUES ('Komsomolsk na Amure_Khabarovskiy kray_R', 309000, NULL, NULL, 'R');
INSERT INTO city VALUES ('Blagoveshchensk_Amurskaya oblast_R', 214000, NULL, NULL, 'R');
INSERT INTO city VALUES ('Petropavlovsk Kamchatsky_Kamchatskaya oblast_R', 210000, NULL, NULL, 'R');
INSERT INTO city VALUES ('Magadan_Magadanskaya oblast_R', 128000, NULL, NULL, 'R');
INSERT INTO city VALUES ('Okhotsk_Magadanskaya oblast_R', 4900, NULL, NULL, 'R');
INSERT INTO city VALUES ('Yuzhno Sakhalinsk_Sakhalinskaya oblast_R', 160000, NULL, NULL, 'R');
INSERT INTO city VALUES ('Antwerp_Antwerp_B', 459072, 51.1, 4.23, 'B');
INSERT INTO city VALUES ('Brussels_Brabant_B', 951580, 50.85, 4.35, 'B');
INSERT INTO city VALUES ('Ghent_East Flanders_B', 227483, 51.054, 3.75, 'B');
INSERT INTO city VALUES ('Charleroi_Hainaut_B', 206491, NULL, NULL, 'B');
INSERT INTO city VALUES ('Mons_Hainaut_B', 90720, 50.4, 4.5, 'B');
INSERT INTO city VALUES ('Liege_Liege_B', 192393, 50.5, 5.6, 'B');
INSERT INTO city VALUES ('Hasselt_Limburg_B', 65348, 50.9, 5.2, 'B');
INSERT INTO city VALUES ('Arlon_Luxembourg_B', 23150, 49.7, 5.8, 'B');
INSERT INTO city VALUES ('Namur_Namur_B', 105014, 50.4, 4.9, 'B');
INSERT INTO city VALUES ('Brugge_West Flanders_B', 117799, 51.1, 3.2, 'B');
INSERT INTO city VALUES ('Luxembourg_Luxembourg_L', 76600, 49.4, 6.08, 'L');
INSERT INTO city VALUES ('Groningen_Groningen_NL', 210708, NULL, NULL, 'NL');
INSERT INTO city VALUES ('Leeuwarden_Friesland_NL', NULL, NULL, NULL, 'NL');
INSERT INTO city VALUES ('Assen_Drenthe_NL', NULL, NULL, NULL, 'NL');
INSERT INTO city VALUES ('Enschede_Overijssel_NL', 254480, NULL, NULL, 'NL');
INSERT INTO city VALUES ('Zwolle_Overijssel_NL', NULL, NULL, NULL, 'NL');
INSERT INTO city VALUES ('Lelystad_Flevoland_NL', NULL, NULL, NULL, 'NL');
INSERT INTO city VALUES ('Arnhem_Gelderland_NL', 314159, NULL, NULL, 'NL');
INSERT INTO city VALUES ('Nijmegen_Gelderland_NL', 249490, NULL, NULL, 'NL');
INSERT INTO city VALUES ('Utrecht_Utrecht_NL', 547070, NULL, NULL, 'NL');
INSERT INTO city VALUES ('Amsterdam_Noord Holland_NL', 1101407, 52.3833, 4.91667, 'NL');
INSERT INTO city VALUES ('Haarlem_Noord Holland_NL', 212631, NULL, NULL, 'NL');
INSERT INTO city VALUES ('Zaanstreek_Noord Holland_NL', 147917, NULL, NULL, 'NL');
INSERT INTO city VALUES ('Velsen_Noord Holland_NL', 134973, NULL, NULL, 'NL');
INSERT INTO city VALUES ('Hilversum_Noord Holland_NL', 102023, NULL, NULL, 'NL');
INSERT INTO city VALUES ('s Gravenhage_Zuid Holland_NL', 694249, NULL, NULL, 'NL');
INSERT INTO city VALUES ('Rotterdam_Zuid Holland_NL', 1078747, NULL, NULL, 'NL');
INSERT INTO city VALUES ('Dordrecht_Zuid Holland_NL', 213963, NULL, NULL, 'NL');
INSERT INTO city VALUES ('Leiden_Zuid Holland_NL', 194935, NULL, NULL, 'NL');
INSERT INTO city VALUES ('Middelburg_Zeeland_NL', NULL, NULL, NULL, 'NL');
INSERT INTO city VALUES ('s Hertogenbosch_Noord Brabant_NL', 199127, NULL, NULL, 'NL');
INSERT INTO city VALUES ('Eindhoven_Noord Brabant_NL', 395612, NULL, NULL, 'NL');
INSERT INTO city VALUES ('Tilburg_Noord Brabant_NL', 237958, NULL, NULL, 'NL');
INSERT INTO city VALUES ('Breda_Noord Brabant_NL', 166616, NULL, NULL, 'NL');
INSERT INTO city VALUES ('Maastricht_Limburg_NL', 164701, NULL, NULL, 'NL');
INSERT INTO city VALUES ('Heerlen_Limburg_NL', 270952, NULL, NULL, 'NL');
INSERT INTO city VALUES ('Geleen_Limburg_NL', 186011, NULL, NULL, 'NL');
INSERT INTO city VALUES ('Sarajevo_Bosnia and Herzegovina_BIH', NULL, 43.9, 18.4, 'BIH');
INSERT INTO city VALUES ('Zagreb_Croatia_HR', NULL, 45.8, 16, 'HR');
INSERT INTO city VALUES ('Sofia_Bulgaria_BG', 1300000, 42.7, 23.3333, 'BG');
INSERT INTO city VALUES ('Alba Iulia_Alba_RO', NULL, NULL, NULL, 'RO');
INSERT INTO city VALUES ('Arad_Arad_RO', 191000, NULL, NULL, 'RO');
INSERT INTO city VALUES ('Pitesti_Arges_RO', 162000, NULL, NULL, 'RO');
INSERT INTO city VALUES ('Bacau_Bacau_RO', 193000, NULL, NULL, 'RO');
INSERT INTO city VALUES ('Oradea_Bihor_RO', 225000, NULL, NULL, 'RO');
INSERT INTO city VALUES ('Bistrita_Bistrita Nasaud_RO', NULL, NULL, NULL, 'RO');
INSERT INTO city VALUES ('Botosani_Botosani_RO', NULL, NULL, NULL, 'RO');
INSERT INTO city VALUES ('Braila_Braila_RO', 243000, NULL, NULL, 'RO');
INSERT INTO city VALUES ('Brasov_Brasov_RO', 353000, NULL, NULL, 'RO');
INSERT INTO city VALUES ('Bucharest_Bucuresti_RO', 2037000, 44.4167, 26.1, 'RO');
INSERT INTO city VALUES ('Buzau_Buzau_RO', 145000, NULL, NULL, 'RO');
INSERT INTO city VALUES ('Calarasi_Calarasi_RO', NULL, NULL, NULL, 'RO');
INSERT INTO city VALUES ('Resita_Caras Severin_RO', NULL, NULL, NULL, 'RO');
INSERT INTO city VALUES ('Cluj Napoca_Cluj_RO', 318000, NULL, NULL, 'RO');
INSERT INTO city VALUES ('Constanta_Constanta_RO', 316000, NULL, NULL, 'RO');
INSERT INTO city VALUES ('Sfintu Gheorghe_Covasna_RO', NULL, NULL, NULL, 'RO');
INSERT INTO city VALUES ('Tirgoviste_Dimbovita_RO', NULL, NULL, NULL, 'RO');
INSERT INTO city VALUES ('Craiova_Dolj_RO', 300000, NULL, NULL, 'RO');
INSERT INTO city VALUES ('Galati_Galati_RO', 307000, NULL, NULL, 'RO');
INSERT INTO city VALUES ('Giurgiu_Giurgiu_RO', NULL, NULL, NULL, 'RO');
INSERT INTO city VALUES ('Tirgu Jiu_Gorj_RO', NULL, NULL, NULL, 'RO');
INSERT INTO city VALUES ('Miercurea Ciuc_Harghita_RO', NULL, NULL, NULL, 'RO');
INSERT INTO city VALUES ('Deva_Hunedoara_RO', NULL, NULL, NULL, 'RO');
INSERT INTO city VALUES ('Slobozia_Ialomita_RO', NULL, NULL, NULL, 'RO');
INSERT INTO city VALUES ('Iasi_Iasi_RO', 330000, NULL, NULL, 'RO');
INSERT INTO city VALUES ('Baia Mare_Maramures_RO', 150000, NULL, NULL, 'RO');
INSERT INTO city VALUES ('Drobeta Turnu Severin_Mehedinti_RO', NULL, NULL, NULL, 'RO');
INSERT INTO city VALUES ('Tirgu Mures_Mures_RO', 165000, NULL, NULL, 'RO');
INSERT INTO city VALUES ('Piatra Neamt_Neamt_RO', NULL, NULL, NULL, 'RO');
INSERT INTO city VALUES ('Slatina_Olt_RO', NULL, NULL, NULL, 'RO');
INSERT INTO city VALUES ('Ploiesti_Prahova_RO', NULL, NULL, NULL, 'RO');
INSERT INTO city VALUES ('Zalau_Salaj_RO', NULL, NULL, NULL, 'RO');
INSERT INTO city VALUES ('Satu Mare_Satu Mare_RO', 137000, NULL, NULL, 'RO');
INSERT INTO city VALUES ('Sibiu_Sibiu_RO', 184000, NULL, NULL, 'RO');
INSERT INTO city VALUES ('Suceava_Suceava_RO', NULL, NULL, NULL, 'RO');
INSERT INTO city VALUES ('Alexandria_Teleorman_RO', NULL, NULL, NULL, 'RO');
INSERT INTO city VALUES ('Timisoara_Timis_RO', 333000, NULL, NULL, 'RO');
INSERT INTO city VALUES ('Tulcea_Tulcea_RO', NULL, NULL, NULL, 'RO');
INSERT INTO city VALUES ('Vaslui_Vaslui_RO', NULL, NULL, NULL, 'RO');
INSERT INTO city VALUES ('Rimnicu Vilcea_Vilcea_RO', NULL, NULL, NULL, 'RO');
INSERT INTO city VALUES ('Focsani_Vrancea_RO', NULL, NULL, NULL, 'RO');
INSERT INTO city VALUES ('Adana_Adana_TR', 1047300, 36.9833, 35.3, 'TR');
INSERT INTO city VALUES ('Osmaniye_Adana_TR', 138000, NULL, NULL, 'TR');
INSERT INTO city VALUES ('Adiyaman_Adiyaman_TR', 128000, NULL, NULL, 'TR');
INSERT INTO city VALUES ('Afyon_Afyon_TR', NULL, NULL, NULL, 'TR');
INSERT INTO city VALUES ('Agri_Agri_TR', NULL, NULL, NULL, 'TR');
INSERT INTO city VALUES ('Aksaray_Aksaray_TR', NULL, NULL, NULL, 'TR');
INSERT INTO city VALUES ('Amasya_Amasya_TR', NULL, NULL, NULL, 'TR');
INSERT INTO city VALUES ('Ankara_Ankara_TR', 2782200, 39.95, 32.8833, 'TR');
INSERT INTO city VALUES ('Antalya_Antalya_TR', 497200, NULL, NULL, 'TR');
INSERT INTO city VALUES ('Artvin_Artvin_TR', NULL, NULL, NULL, 'TR');
INSERT INTO city VALUES ('Aydin_Aydin_TR', 121200, NULL, NULL, 'TR');
INSERT INTO city VALUES ('Balikesir_Balikesir_TR', 187600, NULL, NULL, 'TR');
INSERT INTO city VALUES ('Batman_Batman_TR', 182800, NULL, NULL, 'TR');
INSERT INTO city VALUES ('Bayburt_Bayburt_TR', NULL, NULL, NULL, 'TR');
INSERT INTO city VALUES ('Bilecik_Bilecik_TR', NULL, NULL, NULL, 'TR');
INSERT INTO city VALUES ('Bingol_Bingol_TR', NULL, NULL, NULL, 'TR');
INSERT INTO city VALUES ('Bitlis_Bitlis_TR', NULL, NULL, NULL, 'TR');
INSERT INTO city VALUES ('Bolu_Bolu_TR', NULL, NULL, NULL, 'TR');
INSERT INTO city VALUES ('Burdur_Burdur_TR', NULL, NULL, NULL, 'TR');
INSERT INTO city VALUES ('Bursa_Bursa_TR', 996600, NULL, NULL, 'TR');
INSERT INTO city VALUES ('Canakkale_Canakkale_TR', NULL, NULL, NULL, 'TR');
INSERT INTO city VALUES ('Cankiri_Cankiri_TR', NULL, NULL, NULL, 'TR');
INSERT INTO city VALUES ('Corum_Corum_TR', NULL, NULL, NULL, 'TR');
INSERT INTO city VALUES ('Denizli_Denizli_TR', 234500, NULL, NULL, 'TR');
INSERT INTO city VALUES ('Diyarbakir_Diyarbakir_TR', 448300, NULL, NULL, 'TR');
INSERT INTO city VALUES ('Edirne_Edirne_TR', 115500, NULL, NULL, 'TR');
INSERT INTO city VALUES ('Elazig_Elazig_TR', 222800, NULL, NULL, 'TR');
INSERT INTO city VALUES ('Erzincan_Erzincan_TR', NULL, NULL, NULL, 'TR');
INSERT INTO city VALUES ('Erzurum_Erzurum_TR', 250100, 49.9, 41.3, 'TR');
INSERT INTO city VALUES ('Eskisehir_Eskisehir_TR', 451000, NULL, NULL, 'TR');
INSERT INTO city VALUES ('Gaziantep_Gaziantep_TR', 716000, NULL, NULL, 'TR');
INSERT INTO city VALUES ('Giresun_Giresun_TR', NULL, NULL, NULL, 'TR');
INSERT INTO city VALUES ('Gumushane_Gumushane_TR', NULL, NULL, NULL, 'TR');
INSERT INTO city VALUES ('Hakkari_Hakkari_TR', NULL, NULL, NULL, 'TR');
INSERT INTO city VALUES ('Iskenderun_Hatay_TR', 156800, NULL, NULL, 'TR');
INSERT INTO city VALUES ('Antakya_Hatay_TR', 137200, NULL, NULL, 'TR');
INSERT INTO city VALUES ('Mersin_Icel_TR', 523000, NULL, NULL, 'TR');
INSERT INTO city VALUES ('Tarsus_Icel_TR', 225000, NULL, NULL, 'TR');
INSERT INTO city VALUES ('Isparta_Isparta_TR', 120900, NULL, NULL, 'TR');
INSERT INTO city VALUES ('Istanbul_Istanbul_TR', 7615500, 40.9667, 28.8333, 'TR');
INSERT INTO city VALUES ('Izmir_Izmir_TR', 1985300, 38.4333, 27.1667, 'TR');
INSERT INTO city VALUES ('Karaman_Karaman_TR', NULL, NULL, NULL, 'TR');
INSERT INTO city VALUES ('Karaman Maras_Karamanmaras_TR', 242200, NULL, NULL, 'TR');
INSERT INTO city VALUES ('Kars_Kars_TR', NULL, NULL, NULL, 'TR');
INSERT INTO city VALUES ('Kastamonu_Kastamonu_TR', NULL, NULL, NULL, 'TR');
INSERT INTO city VALUES ('Kayseri_Kayseri_TR', 454000, NULL, NULL, 'TR');
INSERT INTO city VALUES ('Kirikkale_Kirikkale_TR', 170300, NULL, NULL, 'TR');
INSERT INTO city VALUES ('Kirklareli_Kirklareli_TR', NULL, NULL, NULL, 'TR');
INSERT INTO city VALUES ('Kirsehir_Kirsehir_TR', NULL, NULL, NULL, 'TR');
INSERT INTO city VALUES ('Izmit_Kocaeli_TR', 275800, NULL, NULL, 'TR');
INSERT INTO city VALUES ('Kocaeli_Kocaeli_TR', 256882, NULL, NULL, 'TR');
INSERT INTO city VALUES ('Gebze_Kocaeli_TR', 237300, NULL, NULL, 'TR');
INSERT INTO city VALUES ('Adapazari_Kocaeli_TR', 186000, NULL, NULL, 'TR');
INSERT INTO city VALUES ('Konya_Konya_TR', 576000, NULL, NULL, 'TR');
INSERT INTO city VALUES ('Kutahya_Kutahya_TR', 140700, NULL, NULL, 'TR');
INSERT INTO city VALUES ('Malatya_Malatya_TR', 319700, NULL, NULL, 'TR');
INSERT INTO city VALUES ('Manisa_Manisa_TR', 187500, NULL, NULL, 'TR');
INSERT INTO city VALUES ('Mardin_Mardin_TR', NULL, NULL, NULL, 'TR');
INSERT INTO city VALUES ('Mugla_Mugla_TR', NULL, NULL, NULL, 'TR');
INSERT INTO city VALUES ('Mus_Mus_TR', NULL, NULL, NULL, 'TR');
INSERT INTO city VALUES ('Nevsehir_Nevsehir_TR', NULL, NULL, NULL, 'TR');
INSERT INTO city VALUES ('Nigde_Nigde_TR', NULL, NULL, NULL, 'TR');
INSERT INTO city VALUES ('Ordu_Ordu_TR', 121300, NULL, NULL, 'TR');
INSERT INTO city VALUES ('Rize_Rize_TR', NULL, NULL, NULL, 'TR');
INSERT INTO city VALUES ('Sakarya_Sakarya_TR', NULL, NULL, NULL, 'TR');
INSERT INTO city VALUES ('Samsun_Samsun_TR', 326900, NULL, NULL, 'TR');
INSERT INTO city VALUES ('Urfa_Sanliurfa_TR', 357900, NULL, NULL, 'TR');
INSERT INTO city VALUES ('Siirt_Siirt_TR', NULL, NULL, NULL, 'TR');
INSERT INTO city VALUES ('Sinop_Sinop_TR', NULL, NULL, NULL, 'TR');
INSERT INTO city VALUES ('Sirnak_Sirnak_TR', NULL, NULL, NULL, 'TR');
INSERT INTO city VALUES ('Sivas_Sivas_TR', 240100, NULL, NULL, 'TR');
INSERT INTO city VALUES ('Tekirdag_Tekirdag_TR', NULL, NULL, NULL, 'TR');
INSERT INTO city VALUES ('Tokat_Tokat_TR', NULL, NULL, NULL, 'TR');
INSERT INTO city VALUES ('Trabzon_Trabzon_TR', 145400, NULL, NULL, 'TR');
INSERT INTO city VALUES ('Tunceli_Tunceli_TR', NULL, NULL, NULL, 'TR');
INSERT INTO city VALUES ('Usak_Usak_TR', 119900, NULL, NULL, 'TR');
INSERT INTO city VALUES ('Van_Van_TR', 194600, NULL, NULL, 'TR');
INSERT INTO city VALUES ('Yozgat_Yozgat_TR', NULL, NULL, NULL, 'TR');
INSERT INTO city VALUES ('Zonguldak_Zonguldak_TR', 115900, NULL, NULL, 'TR');
INSERT INTO city VALUES ('Karabuk_Zonguldak_TR', 113900, NULL, NULL, 'TR');
INSERT INTO city VALUES ('Copenhagen_Denmark_DK', 1358540, 55.6833, 12.55, 'DK');
INSERT INTO city VALUES ('Aarhus_Denmark_DK', 194345, 56.1, 10.1, 'DK');
INSERT INTO city VALUES ('Odense_Denmark_DK', 136803, 55.3, 10.2, 'DK');
INSERT INTO city VALUES ('Aalborg_Denmark_DK', 113865, 57, 10, 'DK');
INSERT INTO city VALUES ('Esbjerg_Denmark_DK', 70975, 55.3, 8.3, 'DK');
INSERT INTO city VALUES ('Randers_Denmark_DK', 55780, 56.3, 10, 'DK');
INSERT INTO city VALUES ('Tallinn_Estonia_EW', 478000, 59.3, 25, 'EW');
INSERT INTO city VALUES ('Torshavn_Faroe Islands_FARX', NULL, 62, -7, 'FARX');
INSERT INTO city VALUES ('Mariehamn_Aland_SF', 9500, 60.1, 19.5, 'SF');
INSERT INTO city VALUES ('Tampere_Haeme_SF', 170097, 61.3, 23.5, 'SF');
INSERT INTO city VALUES ('Lahti_Haeme_SF', 94234, 60.5, 25.2, 'SF');
INSERT INTO city VALUES ('Haemeenlinna_Haeme_SF', 42000, 61, 24.3, 'SF');
INSERT INTO city VALUES ('Kuopio_Kuopio_SF', 78571, 62.5, 27.4, 'SF');
INSERT INTO city VALUES ('Lappeenrenta_Kymi_SF', 53922, 60.5, 26.5, 'SF');
INSERT INTO city VALUES ('Kotka_Kymi_SF', 58345, 60.3, 26.5, 'SF');
INSERT INTO city VALUES ('Rovaniemi_Lappia_SF', 31000, 66.3, 24.4, 'SF');
INSERT INTO city VALUES ('Mikkeli_Mikkeli_SF', 28000, 61.4, 27.2, 'SF');
INSERT INTO city VALUES ('Jyvaeskylae_Suomi_SF', 65511, 62.1, 25.2, 'SF');
INSERT INTO city VALUES ('Joensuu_Pohjols-Karjala_SF', 44000, 62.4, 29.5, 'SF');
INSERT INTO city VALUES ('Oulu_Oulu_SF', 97898, 65.3, 25.2, 'SF');
INSERT INTO city VALUES ('Pori_Turku-Pori_SF', 77763, 61.3, 21.2, 'SF');
INSERT INTO city VALUES ('Turku_Turku-Pori_SF', 161292, 60.3, 22.1, 'SF');
INSERT INTO city VALUES ('Helsinki_Uusimaa_SF', 487428, 60.1667, 24.95, 'SF');
INSERT INTO city VALUES ('Espoo_Uusimaa_SF', 160480, 60.2, 24.3, 'SF');
INSERT INTO city VALUES ('Vaasa_Vaasa_SF', 54275, 63, 21.3, 'SF');
INSERT INTO city VALUES ('Oslo_Oslo_N', 449337, 59.9333, 10.7333, 'N');
INSERT INTO city VALUES ('Moss_Oestfold_N', 24517, 59.3, 10.4, 'N');
INSERT INTO city VALUES ('Hamar_Hedmark_N', 15685, 60.5, 11.5, 'N');
INSERT INTO city VALUES ('Lillehammer_Oppland_N', 22118, 61.1, 10.3, 'N');
INSERT INTO city VALUES ('Drammen_Buskerud_N', 50855, 59.4, 10.1, 'N');
INSERT INTO city VALUES ('Toensberg_Vestfold_N', 8984, 59.2, 10.2, 'N');
INSERT INTO city VALUES ('Skien_Telemark_N', 47010, 59.1, 9.4, 'N');
INSERT INTO city VALUES ('Arendal_Aust Agder_N', 12174, 58.3, 8.4, 'N');
INSERT INTO city VALUES ('Kristiansand_Vest Agder_N', 62640, 58.1, 8, 'N');
INSERT INTO city VALUES ('Stavanger_Rogaland_N', 95089, 59, 5.5, 'N');
INSERT INTO city VALUES ('Bergen_Hordaland_N', 207916, 60.2, 5.2, 'N');
INSERT INTO city VALUES ('Hermannsverk_Sogn og Fjordane_N', 706, 61.1, 6.5, 'N');
INSERT INTO city VALUES ('Molde_Moere og Romsdal_N', 21448, 62.5, 7.1, 'N');
INSERT INTO city VALUES ('Trondheim_Soer Trondelag_N', 134426, 63.3, 10.2, 'N');
INSERT INTO city VALUES ('Steinkjer_Nord Trondelag_N', 20480, 64, 11.3, 'N');
INSERT INTO city VALUES ('Svolvaer_Nordland_N', 4500, 68.2, 14.3, 'N');
INSERT INTO city VALUES ('Narvik_Nordland_N', 18754, 68.3, 17.3, 'N');
INSERT INTO city VALUES ('Bodoe_Nordland_N', 34479, 67.2, 14.2, 'N');
INSERT INTO city VALUES ('Tromsoe_Troms_N', 48109, 69.4, 19, 'N');
INSERT INTO city VALUES ('Hammerfest_Finnmark_N', 7089, 70.4, 23.4, 'N');
INSERT INTO city VALUES ('Vadsoe_Finnmark_N', 5961, 70.5, 29.5, 'N');
INSERT INTO city VALUES ('Vanersborg_Alvsborg_S', 35804, 58.2, 12.2, 'S');
INSERT INTO city VALUES ('Karlskrona_Blekinge_S', 59007, 56.1, 15.3, 'S');
INSERT INTO city VALUES ('Gavle_Gavleborg_S', 87431, 60.4, 17, 'S');
INSERT INTO city VALUES ('Goteborg_Goteborg och Bohus_S', 449189, 57.4, 12, 'S');
INSERT INTO city VALUES ('Visby_Gotland_S', 20000, 57.3, 18.2, 'S');
INSERT INTO city VALUES ('Halmstad_Halland_S', 77601, 56.4, 13, 'S');
INSERT INTO city VALUES ('Ostersund_Jamtland_S', 56662, 63.2, 14.3, 'S');
INSERT INTO city VALUES ('Jonkoping_Jonkoping_S', 115429, 57.4, 14, 'S');
INSERT INTO city VALUES ('Kalmar_Kalmar_S', 54554, 56.4, 16.3, 'S');
INSERT INTO city VALUES ('Falun_Dalarna_S', 51900, 60.3, 15.3, 'S');
INSERT INTO city VALUES ('Kristianstad_Kristianstad_S', 69941, 56, 14, 'S');
INSERT INTO city VALUES ('Vaxjo_Kronoberg_S', 66925, 56.5, 15, 'S');
INSERT INTO city VALUES ('Malmo_Malmohus_S', 245699, 55.3, 13, 'S');
INSERT INTO city VALUES ('Helsingborg_Malmohus_S', 114339, NULL, NULL, 'S');
INSERT INTO city VALUES ('Lulea_Norrbotten_S', 66526, 65.4, 22.1, 'S');
INSERT INTO city VALUES ('Jokkmokk_Norrbotten_S', 6822, 66.1, 19.5, 'S');
INSERT INTO city VALUES ('Orebro_Orebro_S', 119635, 59.2, 15, 'S');
INSERT INTO city VALUES ('Linkoping_Ostergotland_S', 131370, 58.3, 15.3, 'S');
INSERT INTO city VALUES ('Norrkoping_Ostergotland_S', 123795, NULL, NULL, 'S');
INSERT INTO city VALUES ('Mariestad_Skaraborg_S', 24255, 58.4, 13.5, 'S');
INSERT INTO city VALUES ('Nykoping_Sodermanland_S', 64199, 58.5, 17, 'S');
INSERT INTO city VALUES ('Stockholm_Stockholm_S', 711119, 59.35, 18.0667, 'S');
INSERT INTO city VALUES ('Uppsala_Uppsala_S', 183472, 59.5, 17.4, 'S');
INSERT INTO city VALUES ('Karlstad_Varmland_S', 74669, 59.4, 13.5, 'S');
INSERT INTO city VALUES ('Umea_Vasterbotten_S', 85698, 63.5, 20.1, 'S');
INSERT INTO city VALUES ('Harnosand_Vasternorrland_S', 27287, 62.4, 18, 'S');
INSERT INTO city VALUES ('Vasteras_Vastmanland_S', 123728, 59.4, 16.3, 'S');
INSERT INTO city VALUES ('Monaco_Monaco_MC', 1234, 43.7, 7.2, 'MC');
INSERT INTO city VALUES ('Gibraltar_Gibraltar_GBZ', NULL, 36.15, -5.2, 'GBZ');
INSERT INTO city VALUES ('Saint Peter Port_Guernsey_GBG', NULL, 49.6, -2.6, 'GBG');
INSERT INTO city VALUES ('Vatican City_Holy See_V', 392, 41.5, 12.3, 'V');
INSERT INTO city VALUES ('Reykjavik_Iceland_IS', 84000, 64.1333, -21.9333, 'IS');
INSERT INTO city VALUES ('Keflavik_Iceland_IS', 6600, 64, -22.5, 'IS');
INSERT INTO city VALUES ('Hafnarfjoerdur_Iceland_IS', 12000, 64, -22, 'IS');
INSERT INTO city VALUES ('Akureyri_Iceland_IS', 13000, 65.4, -18.3, 'IS');
INSERT INTO city VALUES ('Dublin_Ireland_IRL', 502337, 53.3667, -6.35, 'IRL');
INSERT INTO city VALUES ('San Marino_San Marino_RSM', 4416, 43.5, 12.2, 'RSM');
INSERT INTO city VALUES ('Saint Helier_Jersey_GBJ', NULL, 49.2, -2.1, 'GBJ');
INSERT INTO city VALUES ('Valletta_Malta_M', 9302, 35.9, 14.5, 'M');
INSERT INTO city VALUES ('Victoria_Malta_M', 6414, 36.05, 14.25, 'M');
INSERT INTO city VALUES ('Douglas_Man_GBM', NULL, 54.15, -4.6, 'GBM');
INSERT INTO city VALUES ('Chisinau_Moldova_MD', 663000, 47.2, 28.1, 'MD');
INSERT INTO city VALUES ('Aveiro_Aveiro_P', NULL, NULL, NULL, 'P');
INSERT INTO city VALUES ('Beja_Beja_P', NULL, NULL, NULL, 'P');
INSERT INTO city VALUES ('Braga_Braga_P', 63033, NULL, NULL, 'P');
INSERT INTO city VALUES ('Braganca_Braganca_P', NULL, NULL, NULL, 'P');
INSERT INTO city VALUES ('Castelo Branco_Castelo Branco_P', NULL, NULL, NULL, 'P');
INSERT INTO city VALUES ('Coimbra_Coimbra_P', 74616, NULL, NULL, 'P');
INSERT INTO city VALUES ('Evora_Evora_P', NULL, NULL, NULL, 'P');
INSERT INTO city VALUES ('Faro_Algarve_P', NULL, NULL, NULL, 'P');
INSERT INTO city VALUES ('Guarda_Guarda_P', NULL, NULL, NULL, 'P');
INSERT INTO city VALUES ('Leiria_Leiria_P', NULL, NULL, NULL, 'P');
INSERT INTO city VALUES ('Lisbon_Lisbon_P', 807937, 38.7167, -9.13333, 'P');
INSERT INTO city VALUES ('Amadora_Lisbon_P', 95518, NULL, NULL, 'P');
INSERT INTO city VALUES ('Barreiro_Lisbon_P', 50863, NULL, NULL, 'P');
INSERT INTO city VALUES ('Almada_Lisbon_P', 42607, NULL, NULL, 'P');
INSERT INTO city VALUES ('Portalegre_Portalegre_P', NULL, NULL, NULL, 'P');
INSERT INTO city VALUES ('Porto_Porto_P', 327368, NULL, NULL, 'P');
INSERT INTO city VALUES ('Vila Nova de Gaia_Porto_P', 62468, NULL, NULL, 'P');
INSERT INTO city VALUES ('Santarem_Santarem_P', NULL, NULL, NULL, 'P');
INSERT INTO city VALUES ('Setubal_Setubal_P', 77885, NULL, NULL, 'P');
INSERT INTO city VALUES ('Viana do Castelo_Viana do Castelo_P', NULL, NULL, NULL, 'P');
INSERT INTO city VALUES ('Vila Real_Vila Real_P', NULL, NULL, NULL, 'P');
INSERT INTO city VALUES ('Viseu_Viseu_P', NULL, NULL, NULL, 'P');
INSERT INTO city VALUES ('Ponta Delgada_Azores_P', 46102, 38.35, -27.1, 'P');
INSERT INTO city VALUES ('Funchal_Madeira_P', 44111, 31, -15.9, 'P');
INSERT INTO city VALUES ('Longyearbyen_Svalbard_SVAX', NULL, 78.13, 15.33, 'SVAX');
INSERT INTO city VALUES ('Bristol_Avon_GB', 399200, NULL, NULL, 'GB');
INSERT INTO city VALUES ('Bedford_Bedfordshire_GB', 137300, NULL, NULL, 'GB');
INSERT INTO city VALUES ('Luton_Bedfordshire_GB', 178600, NULL, NULL, 'GB');
INSERT INTO city VALUES ('Reading_Berkshire_GB', 137700, NULL, NULL, 'GB');
INSERT INTO city VALUES ('Wokingham_Berkshire_GB', 142900, NULL, NULL, 'GB');
INSERT INTO city VALUES ('Newbury_Berkshire_GB', 141000, NULL, NULL, 'GB');
INSERT INTO city VALUES ('Windsor_Berkshire_GB', 136700, NULL, NULL, 'GB');
INSERT INTO city VALUES ('Slough_Berkshire_GB', 103500, NULL, NULL, 'GB');
INSERT INTO city VALUES ('Bracknell_Berkshire_GB', 101900, NULL, NULL, 'GB');
INSERT INTO city VALUES ('Aylesbury_Buckinghamshire_GB', 151600, NULL, NULL, 'GB');
INSERT INTO city VALUES ('Milton Keynes_Buckinghamshire_GB', 184400, NULL, NULL, 'GB');
INSERT INTO city VALUES ('Wycombe_Buckinghamshire_GB', 161400, NULL, NULL, 'GB');
INSERT INTO city VALUES ('Cambridge_Cambridgeshire_GB', 113800, NULL, NULL, 'GB');
INSERT INTO city VALUES ('Peterborough_Cambridgeshire_GB', 156400, NULL, NULL, 'GB');
INSERT INTO city VALUES ('Huntingdon_Cambridgeshire_GB', 148800, NULL, NULL, 'GB');
INSERT INTO city VALUES ('Chester_Cheshire_GB', 120800, NULL, NULL, 'GB');
INSERT INTO city VALUES ('Warrington_Cheshire_GB', 185000, NULL, NULL, 'GB');
INSERT INTO city VALUES ('Macclesfield_Cheshire_GB', 151400, NULL, NULL, 'GB');
INSERT INTO city VALUES ('Crewe_Cheshire_GB', 109500, NULL, NULL, 'GB');
INSERT INTO city VALUES ('Middlesbrough_Cleveland_GB', 145800, NULL, NULL, 'GB');
INSERT INTO city VALUES ('Stockton on Tees_Cleveland_GB', 177800, NULL, NULL, 'GB');
INSERT INTO city VALUES ('Truro_Cornwall_GB', NULL, NULL, NULL, 'GB');
INSERT INTO city VALUES ('Carlisle_Cumbria_GB', 102900, NULL, NULL, 'GB');
INSERT INTO city VALUES ('Derby_Derbyshire_GB', 230500, NULL, NULL, 'GB');
INSERT INTO city VALUES ('Sutton in Ashfield_Derbyshire_GB', 109800, NULL, NULL, 'GB');
INSERT INTO city VALUES ('Chesterfield_Derbyshire_GB', 101200, NULL, NULL, 'GB');
INSERT INTO city VALUES ('Matlock_Derbyshire_GB', NULL, NULL, NULL, 'GB');
INSERT INTO city VALUES ('Plymouth_Devon_GB', 255800, NULL, NULL, 'GB');
INSERT INTO city VALUES ('Exeter_Devon_GB', 105100, NULL, NULL, 'GB');
INSERT INTO city VALUES ('Bournemouth_Dorset_GB', 159900, NULL, NULL, 'GB');
INSERT INTO city VALUES ('Poole_Dorset_GB', 137200, NULL, NULL, 'GB');
INSERT INTO city VALUES ('Dorchester_Dorset_GB', NULL, NULL, NULL, 'GB');
INSERT INTO city VALUES ('Darlington_Durham_GB', 100200, NULL, NULL, 'GB');
INSERT INTO city VALUES ('Durham_Durham_GB', NULL, NULL, NULL, 'GB');
INSERT INTO city VALUES ('Brighton_East Sussex_GB', 154400, NULL, NULL, 'GB');
INSERT INTO city VALUES ('Lewes_East Sussex_GB', NULL, NULL, NULL, 'GB');
INSERT INTO city VALUES ('Chelmsford_Essex_GB', 155700, NULL, NULL, 'GB');
INSERT INTO city VALUES ('Southend on Sea_Essex_GB', 167500, NULL, NULL, 'GB');
INSERT INTO city VALUES ('Basildon_Essex_GB', 161700, NULL, NULL, 'GB');
INSERT INTO city VALUES ('Colchester_Essex_GB', 149100, NULL, NULL, 'GB');
INSERT INTO city VALUES ('Braintree_Essex_GB', 121800, NULL, NULL, 'GB');
INSERT INTO city VALUES ('Epping Forest_Essex_GB', 118200, NULL, NULL, 'GB');
INSERT INTO city VALUES ('Cheltenham_Gloucestershire_GB', 106700, NULL, NULL, 'GB');
INSERT INTO city VALUES ('Stroud_Gloucestershire_GB', 105400, NULL, NULL, 'GB');
INSERT INTO city VALUES ('Gloucester_Gloucestershire_GB', 104800, NULL, NULL, 'GB');
INSERT INTO city VALUES ('London_Greater London_GB', 6967500, 51.4833, 0, 'GB');
INSERT INTO city VALUES ('Manchester_Greater Manchester_GB', 431100, NULL, NULL, 'GB');
INSERT INTO city VALUES ('Wigan_Greater Manchester_GB', 310000, NULL, NULL, 'GB');
INSERT INTO city VALUES ('Stockport_Greater Manchester_GB', 291400, NULL, NULL, 'GB');
INSERT INTO city VALUES ('Bolton_Greater Manchester_GB', 265200, NULL, NULL, 'GB');
INSERT INTO city VALUES ('Salford_Greater Manchester_GB', 230700, NULL, NULL, 'GB');
INSERT INTO city VALUES ('Tameside_Greater Manchester_GB', 221800, NULL, NULL, 'GB');
INSERT INTO city VALUES ('Oldham_Greater Manchester_GB', 220400, NULL, NULL, 'GB');
INSERT INTO city VALUES ('Trafford_Greater Manchester_GB', 218100, NULL, NULL, 'GB');
INSERT INTO city VALUES ('Rochdale_Greater Manchester_GB', 207100, NULL, NULL, 'GB');
INSERT INTO city VALUES ('Bury_Greater Manchester_GB', 181400, NULL, NULL, 'GB');
INSERT INTO city VALUES ('Winchester_Hampshire_GB', 100500, NULL, NULL, 'GB');
INSERT INTO city VALUES ('Southampton_Hampshire_GB', 211700, NULL, NULL, 'GB');
INSERT INTO city VALUES ('Portsmouth_Hampshire_GB', 189100, NULL, NULL, 'GB');
INSERT INTO city VALUES ('Basingstoke_Hampshire_GB', 146500, NULL, NULL, 'GB');
INSERT INTO city VALUES ('Havant_Hampshire_GB', 117500, NULL, NULL, 'GB');
INSERT INTO city VALUES ('Eastleigh_Hampshire_GB', 109600, NULL, NULL, 'GB');
INSERT INTO city VALUES ('Fareham_Hampshire_GB', 101000, NULL, NULL, 'GB');
INSERT INTO city VALUES ('Worcester_Hereford and Worcester_GB', NULL, NULL, NULL, 'GB');
INSERT INTO city VALUES ('Saint Albans_Hertfordshire_GB', 127700, NULL, NULL, 'GB');
INSERT INTO city VALUES ('Hertford_Hertfordshire_GB', NULL, NULL, NULL, 'GB');
INSERT INTO city VALUES ('Kingston upon Hull_Humberside_GB', 269100, NULL, NULL, 'GB');
INSERT INTO city VALUES ('Beverley_Humberside_GB', 115800, NULL, NULL, 'GB');
INSERT INTO city VALUES ('Hull_Humberside_GB', NULL, NULL, NULL, 'GB');
INSERT INTO city VALUES ('Maidstone_Kent_GB', 138500, NULL, NULL, 'GB');
INSERT INTO city VALUES ('Rochester upon Medway_Kent_GB', 148200, NULL, NULL, 'GB');
INSERT INTO city VALUES ('Canterbury_Kent_GB', 132400, NULL, NULL, 'GB');
INSERT INTO city VALUES ('Swale_Kent_GB', 117200, NULL, NULL, 'GB');
INSERT INTO city VALUES ('Sevenoaks_Kent_GB', 109400, NULL, NULL, 'GB');
INSERT INTO city VALUES ('Dover_Kent_GB', 106100, NULL, NULL, 'GB');
INSERT INTO city VALUES ('Tonbridge_Kent_GB', 102100, NULL, NULL, 'GB');
INSERT INTO city VALUES ('Tunbridge Wells_Kent_GB', 101800, NULL, NULL, 'GB');
INSERT INTO city VALUES ('Preston_Lancashire_GB', 132200, NULL, NULL, 'GB');
INSERT INTO city VALUES ('Blackpool_Lancashire_GB', 153600, NULL, NULL, 'GB');
INSERT INTO city VALUES ('Blackburn_Lancashire_GB', 139500, NULL, NULL, 'GB');
INSERT INTO city VALUES ('Lancaster_Lancashire_GB', 133600, NULL, NULL, 'GB');
INSERT INTO city VALUES ('Leichester_Leicestershire_GB', 293400, NULL, NULL, 'GB');
INSERT INTO city VALUES ('Lincoln_Lincolnshire_GB', NULL, NULL, NULL, 'GB');
INSERT INTO city VALUES ('Liverpool_Merseyside_GB', 474000, NULL, NULL, 'GB');
INSERT INTO city VALUES ('Wiral_Merseyside_GB', 331100, NULL, NULL, 'GB');
INSERT INTO city VALUES ('Sefton_Merseyside_GB', 292400, NULL, NULL, 'GB');
INSERT INTO city VALUES ('Saint Helens_Merseyside_GB', 180200, NULL, NULL, 'GB');
INSERT INTO city VALUES ('Knowsley_Merseyside_GB', 155300, NULL, NULL, 'GB');
INSERT INTO city VALUES ('Norwich_Norfolk_GB', 128100, NULL, NULL, 'GB');
INSERT INTO city VALUES ('Northampton_Northamptonshire_GB', 187200, NULL, NULL, 'GB');
INSERT INTO city VALUES ('Harrogate_North Yorkshire_GB', 146500, NULL, NULL, 'GB');
INSERT INTO city VALUES ('Scarborough_North Yorkshire_GB', 108700, NULL, NULL, 'GB');
INSERT INTO city VALUES ('York_North Yorkshire_GB', 104000, NULL, NULL, 'GB');
INSERT INTO city VALUES ('Northallerton_North Yorkshire_GB', NULL, NULL, NULL, 'GB');
INSERT INTO city VALUES ('Nottingham_Nottinghamshire_GB', 282400, NULL, NULL, 'GB');
INSERT INTO city VALUES ('Newark on Trent_Nottinghamshire_GB', 104400, NULL, NULL, 'GB');
INSERT INTO city VALUES ('Mansfield_Nottinghamshire_GB', 102100, NULL, NULL, 'GB');
INSERT INTO city VALUES ('Oxford_Oxfordshire_GB', 132000, NULL, NULL, 'GB');
INSERT INTO city VALUES ('Shrewsbury_Shropshire_GB', NULL, NULL, NULL, 'GB');
INSERT INTO city VALUES ('Taunton_Somerset_GB', NULL, NULL, NULL, 'GB');
INSERT INTO city VALUES ('Barnsley_South Yorkshire_GB', 226500, NULL, NULL, 'GB');
INSERT INTO city VALUES ('Sheffield_South Yorkshire_GB', 530100, NULL, NULL, 'GB');
INSERT INTO city VALUES ('Doncaster_South Yorkshire_GB', 292500, NULL, NULL, 'GB');
INSERT INTO city VALUES ('Rotherham_South Yorkshire_GB', 256300, NULL, NULL, 'GB');
INSERT INTO city VALUES ('Stafford_Staffordshire_GB', 121500, NULL, NULL, 'GB');
INSERT INTO city VALUES ('Stoke on Trent_Staffordshire_GB', 254200, NULL, NULL, 'GB');
INSERT INTO city VALUES ('Newcastle under Lyme_Staffordshire_GB', 123000, NULL, NULL, 'GB');
INSERT INTO city VALUES ('Ipswich_Suffolk_GB', 114800, NULL, NULL, 'GB');
INSERT INTO city VALUES ('Guildford_Surrey_GB', 126200, NULL, NULL, 'GB');
INSERT INTO city VALUES ('Reigate_Surrey_GB', 118800, NULL, NULL, 'GB');
INSERT INTO city VALUES ('Elmbridge_Surrey_GB', 117300, NULL, NULL, 'GB');
INSERT INTO city VALUES ('Kingston_Surrey_GB', NULL, NULL, NULL, 'GB');
INSERT INTO city VALUES ('Sunderland_Tyne and Wear_GB', 292200, NULL, NULL, 'GB');
INSERT INTO city VALUES ('Newcastle upon Tyne_Tyne and Wear_GB', 283600, NULL, NULL, 'GB');
INSERT INTO city VALUES ('Gateshead_Tyne and Wear_GB', 202400, NULL, NULL, 'GB');
INSERT INTO city VALUES ('Warwick_Warwickshire_GB', 118600, NULL, NULL, 'GB');
INSERT INTO city VALUES ('Nuneaton_Warwickshire_GB', 118500, NULL, NULL, 'GB');
INSERT INTO city VALUES ('Stratford on Avon_Warwickshire_GB', 108600, NULL, NULL, 'GB');
INSERT INTO city VALUES ('Birmingham_West Midlands_GB', 1008400, 52.4833, -1.93333, 'GB');
INSERT INTO city VALUES ('Dudley_West Midlands_GB', 312200, NULL, NULL, 'GB');
INSERT INTO city VALUES ('Coventry_West Midlands_GB', 302500, NULL, NULL, 'GB');
INSERT INTO city VALUES ('Walsall_West Midlands_GB', 263900, NULL, NULL, 'GB');
INSERT INTO city VALUES ('Wolverhampton_West Midlands_GB', 245100, NULL, NULL, 'GB');
INSERT INTO city VALUES ('Solihull_West Midlands_GB', 202000, NULL, NULL, 'GB');
INSERT INTO city VALUES ('West Bromwich_West Midlands_GB', 154500, NULL, NULL, 'GB');
INSERT INTO city VALUES ('Sandwell_West Midlands_GB', 293700, NULL, NULL, 'GB');
INSERT INTO city VALUES ('Chichester_West Sussex_GB', 102500, NULL, NULL, 'GB');
INSERT INTO city VALUES ('Horsham_West Sussex_GB', 112300, NULL, NULL, 'GB');
INSERT INTO city VALUES ('Wakefield_West Yorkshire_GB', 317300, NULL, NULL, 'GB');
INSERT INTO city VALUES ('Leeds_West Yorkshire_GB', 724400, NULL, NULL, 'GB');
INSERT INTO city VALUES ('Bradford_West Yorkshire_GB', 481700, NULL, NULL, 'GB');
INSERT INTO city VALUES ('Kirklees_West Yorkshire_GB', 386900, NULL, NULL, 'GB');
INSERT INTO city VALUES ('Huddersfield_West Yorkshire_GB', 148500, NULL, NULL, 'GB');
INSERT INTO city VALUES ('Salisbury_Wiltshire_GB', 109800, NULL, NULL, 'GB');
INSERT INTO city VALUES ('Trowbridge_Wiltshire_GB', NULL, NULL, NULL, 'GB');
INSERT INTO city VALUES ('Newtown St. Boswells_Borders_GB', NULL, NULL, NULL, 'GB');
INSERT INTO city VALUES ('Stirling_Central_GB', NULL, NULL, NULL, 'GB');
INSERT INTO city VALUES ('Dumfries_Dumfries and Galloway_GB', NULL, NULL, NULL, 'GB');
INSERT INTO city VALUES ('Glenrothes_Fife_GB', NULL, NULL, NULL, 'GB');
INSERT INTO city VALUES ('Aberdeen_Grampian_GB', 219100, NULL, NULL, 'GB');
INSERT INTO city VALUES ('Inverness_Highland_GB', NULL, NULL, NULL, 'GB');
INSERT INTO city VALUES ('Edinburgh_Lothian_GB', 447600, 55.9167, -3.18333, 'GB');
INSERT INTO city VALUES ('Glasgow_Strathclyde_GB', 674800, 55.8667, -4.28333, 'GB');
INSERT INTO city VALUES ('Renfrew_Strathclyde_GB', 201700, NULL, NULL, 'GB');
INSERT INTO city VALUES ('Dundee_Tayside_GB', 167600, NULL, NULL, 'GB');
INSERT INTO city VALUES ('Colwyn Bay_Aberconwy and Colwyn_GB', NULL, NULL, NULL, 'GB');
INSERT INTO city VALUES ('Llangefni_Anglesey_GB', NULL, NULL, NULL, 'GB');
INSERT INTO city VALUES ('Ebbw Vale_Blaenau Gwent_GB', NULL, NULL, NULL, 'GB');
INSERT INTO city VALUES ('Bridgend_Bridgend_GB', NULL, NULL, NULL, 'GB');
INSERT INTO city VALUES ('Ystrad Fawr_Caerphilly_GB', NULL, NULL, NULL, 'GB');
INSERT INTO city VALUES ('Cardiff_Cardiff_GB', 300000, 51.4667, -3.16667, 'GB');
INSERT INTO city VALUES ('Carmarthen_Carmarthenshire_GB', NULL, NULL, NULL, 'GB');
INSERT INTO city VALUES ('Aberystwyth_Ceredigion_GB', NULL, NULL, NULL, 'GB');
INSERT INTO city VALUES ('Ruthin_Denbighshire_GB', NULL, NULL, NULL, 'GB');
INSERT INTO city VALUES ('Mold_Flintshire_GB', NULL, NULL, NULL, 'GB');
INSERT INTO city VALUES ('Caernarfon_Gwynedd_GB', NULL, NULL, NULL, 'GB');
INSERT INTO city VALUES ('Merthyr Tydfil_Merthyr Tydfil_GB', NULL, NULL, NULL, 'GB');
INSERT INTO city VALUES ('Cwmbran_Monmouthshire_GB', NULL, NULL, NULL, 'GB');
INSERT INTO city VALUES ('Port Talbot_Neath and Port Talbot_GB', NULL, NULL, NULL, 'GB');
INSERT INTO city VALUES ('Newport_Newport_GB', 137000, NULL, NULL, 'GB');
INSERT INTO city VALUES ('Haverfordwest_Pembrokeshire_GB', NULL, NULL, NULL, 'GB');
INSERT INTO city VALUES ('Llandrindod Wells_Powys_GB', NULL, NULL, NULL, 'GB');
INSERT INTO city VALUES ('Rhondda_Rhondda Cynon Taff_GB', NULL, NULL, NULL, 'GB');
INSERT INTO city VALUES ('Swansea_Swansea_GB', 189300, NULL, NULL, 'GB');
INSERT INTO city VALUES ('Pontypool_Torfaen_GB', NULL, NULL, NULL, 'GB');
INSERT INTO city VALUES ('Rhymney Valley_Vale of Glamorgan_GB', 104300, NULL, NULL, 'GB');
INSERT INTO city VALUES ('Barry_Vale of Glamorgan_GB', NULL, NULL, NULL, 'GB');
INSERT INTO city VALUES ('Wrexham_Wrexham_GB', 117100, NULL, NULL, 'GB');
INSERT INTO city VALUES ('Belfast_Northern Ireland_GB', 297100, 54.6, -5.91667, 'GB');
INSERT INTO city VALUES ('Kirkwall_Orkneys_GB', 6330, 59, -3, 'GB');
INSERT INTO city VALUES ('Stornoway_Outer Hebrides_GB', 8000, 58.2, -6.4, 'GB');
INSERT INTO city VALUES ('Lerwick_Shetland_GB', 6570, 60.15, -1.15, 'GB');
INSERT INTO city VALUES ('Kabul_Afghanistan_AFG', 892000, 34.5833, 69.2, 'AFG');
INSERT INTO city VALUES ('Hefei_Anhui_TJ', 1000000, 32, 117, 'TJ');
INSERT INTO city VALUES ('Huainan_Anhui_TJ', 1200000, NULL, NULL, 'TJ');
INSERT INTO city VALUES ('Suzhou_Anhui_TJ', 151862, NULL, NULL, 'TJ');
INSERT INTO city VALUES ('Bengbu_Anhui_TJ', 449245, NULL, NULL, 'TJ');
INSERT INTO city VALUES ('Wuhu_Anhui_TJ', 425740, NULL, NULL, 'TJ');
INSERT INTO city VALUES ('Huaibei_Anhui_TJ', 366549, NULL, NULL, 'TJ');
INSERT INTO city VALUES ('Maanshan_Anhui_TJ', 305421, NULL, NULL, 'TJ');
INSERT INTO city VALUES ('Anqing_Anhui_TJ', 250718, NULL, NULL, 'TJ');
INSERT INTO city VALUES ('Tongling_Anhui_TJ', 228017, NULL, NULL, 'TJ');
INSERT INTO city VALUES ('Fuyang_Anhui_TJ', 179572, NULL, NULL, 'TJ');
INSERT INTO city VALUES ('Luan_Anhui_TJ', 144248, NULL, NULL, 'TJ');
INSERT INTO city VALUES ('Chuxian_Anhui_TJ', 125341, NULL, NULL, 'TJ');
INSERT INTO city VALUES ('Chaoxian_Anhui_TJ', 123676, NULL, NULL, 'TJ');
INSERT INTO city VALUES ('Xuancheng_Anhui_TJ', 112673, NULL, NULL, 'TJ');
INSERT INTO city VALUES ('Fuzhou_Fujian_TJ', 874809, 26, 119, 'TJ');
INSERT INTO city VALUES ('Xiamen_Fujian_TJ', 368786, NULL, NULL, 'TJ');
INSERT INTO city VALUES ('Nanping_Fujian_TJ', 195064, NULL, NULL, 'TJ');
INSERT INTO city VALUES ('Quanzhou_Fujian_TJ', 185154, NULL, NULL, 'TJ');
INSERT INTO city VALUES ('Zhangzhou_Fujian_TJ', 181424, NULL, NULL, 'TJ');
INSERT INTO city VALUES ('Sanming_Fujian_TJ', 160691, NULL, NULL, 'TJ');
INSERT INTO city VALUES ('Longyan_Fujian_TJ', 134481, NULL, NULL, 'TJ');
INSERT INTO city VALUES ('Yongan_Fujian_TJ', 111762, NULL, NULL, 'TJ');
INSERT INTO city VALUES ('Lanzhou_Gansu_TJ', 1510000, 36, 104, 'TJ');
INSERT INTO city VALUES ('Tianshui_Gansu_TJ', 244974, NULL, NULL, 'TJ');
INSERT INTO city VALUES ('Baiyin_Gansu_TJ', 204970, NULL, NULL, 'TJ');
INSERT INTO city VALUES ('Wuwei_Gansu_TJ', 133101, NULL, NULL, 'TJ');
INSERT INTO city VALUES ('Yumen_Gansu_TJ', 109234, NULL, NULL, 'TJ');
INSERT INTO city VALUES ('Guangzhou_Guangdong_TJ', 3580000, 23, 114, 'TJ');
INSERT INTO city VALUES ('Shantou_Guangdong_TJ', 578630, NULL, NULL, 'TJ');
INSERT INTO city VALUES ('Zhanjiang_Guangdong_TJ', 400997, NULL, NULL, 'TJ');
INSERT INTO city VALUES ('Shenzhen_Guangdong_TJ', 350727, NULL, NULL, 'TJ');
INSERT INTO city VALUES ('Shaoguan_Guangdong_TJ', 350043, NULL, NULL, 'TJ');
INSERT INTO city VALUES ('Chaozhou_Guangdong_TJ', 313469, NULL, NULL, 'TJ');
INSERT INTO city VALUES ('Dongguan_Guangdong_TJ', 308669, NULL, NULL, 'TJ');
INSERT INTO city VALUES ('Foshan_Guangdong_TJ', 303160, NULL, NULL, 'TJ');
INSERT INTO city VALUES ('Zhongshan_Guangdong_TJ', 278829, NULL, NULL, 'TJ');
INSERT INTO city VALUES ('Jiangmen_Guangdong_TJ', 230587, NULL, NULL, 'TJ');
INSERT INTO city VALUES ('Yangjiang_Guangdong_TJ', 215196, NULL, NULL, 'TJ');
INSERT INTO city VALUES ('Zhaoqing_Guangdong_TJ', 194784, NULL, NULL, 'TJ');
INSERT INTO city VALUES ('Maoming_Guangdong_TJ', 178683, NULL, NULL, 'TJ');
INSERT INTO city VALUES ('Zhuhai_Guangdong_TJ', 164747, NULL, NULL, 'TJ');
INSERT INTO city VALUES ('Huizhou_Guangdong_TJ', 161023, NULL, NULL, 'TJ');
INSERT INTO city VALUES ('Meixian_Guangdong_TJ', 132156, NULL, NULL, 'TJ');
INSERT INTO city VALUES ('Heyuan_Guangdong_TJ', 120101, NULL, NULL, 'TJ');
INSERT INTO city VALUES ('Shanwei_Guangdong_TJ', 107847, NULL, NULL, 'TJ');
INSERT INTO city VALUES ('Guiyang_Guizhou_TJ', 1530000, 26, 106, 'TJ');
INSERT INTO city VALUES ('Liupanshui_Guizhou_TJ', 363954, NULL, NULL, 'TJ');
INSERT INTO city VALUES ('Zunyi_Guizhou_TJ', 261862, NULL, NULL, 'TJ');
INSERT INTO city VALUES ('Anshun_Guizhou_TJ', 174142, NULL, NULL, 'TJ');
INSERT INTO city VALUES ('Duyun_Guizhou_TJ', 132971, NULL, NULL, 'TJ');
INSERT INTO city VALUES ('Kaili_Guizhou_TJ', 113958, NULL, NULL, 'TJ');
INSERT INTO city VALUES ('Haikou_Hainan_TJ', 280153, 20.05, 110.3, 'TJ');
INSERT INTO city VALUES ('Sanya_Hainan_TJ', 102820, NULL, NULL, 'TJ');
INSERT INTO city VALUES ('Shijiazhuang_Hebei_TJ', 1320000, 38, 114.5, 'TJ');
INSERT INTO city VALUES ('Tangshan_Hebei_TJ', 1500000, NULL, NULL, 'TJ');
INSERT INTO city VALUES ('Handan_Hebei_TJ', 1110000, NULL, NULL, 'TJ');
INSERT INTO city VALUES ('Zhangjiakou_Hebei_TJ', 529136, NULL, NULL, 'TJ');
INSERT INTO city VALUES ('Baoding_Hebei_TJ', 483155, NULL, NULL, 'TJ');
INSERT INTO city VALUES ('Qinhuangdao_Hebei_TJ', 364972, NULL, NULL, 'TJ');
INSERT INTO city VALUES ('Xingtai_Hebei_TJ', 302789, NULL, NULL, 'TJ');
INSERT INTO city VALUES ('Chengde_Hebei_TJ', 246799, NULL, NULL, 'TJ');
INSERT INTO city VALUES ('Renqiu_Hebei_TJ', 114256, NULL, NULL, 'TJ');
INSERT INTO city VALUES ('Quzhou_Hebei_TJ', 112373, NULL, NULL, 'TJ');
INSERT INTO city VALUES ('Hengshui_Hebei_TJ', 104269, NULL, NULL, 'TJ');
INSERT INTO city VALUES ('Harbin_Heilongjiang_TJ', 2830000, 45.4, 126.4, 'TJ');
INSERT INTO city VALUES ('Qiqihar_Heilongjiang_TJ', 1380000, NULL, NULL, 'TJ');
INSERT INTO city VALUES ('Yichun_Heilongjiang_TJ', 795789, NULL, NULL, 'TJ');
INSERT INTO city VALUES ('Jixi_Heilongjiang_TJ', 683885, NULL, NULL, 'TJ');
INSERT INTO city VALUES ('Daqing_Heilongjiang_TJ', 657297, NULL, NULL, 'TJ');
INSERT INTO city VALUES ('Mudanjiang_Heilongjiang_TJ', 571705, NULL, NULL, 'TJ');
INSERT INTO city VALUES ('Hegang_Heilongjiang_TJ', 522747, NULL, NULL, 'TJ');
INSERT INTO city VALUES ('Jiamusi_Heilongjiang_TJ', 493409, NULL, NULL, 'TJ');
INSERT INTO city VALUES ('Shuangyashan_Heilongjiang_TJ', 386081, NULL, NULL, 'TJ');
INSERT INTO city VALUES ('Suihua_Heilongjiang_TJ', 227881, NULL, NULL, 'TJ');
INSERT INTO city VALUES ('Shangzhi_Heilongjiang_TJ', 215373, NULL, NULL, 'TJ');
INSERT INTO city VALUES ('Qitaihe_Heilongjiang_TJ', 214957, NULL, NULL, 'TJ');
INSERT INTO city VALUES ('Beian_Heilongjiang_TJ', 204899, NULL, NULL, 'TJ');
INSERT INTO city VALUES ('Acheng_Heilongjiang_TJ', 197595, NULL, NULL, 'TJ');
INSERT INTO city VALUES ('Zhaodong_Heilongjiang_TJ', 179976, NULL, NULL, 'TJ');
INSERT INTO city VALUES ('Fuling_Heilongjiang_TJ', 173878, NULL, NULL, 'TJ');
INSERT INTO city VALUES ('Shuangcheng_Heilongjiang_TJ', 142659, NULL, NULL, 'TJ');
INSERT INTO city VALUES ('Anda_Heilongjiang_TJ', 136446, NULL, NULL, 'TJ');
INSERT INTO city VALUES ('Mishan_Heilongjiang_TJ', 132744, NULL, NULL, 'TJ');
INSERT INTO city VALUES ('Zhengzhou_Henan_TJ', 1710000, 34.5, 114, 'TJ');
INSERT INTO city VALUES ('Luoyang_Henan_TJ', 1190000, NULL, NULL, 'TJ');
INSERT INTO city VALUES ('Kaifeng_Henan_TJ', 507763, NULL, NULL, 'TJ');
INSERT INTO city VALUES ('Xinxiang_Henan_TJ', 473762, NULL, NULL, 'TJ');
INSERT INTO city VALUES ('Anyang_Henan_TJ', 420332, NULL, NULL, 'TJ');
INSERT INTO city VALUES ('Pingdingshan_Henan_TJ', 410775, NULL, NULL, 'TJ');
INSERT INTO city VALUES ('Jiaozuo_Henan_TJ', 409100, NULL, NULL, 'TJ');
INSERT INTO city VALUES ('Nanyang_Henan_TJ', 243303, NULL, NULL, 'TJ');
INSERT INTO city VALUES ('Hebi_Henan_TJ', 212976, NULL, NULL, 'TJ');
INSERT INTO city VALUES ('Xuchang_Henan_TJ', 208815, NULL, NULL, 'TJ');
INSERT INTO city VALUES ('Xinyang_Henan_TJ', 192509, NULL, NULL, 'TJ');
INSERT INTO city VALUES ('Puyang_Henan_TJ', 175988, NULL, NULL, 'TJ');
INSERT INTO city VALUES ('Shangqiu_Henan_TJ', 164880, NULL, NULL, 'TJ');
INSERT INTO city VALUES ('Zhoukou_Henan_TJ', 146288, NULL, NULL, 'TJ');
INSERT INTO city VALUES ('Luohe_Henan_TJ', 126438, NULL, NULL, 'TJ');
INSERT INTO city VALUES ('Zhumadian_Henan_TJ', 123232, NULL, NULL, 'TJ');
INSERT INTO city VALUES ('Sanmenxia_Henan_TJ', 120523, NULL, NULL, 'TJ');
INSERT INTO city VALUES ('Wuhan_Hubei_TJ', 3750000, 30.45, 114.15, 'TJ');
INSERT INTO city VALUES ('Huangshi_Hubei_TJ', 457601, NULL, NULL, 'TJ');
INSERT INTO city VALUES ('Xiangfan_Hubei_TJ', 410407, NULL, NULL, 'TJ');
INSERT INTO city VALUES ('Yichang_Hubei_TJ', 371601, NULL, NULL, 'TJ');
INSERT INTO city VALUES ('Shashi_Hubei_TJ', 281352, NULL, NULL, 'TJ');
INSERT INTO city VALUES ('Shiyan_Hubei_TJ', 273786, NULL, NULL, 'TJ');
INSERT INTO city VALUES ('Cangzhou_Hubei_TJ', 242708, NULL, NULL, 'TJ');
INSERT INTO city VALUES ('Honghu_Hubei_TJ', 190772, NULL, NULL, 'TJ');
INSERT INTO city VALUES ('Echeng_Hubei_TJ', 190123, NULL, NULL, 'TJ');
INSERT INTO city VALUES ('Tianmen_Hubei_TJ', 186332, NULL, NULL, 'TJ');
INSERT INTO city VALUES ('Xiaogan_Hubei_TJ', 166280, NULL, NULL, 'TJ');
INSERT INTO city VALUES ('Zaoyang_Hubei_TJ', 162198, NULL, NULL, 'TJ');
INSERT INTO city VALUES ('Xianning_Hubei_TJ', 136811, NULL, NULL, 'TJ');
INSERT INTO city VALUES ('Laohekou_Hubei_TJ', 123366, NULL, NULL, 'TJ');
INSERT INTO city VALUES ('Puqi_Hubei_TJ', 117264, NULL, NULL, 'TJ');
INSERT INTO city VALUES ('Shishou_Hubei_TJ', 104571, NULL, NULL, 'TJ');
INSERT INTO city VALUES ('Guangshui_Hubei_TJ', 102770, NULL, NULL, 'TJ');
INSERT INTO city VALUES ('Changsha_Hunan_TJ', 1330000, 28.1, 113.5, 'TJ');
INSERT INTO city VALUES ('Hengyang_Hunan_TJ', 487148, NULL, NULL, 'TJ');
INSERT INTO city VALUES ('Xiangtan_Hunan_TJ', 441968, NULL, NULL, 'TJ');
INSERT INTO city VALUES ('Zhuzhou_Hunan_TJ', 409924, NULL, NULL, 'TJ');
INSERT INTO city VALUES ('Yueyang_Hunan_TJ', 302800, NULL, NULL, 'TJ');
INSERT INTO city VALUES ('Changde_Hunan_TJ', 301276, NULL, NULL, 'TJ');
INSERT INTO city VALUES ('Shaoyang_Hunan_TJ', 247227, NULL, NULL, 'TJ');
INSERT INTO city VALUES ('Yiyang_Hunan_TJ', 185818, NULL, NULL, 'TJ');
INSERT INTO city VALUES ('Lengshuijiang_Hunan_TJ', 137994, NULL, NULL, 'TJ');
INSERT INTO city VALUES ('Leiyang_Hunan_TJ', 130115, NULL, NULL, 'TJ');
INSERT INTO city VALUES ('Loudi_Hunan_TJ', 128418, NULL, NULL, 'TJ');
INSERT INTO city VALUES ('Huaihua_Hunan_TJ', 126785, NULL, NULL, 'TJ');
INSERT INTO city VALUES ('Zixing_Hunan_TJ', 110048, NULL, NULL, 'TJ');
INSERT INTO city VALUES ('Liling_Hunan_TJ', 108504, NULL, NULL, 'TJ');
INSERT INTO city VALUES ('Yuanjiang_Hunan_TJ', 107004, NULL, NULL, 'TJ');
INSERT INTO city VALUES ('Nanjing_Jiangsu_TJ', 2500000, 32.5, 119, 'TJ');
INSERT INTO city VALUES ('Wuxi_Jiangsu_TJ', 826833, NULL, NULL, 'TJ');
INSERT INTO city VALUES ('Xuzhou_Jiangsu_TJ', 805695, NULL, NULL, 'TJ');
INSERT INTO city VALUES ('Suzhou_Jiangsu_TJ', 706459, NULL, NULL, 'TJ');
INSERT INTO city VALUES ('Changzhou_Jiangsu_TJ', 531470, NULL, NULL, 'TJ');
INSERT INTO city VALUES ('Zhenjiang_Jiangsu_TJ', 368316, NULL, NULL, 'TJ');
INSERT INTO city VALUES ('Lianyungang_Jiangsu_TJ', 354139, NULL, NULL, 'TJ');
INSERT INTO city VALUES ('Nantong_Jiangsu_TJ', 343341, NULL, NULL, 'TJ');
INSERT INTO city VALUES ('Yangzhou_Jiangsu_TJ', 312892, NULL, NULL, 'TJ');
INSERT INTO city VALUES ('Yancheng_Jiangsu_TJ', 296831, NULL, NULL, 'TJ');
INSERT INTO city VALUES ('Huaiyin_Jiangsu_TJ', 239675, NULL, NULL, 'TJ');
INSERT INTO city VALUES ('Jiangyin_Jiangsu_TJ', 213659, NULL, NULL, 'TJ');
INSERT INTO city VALUES ('Yixing_Jiangsu_TJ', 200824, NULL, NULL, 'TJ');
INSERT INTO city VALUES ('Dongtai_Jiangsu_TJ', 192247, NULL, NULL, 'TJ');
INSERT INTO city VALUES ('Changshu_Jiangsu_TJ', 181805, NULL, NULL, 'TJ');
INSERT INTO city VALUES ('Danyang_Jiangsu_TJ', 169603, NULL, NULL, 'TJ');
INSERT INTO city VALUES ('Xinghua_Jiangsu_TJ', 161910, NULL, NULL, 'TJ');
INSERT INTO city VALUES ('Taizhou_Jiangsu_TJ', 152442, NULL, NULL, 'TJ');
INSERT INTO city VALUES ('Huaian_Jiangsu_TJ', 131149, NULL, NULL, 'TJ');
INSERT INTO city VALUES ('Liyang_Jiangsu_TJ', 109520, NULL, NULL, 'TJ');
INSERT INTO city VALUES ('Yizheng_Jiangsu_TJ', 109268, NULL, NULL, 'TJ');
INSERT INTO city VALUES ('Suqian_Jiangsu_TJ', 105021, NULL, NULL, 'TJ');
INSERT INTO city VALUES ('Kunshan_Jiangsu_TJ', 102052, NULL, NULL, 'TJ');
INSERT INTO city VALUES ('Nanchang_Jiangxi_TJ', 1350000, 28.4, 115.5, 'TJ');
INSERT INTO city VALUES ('Fuzhou_Jiangxi_TJ', 1290000, NULL, NULL, 'TJ');
INSERT INTO city VALUES ('Yichun_Jiangxi_TJ', 151585, NULL, NULL, 'TJ');
INSERT INTO city VALUES ('Pingxiang_Jiangxi_TJ', 425579, NULL, NULL, 'TJ');
INSERT INTO city VALUES ('Jiujiang_Jiangxi_TJ', 291187, NULL, NULL, 'TJ');
INSERT INTO city VALUES ('Jingdezhen_Jiangxi_TJ', 281183, NULL, NULL, 'TJ');
INSERT INTO city VALUES ('Ganzhou_Jiangxi_TJ', 220129, NULL, NULL, 'TJ');
INSERT INTO city VALUES ('Xinyu_Jiangxi_TJ', 173524, NULL, NULL, 'TJ');
INSERT INTO city VALUES ('Shangrao_Jiangxi_TJ', 132455, NULL, NULL, 'TJ');
INSERT INTO city VALUES ('Jilin_Jilin_TJ', 1270000, NULL, NULL, 'TJ');
INSERT INTO city VALUES ('Changchun_Jilin_TJ', 2110000, 43.5, 125.15, 'TJ');
INSERT INTO city VALUES ('Hunjiang_Jilin_TJ', 482043, NULL, NULL, 'TJ');
INSERT INTO city VALUES ('Liaoyuan_Jilin_TJ', 354141, NULL, NULL, 'TJ');
INSERT INTO city VALUES ('Tonghua_Jilin_TJ', 324600, NULL, NULL, 'TJ');
INSERT INTO city VALUES ('Siping_Jilin_TJ', 317223, NULL, NULL, 'TJ');
INSERT INTO city VALUES ('Dunhua_Jilin_TJ', 235100, NULL, NULL, 'TJ');
INSERT INTO city VALUES ('Yanji_Jilin_TJ', 230892, NULL, NULL, 'TJ');
INSERT INTO city VALUES ('Gongzhuling_Jilin_TJ', 226569, NULL, NULL, 'TJ');
INSERT INTO city VALUES ('Baicheng_Jilin_TJ', 217987, NULL, NULL, 'TJ');
INSERT INTO city VALUES ('Meihekou_Jilin_TJ', 209038, NULL, NULL, 'TJ');
INSERT INTO city VALUES ('Fuyu_Jilin_TJ', 192981, NULL, NULL, 'TJ');
INSERT INTO city VALUES ('Jiutai_Jilin_TJ', 180130, NULL, NULL, 'TJ');
INSERT INTO city VALUES ('Huadian_Jilin_TJ', 175873, NULL, NULL, 'TJ');
INSERT INTO city VALUES ('Longjing_Jilin_TJ', 139417, NULL, NULL, 'TJ');
INSERT INTO city VALUES ('Daan_Jilin_TJ', 138963, NULL, NULL, 'TJ');
INSERT INTO city VALUES ('Shenyang_Liaoning_TJ', 4540000, 42, 123.3, 'TJ');
INSERT INTO city VALUES ('Dalian_Liaoning_TJ', 2400000, NULL, NULL, 'TJ');
INSERT INTO city VALUES ('Anshan_Liaoning_TJ', 1390000, NULL, NULL, 'TJ');
INSERT INTO city VALUES ('Fushun_Liaoning_TJ', 1350000, NULL, NULL, 'TJ');
INSERT INTO city VALUES ('Benxi_Liaoning_TJ', 768778, NULL, NULL, 'TJ');
INSERT INTO city VALUES ('Fuxin_Liaoning_TJ', 635473, NULL, NULL, 'TJ');
INSERT INTO city VALUES ('Jinzhou_Liaoning_TJ', 569518, NULL, NULL, 'TJ');
INSERT INTO city VALUES ('Dandong_Liaoning_TJ', 523699, NULL, NULL, 'TJ');
INSERT INTO city VALUES ('Liaoyang_Liaoning_TJ', 492559, NULL, NULL, 'TJ');
INSERT INTO city VALUES ('Yingkou_Liaoning_TJ', 421589, NULL, NULL, 'TJ');
INSERT INTO city VALUES ('Panshan_Liaoning_TJ', 362773, NULL, NULL, 'TJ');
INSERT INTO city VALUES ('Jinxi_Liaoning_TJ', 357052, NULL, NULL, 'TJ');
INSERT INTO city VALUES ('Tieling_Liaoning_TJ', 254842, NULL, NULL, 'TJ');
INSERT INTO city VALUES ('Wafangdian_Liaoning_TJ', 251733, NULL, NULL, 'TJ');
INSERT INTO city VALUES ('Chaoyang_Liaoning_TJ', 222394, NULL, NULL, 'TJ');
INSERT INTO city VALUES ('Haicheng_Liaoning_TJ', 205560, NULL, NULL, 'TJ');
INSERT INTO city VALUES ('Beipiao_Liaoning_TJ', 194301, NULL, NULL, 'TJ');
INSERT INTO city VALUES ('Fengcheng_Liaoning_TJ', 193784, NULL, NULL, 'TJ');
INSERT INTO city VALUES ('Xingcheng_Liaoning_TJ', 102384, NULL, NULL, 'TJ');
INSERT INTO city VALUES ('Xining_Qinghai_TJ', 551776, 37, 102, 'TJ');
INSERT INTO city VALUES ('Yushu_Qinghai_TJ', 131861, NULL, NULL, 'TJ');
INSERT INTO city VALUES ('Xian_Shaanxi_TJ', 2760000, 34, 109, 'TJ');
INSERT INTO city VALUES ('Xianyang_Shaanxi_TJ', 352125, NULL, NULL, 'TJ');
INSERT INTO city VALUES ('Baoji_Shaanxi_TJ', 337765, NULL, NULL, 'TJ');
INSERT INTO city VALUES ('Tongchuan_Shaanxi_TJ', 280657, NULL, NULL, 'TJ');
INSERT INTO city VALUES ('Hanzhong_Shaanxi_TJ', 169930, NULL, NULL, 'TJ');
INSERT INTO city VALUES ('Ankang_Shaanxi_TJ', 142170, NULL, NULL, 'TJ');
INSERT INTO city VALUES ('Weinan_Shaanxi_TJ', 140169, NULL, NULL, 'TJ');
INSERT INTO city VALUES ('Yanan_Shaanxi_TJ', 113277, NULL, NULL, 'TJ');
INSERT INTO city VALUES ('Jinan_Shandong_TJ', 2320000, 36.5, 117, 'TJ');
INSERT INTO city VALUES ('Zibo_Shandong_TJ', 2460000, NULL, NULL, 'TJ');
INSERT INTO city VALUES ('Qingdao_Shandong_TJ', 2060000, NULL, NULL, 'TJ');
INSERT INTO city VALUES ('Yantai_Shandong_TJ', 452127, NULL, NULL, 'TJ');
INSERT INTO city VALUES ('Weifang_Shandong_TJ', 428522, NULL, NULL, 'TJ');
INSERT INTO city VALUES ('Zaozhuang_Shandong_TJ', 380846, NULL, NULL, 'TJ');
INSERT INTO city VALUES ('Taian_Shandong_TJ', 350696, NULL, NULL, 'TJ');
INSERT INTO city VALUES ('Linyi_Shandong_TJ', 324720, NULL, NULL, 'TJ');
INSERT INTO city VALUES ('Tengxian_Shandong_TJ', 315083, NULL, NULL, 'TJ');
INSERT INTO city VALUES ('Dongying_Shandong_TJ', 281728, NULL, NULL, 'TJ');
INSERT INTO city VALUES ('Xintai_Shandong_TJ', 281248, NULL, NULL, 'TJ');
INSERT INTO city VALUES ('Jining_Shandong_TJ', 265248, NULL, NULL, 'TJ');
INSERT INTO city VALUES ('Laiwu_Shandong_TJ', 246833, NULL, NULL, 'TJ');
INSERT INTO city VALUES ('Liaocheng_Shandong_TJ', 207844, NULL, NULL, 'TJ');
INSERT INTO city VALUES ('Dezhou_Shandong_TJ', 195485, NULL, NULL, 'TJ');
INSERT INTO city VALUES ('Heze_Shandong_TJ', 189293, NULL, NULL, 'TJ');
INSERT INTO city VALUES ('Rizhao_Shandong_TJ', 185048, NULL, NULL, 'TJ');
INSERT INTO city VALUES ('Liancheng_Shandong_TJ', 156307, NULL, NULL, 'TJ');
INSERT INTO city VALUES ('Jiaoxian_Shandong_TJ', 153364, NULL, NULL, 'TJ');
INSERT INTO city VALUES ('Pingdu_Shandong_TJ', 150123, NULL, NULL, 'TJ');
INSERT INTO city VALUES ('Longkou_Shandong_TJ', 148362, NULL, NULL, 'TJ');
INSERT INTO city VALUES ('Laiyang_Shandong_TJ', 137080, NULL, NULL, 'TJ');
INSERT INTO city VALUES ('Wendeng_Shandong_TJ', 133910, NULL, NULL, 'TJ');
INSERT INTO city VALUES ('Weihai_Shandong_TJ', 128888, NULL, NULL, 'TJ');
INSERT INTO city VALUES ('Linqing_Shandong_TJ', 123958, NULL, NULL, 'TJ');
INSERT INTO city VALUES ('Jiaonan_Shandong_TJ', 121397, NULL, NULL, 'TJ');
INSERT INTO city VALUES ('Zhucheng_Shandong_TJ', 102134, NULL, NULL, 'TJ');
INSERT INTO city VALUES ('Taiyuan_Shanxi_TJ', 1960000, 38, 112.3, 'TJ');
INSERT INTO city VALUES ('Datong_Shanxi_TJ', 1110000, NULL, NULL, 'TJ');
INSERT INTO city VALUES ('Yangquan_Shanxi_TJ', 362268, NULL, NULL, 'TJ');
INSERT INTO city VALUES ('Changzhi_Shanxi_TJ', 317144, NULL, NULL, 'TJ');
INSERT INTO city VALUES ('Yuci_Shanxi_TJ', 191356, NULL, NULL, 'TJ');
INSERT INTO city VALUES ('Linfen_Shanxi_TJ', 187309, NULL, NULL, 'TJ');
INSERT INTO city VALUES ('Jincheng_Shanxi_TJ', 136396, NULL, NULL, 'TJ');
INSERT INTO city VALUES ('Chengdu_Sichuan_TJ', 2810000, 33.15, 107.15, 'TJ');
INSERT INTO city VALUES ('Chongqing_Sichuan_TJ', 2980000, NULL, NULL, 'TJ');
INSERT INTO city VALUES ('Dukou_Sichuan_TJ', 415466, NULL, NULL, 'TJ');
INSERT INTO city VALUES ('Zigong_Sichuan_TJ', 393184, NULL, NULL, 'TJ');
INSERT INTO city VALUES ('Leshan_Sichuan_TJ', 341128, NULL, NULL, 'TJ');
INSERT INTO city VALUES ('Mianyang_Sichuan_TJ', 262947, NULL, NULL, 'TJ');
INSERT INTO city VALUES ('Luzhou_Sichuan_TJ', 262892, NULL, NULL, 'TJ');
INSERT INTO city VALUES ('Neijiang_Sichuan_TJ', 256012, NULL, NULL, 'TJ');
INSERT INTO city VALUES ('Yibin_Sichuan_TJ', 241019, NULL, NULL, 'TJ');
INSERT INTO city VALUES ('Qianjiang_Sichuan_TJ', 205504, NULL, NULL, 'TJ');
INSERT INTO city VALUES ('Daxian_Sichuan_TJ', 188101, NULL, NULL, 'TJ');
INSERT INTO city VALUES ('Deyang_Sichuan_TJ', 182488, NULL, NULL, 'TJ');
INSERT INTO city VALUES ('Guangyuan_Sichuan_TJ', 182241, NULL, NULL, 'TJ');
INSERT INTO city VALUES ('Nanchong_Sichuan_TJ', 180273, NULL, NULL, 'TJ');
INSERT INTO city VALUES ('Jiangyou_Sichuan_TJ', 175753, NULL, NULL, 'TJ');
INSERT INTO city VALUES ('Wanxian_Sichuan_TJ', 156823, NULL, NULL, 'TJ');
INSERT INTO city VALUES ('Xichang_Sichuan_TJ', 134419, NULL, NULL, 'TJ');
INSERT INTO city VALUES ('Kunming_Yunnan_TJ', 1520000, 25.5, 102.4, 'TJ');
INSERT INTO city VALUES ('Gejiu_Yunnan_TJ', 214294, NULL, NULL, 'TJ');
INSERT INTO city VALUES ('Qujing_Yunnan_TJ', 178669, NULL, NULL, 'TJ');
INSERT INTO city VALUES ('Hangzhou_Zhejiang_TJ', 1340000, 30.2, 125.5, 'TJ');
INSERT INTO city VALUES ('Ningbo_Zhejiang_TJ', 1090000, NULL, NULL, 'TJ');
INSERT INTO city VALUES ('Wenzhou_Zhejiang_TJ', 401871, NULL, NULL, 'TJ');
INSERT INTO city VALUES ('Huzhou_Zhejiang_TJ', 218071, NULL, NULL, 'TJ');
INSERT INTO city VALUES ('Jiaxing_Zhejiang_TJ', 211526, NULL, NULL, 'TJ');
INSERT INTO city VALUES ('Shaoxing_Zhejiang_TJ', 179818, NULL, NULL, 'TJ');
INSERT INTO city VALUES ('Xiaoshan_Zhejiang_TJ', 162930, NULL, NULL, 'TJ');
INSERT INTO city VALUES ('Ruian_Zhejiang_TJ', 156468, NULL, NULL, 'TJ');
INSERT INTO city VALUES ('Zhoushan_Zhejiang_TJ', 156317, NULL, NULL, 'TJ');
INSERT INTO city VALUES ('Jinhua_Zhejiang_TJ', 144280, NULL, NULL, 'TJ');
INSERT INTO city VALUES ('Yuyao_Zhejiang_TJ', 114056, NULL, NULL, 'TJ');
INSERT INTO city VALUES ('Cixi_Zhejiang_TJ', 107329, NULL, NULL, 'TJ');
INSERT INTO city VALUES ('Haining_Zhejiang_TJ', 100478, NULL, NULL, 'TJ');
INSERT INTO city VALUES ('Nanning_Guangxi Zhuangzu_TJ', 1070000, 22.5, 108.5, 'TJ');
INSERT INTO city VALUES ('Liuzhou_Guangxi Zhuangzu_TJ', 609320, NULL, NULL, 'TJ');
INSERT INTO city VALUES ('Guilin_Guangxi Zhuangzu_TJ', 364130, NULL, NULL, 'TJ');
INSERT INTO city VALUES ('Wuzhou_Guangxi Zhuangzu_TJ', 210452, NULL, NULL, 'TJ');
INSERT INTO city VALUES ('Qinzhou_Guangxi Zhuangzu_TJ', 114586, NULL, NULL, 'TJ');
INSERT INTO city VALUES ('Guixian_Guangxi Zhuangzu_TJ', 114025, NULL, NULL, 'TJ');
INSERT INTO city VALUES ('Beihai_Guangxi Zhuangzu_TJ', 112673, NULL, NULL, 'TJ');
INSERT INTO city VALUES ('Hohhot_Nei Monggol_TJ', 652534, 41, 113, 'TJ');
INSERT INTO city VALUES ('Baotou_Nei Monggol_TJ', 1200000, NULL, NULL, 'TJ');
INSERT INTO city VALUES ('Yakeshi_Nei Monggol_TJ', 377869, NULL, NULL, 'TJ');
INSERT INTO city VALUES ('Chifeng_Nei Monggol_TJ', 350077, NULL, NULL, 'TJ');
INSERT INTO city VALUES ('Jining_Nei Monggol_TJ', 163552, NULL, NULL, 'TJ');
INSERT INTO city VALUES ('Wuhai_Nei Monggol_TJ', 264081, NULL, NULL, 'TJ');
INSERT INTO city VALUES ('Tongliao_Nei Monggol_TJ', 255129, NULL, NULL, 'TJ');
INSERT INTO city VALUES ('Hailar_Nei Monggol_TJ', 180650, NULL, NULL, 'TJ');
INSERT INTO city VALUES ('Ulanhot_Nei Monggol_TJ', 159538, NULL, NULL, 'TJ');
INSERT INTO city VALUES ('Linhe_Nei Monggol_TJ', 133183, NULL, NULL, 'TJ');
INSERT INTO city VALUES ('Manzhouli_Nei Monggol_TJ', 120023, NULL, NULL, 'TJ');
INSERT INTO city VALUES ('Yinchuan_Ningxia Huizu_TJ', 356652, 38.3, 106.2, 'TJ');
INSERT INTO city VALUES ('Shizuishan_Ningxia Huizu_TJ', 257862, NULL, NULL, 'TJ');
INSERT INTO city VALUES ('Urumqi_Xinjiang Uygur_TJ', 1160000, 44, 88, 'TJ');
INSERT INTO city VALUES ('Shihezi_Xinjiang Uygur_TJ', 299676, NULL, NULL, 'TJ');
INSERT INTO city VALUES ('Karamay_Xinjiang Uygur_TJ', 197602, NULL, NULL, 'TJ');
INSERT INTO city VALUES ('Yining_Xinjiang Uygur_TJ', 177193, NULL, NULL, 'TJ');
INSERT INTO city VALUES ('Kashi_Xinjiang Uygur_TJ', 174570, NULL, NULL, 'TJ');
INSERT INTO city VALUES ('Aksu_Xinjiang Uygur_TJ', 164092, NULL, NULL, 'TJ');
INSERT INTO city VALUES ('Hami_Xinjiang Uygur_TJ', 161315, NULL, NULL, 'TJ');
INSERT INTO city VALUES ('Korla_Xinjiang Uygur_TJ', 159344, NULL, NULL, 'TJ');
INSERT INTO city VALUES ('Lhasa_Tibet_TJ', 106885, 29.5, 91, 'TJ');
INSERT INTO city VALUES ('Beijing_Beijing (munic.)_TJ', 7000000, 39.5, 116.2, 'TJ');
INSERT INTO city VALUES ('Shanghai_Shanghai (munic.)_TJ', 7830000, 31.2, 121.433, 'TJ');
INSERT INTO city VALUES ('Tianjin_Tianjin (munic.)_TJ', 5770000, 39.1, 117.2, 'TJ');
INSERT INTO city VALUES ('Orumiyeh_Azarbayian e Gharbt_IR', 396392, 37.3, 45, 'IR');
INSERT INTO city VALUES ('Khvoy_Azarbayian e Gharbt_IR', 137885, NULL, NULL, 'IR');
INSERT INTO city VALUES ('Maragheh_Azarbayian e Gharbt_IR', 117388, NULL, NULL, 'IR');
INSERT INTO city VALUES ('Tabriz_Azarbayian e Sharqi_IR', 1166203, 38.1, 46.2, 'IR');
INSERT INTO city VALUES ('Ardabil_Azarbayian e Sharqi_IR', 329869, NULL, NULL, 'IR');
INSERT INTO city VALUES ('Bakhtaran_Bakhtaran_IR', 665636, 34.2, 47.1, 'IR');
INSERT INTO city VALUES ('Yasuj_Boyer Ahmad e Kohkiluyeh_IR', NULL, NULL, NULL, 'IR');
INSERT INTO city VALUES ('Bandar e Bushehr_Bushehr_IR', 132824, NULL, NULL, 'IR');
INSERT INTO city VALUES ('Bushehr_Bushehr_IR', NULL, NULL, NULL, 'IR');
INSERT INTO city VALUES ('Shahr e Kord_Chahar Mahal e Bakhtiari_IR', NULL, NULL, NULL, 'IR');
INSERT INTO city VALUES ('Esfahan_Esfahan_IR', 1220595, 32.4, 51.4, 'IR');
INSERT INTO city VALUES ('Najafabad_Esfahan_IR', 160004, NULL, NULL, 'IR');
INSERT INTO city VALUES ('Khomeynishahr_Esfahan_IR', 118348, NULL, NULL, 'IR');
INSERT INTO city VALUES ('Shiraz_Fars_IR', 1042801, 29.4, 52.3, 'IR');
INSERT INTO city VALUES ('Rasht_Gilan_IR', 374475, 37.2, 49.4, 'IR');
INSERT INTO city VALUES ('Hamadan_Hamadan_IR', 406070, 34.5, 48.3, 'IR');
INSERT INTO city VALUES ('Malayer_Hamadan_IR', 130458, NULL, NULL, 'IR');
INSERT INTO city VALUES ('Bandar Abbas_Hormozgan_IR', 383515, NULL, NULL, 'IR');
INSERT INTO city VALUES ('Ilam_Ilam_IR', 116428, NULL, NULL, 'IR');
INSERT INTO city VALUES ('Kerman_Kerman_IR', 349626, NULL, NULL, 'IR');
INSERT INTO city VALUES ('Sirjan_Kerman_IR', 107887, NULL, NULL, 'IR');
INSERT INTO city VALUES ('Mashhad_Khorasan_IR', 1964489, 36.2, 59.4, 'IR');
INSERT INTO city VALUES ('Sabzevar_Khorasan_IR', 148065, NULL, NULL, 'IR');
INSERT INTO city VALUES ('Neyshabur_Khorasan_IR', 135681, NULL, NULL, 'IR');
INSERT INTO city VALUES ('Bojnurd_Khorasan_IR', 112426, NULL, NULL, 'IR');
INSERT INTO city VALUES ('Birjand_Khorasan_IR', 101177, NULL, NULL, 'IR');
INSERT INTO city VALUES ('Ahvaz_Khuzestan_IR', 828380, 31.2, 48.4, 'IR');
INSERT INTO city VALUES ('Khorramshahr_Khuzestan_IR', 197241, NULL, NULL, 'IR');
INSERT INTO city VALUES ('Dezful_Khuzestan_IR', 181309, NULL, NULL, 'IR');
INSERT INTO city VALUES ('Masjed e Soleyman_Khuzestan_IR', 107539, NULL, NULL, 'IR');
INSERT INTO city VALUES ('Sanandaj_Kordestan_IR', 277314, NULL, NULL, 'IR');
INSERT INTO city VALUES ('Khorramabad_Lorestan_IR', 277370, NULL, NULL, 'IR');
INSERT INTO city VALUES ('Borujerd_Lorestan_IR', 201016, NULL, NULL, 'IR');
INSERT INTO city VALUES ('Arak_Markazi_IR', 378597, NULL, NULL, 'IR');
INSERT INTO city VALUES ('Sari_Mazandaran_IR', 167602, NULL, NULL, 'IR');
INSERT INTO city VALUES ('Gorgan_Mazandaran_IR', 162468, NULL, NULL, 'IR');
INSERT INTO city VALUES ('Amol_Mazandaran_IR', 139923, NULL, NULL, 'IR');
INSERT INTO city VALUES ('Babol_Mazandaran_IR', 137348, NULL, NULL, 'IR');
INSERT INTO city VALUES ('Qaemshahr_Mazandaran_IR', 123684, NULL, NULL, 'IR');
INSERT INTO city VALUES ('Gonbad e Kavus_Mazandaran_IR', 102768, NULL, NULL, 'IR');
INSERT INTO city VALUES ('Semnan_Semnan_IR', NULL, NULL, NULL, 'IR');
INSERT INTO city VALUES ('Zahedan_Sistan e Baluchestan_IR', 419886, NULL, NULL, 'IR');
INSERT INTO city VALUES ('Tehran_Tehran_IR', 6750043, 35.6833, 51.4167, 'IR');
INSERT INTO city VALUES ('Qom_Tehran_IR', 780453, 34.4, 50.5, 'IR');
INSERT INTO city VALUES ('Karaj_Tehran_IR', 588287, NULL, NULL, 'IR');
INSERT INTO city VALUES ('Mehrshahr_Tehran_IR', 413299, NULL, NULL, 'IR');
INSERT INTO city VALUES ('Rajaishahr_Tehran_IR', 160362, NULL, NULL, 'IR');
INSERT INTO city VALUES ('Qazvin_Tehran_IR', 298705, NULL, NULL, 'IR');
INSERT INTO city VALUES ('Kashan_Tehran_IR', 155188, NULL, NULL, 'IR');
INSERT INTO city VALUES ('Islamshahr_Tehran_IR', 239715, NULL, NULL, 'IR');
INSERT INTO city VALUES ('Yazd_Yazd_IR', 306268, NULL, NULL, 'IR');
INSERT INTO city VALUES ('Zanjan_Zanjan_IR', 280691, NULL, NULL, 'IR');
INSERT INTO city VALUES ('Islamabad_Pakistan_PK', 204364, 34, 73, 'PK');
INSERT INTO city VALUES ('Hyderabad_Pakistan_PK', 1107000, NULL, NULL, 'PK');
INSERT INTO city VALUES ('Quetta_Pakistan_PK', 285719, NULL, NULL, 'PK');
INSERT INTO city VALUES ('Peshawar_Pakistan_PK', 1676000, NULL, NULL, 'PK');
INSERT INTO city VALUES ('Lahore_Pakistan_PK', 5085000, 31.58, 74.33, 'PK');
INSERT INTO city VALUES ('Karachi_Pakistan_PK', 9863000, 24.8, 66.98, 'PK');
INSERT INTO city VALUES ('Lyallpur_Pakistan_PK', 1875000, NULL, NULL, 'PK');
INSERT INTO city VALUES ('Gujranwala_Pakistan_PK', 1663000, NULL, NULL, 'PK');
INSERT INTO city VALUES ('Rawalpindi_Pakistan_PK', 1290000, NULL, NULL, 'PK');
INSERT INTO city VALUES ('Multan_Pakistan_PK', 1257000, NULL, NULL, 'PK');
INSERT INTO city VALUES ('Sialkot_Pakistan_PK', 302009, NULL, NULL, 'PK');
INSERT INTO city VALUES ('Sargodha_Pakistan_PK', 291362, NULL, NULL, 'PK');
INSERT INTO city VALUES ('Lahore Cantonment_Pakistan_PK', 237000, NULL, NULL, 'PK');
INSERT INTO city VALUES ('Jhang_Pakistan_PK', 195558, NULL, NULL, 'PK');
INSERT INTO city VALUES ('Sukkur_Pakistan_PK', 190551, NULL, NULL, 'PK');
INSERT INTO city VALUES ('Bahawalpur_Pakistan_PK', 180263, NULL, NULL, 'PK');
INSERT INTO city VALUES ('Kasur_Pakistan_PK', 155523, NULL, NULL, 'PK');
INSERT INTO city VALUES ('Gujrat_Pakistan_PK', 155058, NULL, NULL, 'PK');
INSERT INTO city VALUES ('Okara_Pakistan_PK', 153483, NULL, NULL, 'PK');
INSERT INTO city VALUES ('Sahiwal_Pakistan_PK', 150954, NULL, NULL, 'PK');
INSERT INTO city VALUES ('Mardan_Pakistan_PK', 147977, NULL, NULL, 'PK');
INSERT INTO city VALUES ('Sheikhupura_Pakistan_PK', 141168, NULL, NULL, 'PK');
INSERT INTO city VALUES ('Mirpur Khas_Pakistan_PK', 124371, NULL, NULL, 'PK');
INSERT INTO city VALUES ('Larkana_Pakistan_PK', 123890, NULL, NULL, 'PK');
INSERT INTO city VALUES ('Wah Cantonment_Pakistan_PK', 122335, NULL, NULL, 'PK');
INSERT INTO city VALUES ('Rahim Yar Khan_Pakistan_PK', 119036, NULL, NULL, 'PK');
INSERT INTO city VALUES ('Jhelum_Pakistan_PK', 106462, NULL, NULL, 'PK');
INSERT INTO city VALUES ('Chiniot_Pakistan_PK', 105559, NULL, NULL, 'PK');
INSERT INTO city VALUES ('Nawabshah_Pakistan_PK', 102139, NULL, NULL, 'PK');
INSERT INTO city VALUES ('Dera Ghazi Khan_Pakistan_PK', 102007, NULL, NULL, 'PK');
INSERT INTO city VALUES ('Khujand_Khujand_TAD', 164500, NULL, NULL, 'TAD');
INSERT INTO city VALUES ('Kulob_Kulob_TAD', 79300, NULL, NULL, 'TAD');
INSERT INTO city VALUES ('Qurghonteppa_Khatlon_TAD', 58400, NULL, NULL, 'TAD');
INSERT INTO city VALUES ('Khorugh_Badakhshoni Kuni_TAD', NULL, NULL, NULL, 'TAD');
INSERT INTO city VALUES ('Dushanbe_Dushanbe (munic.)_TAD', 582400, 38.3, 68.48, 'TAD');
INSERT INTO city VALUES ('Ashgabat_Ahal_TM', 416400, 37.58, 58.2, 'TM');
INSERT INTO city VALUES ('Nebitdag_Balkan_TM', 89100, NULL, NULL, 'TM');
INSERT INTO city VALUES ('Tashauz_Dashhowuz_TM', 117000, NULL, NULL, 'TM');
INSERT INTO city VALUES ('Charjew_Leban_TM', 166400, NULL, NULL, 'TM');
INSERT INTO city VALUES ('Mary_Mary_TM', 94900, NULL, NULL, 'TM');
INSERT INTO city VALUES ('Andijon_Andijon_UZB', 303000, NULL, NULL, 'UZB');
INSERT INTO city VALUES ('Bukhoro_Bukhoro_UZB', 236000, NULL, NULL, 'UZB');
INSERT INTO city VALUES ('Farghona_Farghona_UZB', 191000, NULL, NULL, 'UZB');
INSERT INTO city VALUES ('Quqon_Farghona_UZB', 184000, NULL, NULL, 'UZB');
INSERT INTO city VALUES ('Marghilon_Farghona_UZB', 129000, NULL, NULL, 'UZB');
INSERT INTO city VALUES ('Jizzakh_Jizzakh_UZB', 116000, NULL, NULL, 'UZB');
INSERT INTO city VALUES ('Urganch_Khorazm_UZB', 135000, NULL, NULL, 'UZB');
INSERT INTO city VALUES ('Namangan_Namangan_UZB', 341000, NULL, NULL, 'UZB');
INSERT INTO city VALUES ('Nawoiy_Nawoiy_UZB', 115000, NULL, NULL, 'UZB');
INSERT INTO city VALUES ('Qarshi_Qasqadare_UZB', 177000, NULL, NULL, 'UZB');
INSERT INTO city VALUES ('Samarqand_Samarqand_UZB', 368000, NULL, NULL, 'UZB');
INSERT INTO city VALUES ('Guliston_Sirdare_UZB', NULL, NULL, NULL, 'UZB');
INSERT INTO city VALUES ('Termiz_Surkhondare_UZB', NULL, NULL, NULL, 'UZB');
INSERT INTO city VALUES ('Tashkent_Toshkent_UZB', 2106000, 41.3333, 69.3, 'UZB');
INSERT INTO city VALUES ('Chirchiq_Toshkent_UZB', 156000, NULL, NULL, 'UZB');
INSERT INTO city VALUES ('Angren_Toshkent_UZB', 132000, NULL, NULL, 'UZB');
INSERT INTO city VALUES ('Olmaliq_Toshkent_UZB', 116000, NULL, NULL, 'UZB');
INSERT INTO city VALUES ('Nukus_Qaraqalpoghiston_UZB', 185000, NULL, NULL, 'UZB');
INSERT INTO city VALUES ('Yerevan_Armenia_ARM', 1200000, 40.1, 44.4, 'ARM');
INSERT INTO city VALUES ('Tbilisi_Georgia_GE', 1200000, 41.7167, 44.8, 'GE');
INSERT INTO city VALUES ('Baku_Azerbaijan_AZ', 1740000, 40.3, 49.5, 'AZ');
INSERT INTO city VALUES ('Manama_Bahrain_BRN', 145000, 26, 50.5, 'BRN');
INSERT INTO city VALUES ('Dhaka_Bangladesh_BD', 3839000, 24, 90.5, 'BD');
INSERT INTO city VALUES ('Khulna_Bangladesh_BD', 731000, NULL, NULL, 'BD');
INSERT INTO city VALUES ('Rajshahi_Bangladesh_BD', 318000, NULL, NULL, 'BD');
INSERT INTO city VALUES ('Narayanganj_Bangladesh_BD', 296000, NULL, NULL, 'BD');
INSERT INTO city VALUES ('Rangpur_Bangladesh_BD', 207000, NULL, NULL, 'BD');
INSERT INTO city VALUES ('Mymensingh_Bangladesh_BD', 202000, NULL, NULL, 'BD');
INSERT INTO city VALUES ('Barisal_Bangladesh_BD', 188000, NULL, NULL, 'BD');
INSERT INTO city VALUES ('Tongi_Bangladesh_BD', 181000, NULL, NULL, 'BD');
INSERT INTO city VALUES ('Comilla_Bangladesh_BD', 156000, NULL, NULL, 'BD');
INSERT INTO city VALUES ('Jessore_Bangladesh_BD', 154000, NULL, NULL, 'BD');
INSERT INTO city VALUES ('Nawabganj_Bangladesh_BD', 141000, NULL, NULL, 'BD');
INSERT INTO city VALUES ('Dinajpur_Bangladesh_BD', 138000, NULL, NULL, 'BD');
INSERT INTO city VALUES ('Bogra_Bangladesh_BD', 130000, NULL, NULL, 'BD');
INSERT INTO city VALUES ('Brahmanbaria_Bangladesh_BD', 125000, NULL, NULL, 'BD');
INSERT INTO city VALUES ('Savar_Bangladesh_BD', 115000, NULL, NULL, 'BD');
INSERT INTO city VALUES ('Tangail_Bangladesh_BD', 114000, NULL, NULL, 'BD');
INSERT INTO city VALUES ('Pabna_Bangladesh_BD', 112000, NULL, NULL, 'BD');
INSERT INTO city VALUES ('Jamalpur_Bangladesh_BD', 111000, NULL, NULL, 'BD');
INSERT INTO city VALUES ('Naogaon_Bangladesh_BD', 110000, NULL, NULL, 'BD');
INSERT INTO city VALUES ('Sylhet_Bangladesh_BD', 109000, NULL, NULL, 'BD');
INSERT INTO city VALUES ('Sirajganj_Bangladesh_BD', 108000, NULL, NULL, 'BD');
INSERT INTO city VALUES ('Narsinghdi_Bangladesh_BD', 106000, NULL, NULL, 'BD');
INSERT INTO city VALUES ('Saidpur_Bangladesh_BD', 105000, NULL, NULL, 'BD');
INSERT INTO city VALUES ('Gazipur_Bangladesh_BD', 104000, NULL, NULL, 'BD');
INSERT INTO city VALUES ('Chittagong_Bangladesh_BD', 1599000, 22.35, 91.8333, 'BD');
INSERT INTO city VALUES ('Pathein_Ayeyarwady_MYA', 144100, NULL, NULL, 'MYA');
INSERT INTO city VALUES ('Magway_Magway_MYA', NULL, NULL, NULL, 'MYA');
INSERT INTO city VALUES ('Mandalay_Mandalay_MYA', 532900, 21.9833, 96.1, 'MYA');
INSERT INTO city VALUES ('Bago_Bago_MYA', 150500, NULL, NULL, 'MYA');
INSERT INTO city VALUES ('Rangoon_Yangon_MYA', 2513000, 16.7833, 96.15, 'MYA');
INSERT INTO city VALUES ('Monywa_Sagaing_MYA', 106800, NULL, NULL, 'MYA');
INSERT INTO city VALUES ('Sagaing_Sagaing_MYA', NULL, NULL, NULL, 'MYA');
INSERT INTO city VALUES ('Tavoy_Tanintharyi_MYA', NULL, NULL, NULL, 'MYA');
INSERT INTO city VALUES ('Hakha_Chin_MYA', NULL, NULL, NULL, 'MYA');
INSERT INTO city VALUES ('Myitkyina_Kachin_MYA', NULL, NULL, NULL, 'MYA');
INSERT INTO city VALUES ('Hpa an_Kayin_MYA', NULL, NULL, NULL, 'MYA');
INSERT INTO city VALUES ('Loikaw_Kayah_MYA', NULL, NULL, NULL, 'MYA');
INSERT INTO city VALUES ('Moulmein_Mon_MYA', 220000, NULL, NULL, 'MYA');
INSERT INTO city VALUES ('Akyab_Rakhine_MYA', 107600, NULL, NULL, 'MYA');
INSERT INTO city VALUES ('Taunggyi_Shan_MYA', 108200, NULL, NULL, 'MYA');
INSERT INTO city VALUES ('Hyderabad_Andhra Pradesh_IND', 3145939, 17.1, 78.2, 'IND');
INSERT INTO city VALUES ('Vishakhapatnam_Andhra Pradesh_IND', 752037, NULL, NULL, 'IND');
INSERT INTO city VALUES ('Vijayawada_Andhra Pradesh_IND', 701827, NULL, NULL, 'IND');
INSERT INTO city VALUES ('Guntur_Andhra Pradesh_IND', 471051, NULL, NULL, 'IND');
INSERT INTO city VALUES ('Warangal_Andhra Pradesh_IND', 447653, NULL, NULL, 'IND');
INSERT INTO city VALUES ('Rajahmundry_Andhra Pradesh_IND', 324881, NULL, NULL, 'IND');
INSERT INTO city VALUES ('Itanagar_Arunachal Pradesh_IND', NULL, 27.1, 93.4, 'IND');
INSERT INTO city VALUES ('Gauhati_Assam_IND', 584342, NULL, NULL, 'IND');
INSERT INTO city VALUES ('Dispur_Assam_IND', NULL, 26, 91.5, 'IND');
INSERT INTO city VALUES ('Patna_Bihar_IND', 917243, 25.4, 85, 'IND');
INSERT INTO city VALUES ('Ranchi_Bihar_IND', 599306, NULL, NULL, 'IND');
INSERT INTO city VALUES ('Jamshedpur_Bihar_IND', 478950, NULL, NULL, 'IND');
INSERT INTO city VALUES ('Bokara Steel City_Bihar_IND', 333683, NULL, NULL, 'IND');
INSERT INTO city VALUES ('Panaji_Goa_IND', NULL, 15.4, 74, 'IND');
INSERT INTO city VALUES ('Ahmadabad_Gujarat_IND', 2954526, NULL, NULL, 'IND');
INSERT INTO city VALUES ('Surat_Gujarat_IND', 1505872, NULL, NULL, 'IND');
INSERT INTO city VALUES ('Vadodara_Gujarat_IND', 1061598, NULL, NULL, 'IND');
INSERT INTO city VALUES ('Rajkot_Gujarat_IND', 612458, NULL, NULL, 'IND');
INSERT INTO city VALUES ('Bhavnagar_Gujarat_IND', 402338, NULL, NULL, 'IND');
INSERT INTO city VALUES ('Jamnagar_Gujarat_IND', 350544, NULL, NULL, 'IND');
INSERT INTO city VALUES ('Gandhinagar_Gujarat_IND', NULL, 23.2, 72.2, 'IND');
INSERT INTO city VALUES ('Simla_Himachal Pradesh_IND', NULL, 31, 77.1, 'IND');
INSERT INTO city VALUES ('Srinagar_Jammu and Kashmir_IND', 594775, 34, 74.3, 'IND');
INSERT INTO city VALUES ('Jammu_Jammu and Kashmir_IND', NULL, 32.2, 74.3, 'IND');
INSERT INTO city VALUES ('Bangalore_Karnataka_IND', 3302296, 12.95, 77.6167, 'IND');
INSERT INTO city VALUES ('Hubli_Karnataka_IND', 648298, NULL, NULL, 'IND');
INSERT INTO city VALUES ('Mysore_Karnataka_IND', 606755, NULL, NULL, 'IND');
INSERT INTO city VALUES ('Trivandrum_Kerala_IND', 699872, 8.2, 77, 'IND');
INSERT INTO city VALUES ('Cochin_Kerala_IND', 582588, NULL, NULL, 'IND');
INSERT INTO city VALUES ('Kozhikode_Kerala_IND', 456618, NULL, NULL, 'IND');
INSERT INTO city VALUES ('Bhopal_Madhya Pradesh_IND', 1062771, 23.1, 77.4, 'IND');
INSERT INTO city VALUES ('Indore_Madhya Pradesh_IND', 1091674, NULL, NULL, 'IND');
INSERT INTO city VALUES ('Jabalpur_Madhya Pradesh_IND', 764586, NULL, NULL, 'IND');
INSERT INTO city VALUES ('Gwalior_Madhya Pradesh_IND', 690765, NULL, NULL, 'IND');
INSERT INTO city VALUES ('Raipur_Madhya Pradesh_IND', 438639, NULL, NULL, 'IND');
INSERT INTO city VALUES ('Bhilai_Madhya Pradesh_IND', 395360, NULL, NULL, 'IND');
INSERT INTO city VALUES ('Ujjain_Madhya Pradesh_IND', 362633, NULL, NULL, 'IND');
INSERT INTO city VALUES ('Bhatpara_Madhya Pradesh_IND', 315976, NULL, NULL, 'IND');
INSERT INTO city VALUES ('Mumbai_Maharashtra_IND', 9925891, 19, 72.5, 'IND');
INSERT INTO city VALUES ('Nagpur_Maharashtra_IND', 1624752, 21.15, 79.1167, 'IND');
INSERT INTO city VALUES ('Pune_Maharashtra_IND', 1566651, NULL, NULL, 'IND');
INSERT INTO city VALUES ('Kalyan_Maharashtra_IND', 1014557, NULL, NULL, 'IND');
INSERT INTO city VALUES ('Thane_Maharashtra_IND', 803389, NULL, NULL, 'IND');
INSERT INTO city VALUES ('Nasik_Maharashtra_IND', 656925, NULL, NULL, 'IND');
INSERT INTO city VALUES ('Sholapur_Maharashtra_IND', 604215, NULL, NULL, 'IND');
INSERT INTO city VALUES ('Aurangabad_Maharashtra_IND', 573272, NULL, NULL, 'IND');
INSERT INTO city VALUES ('Amravati_Maharashtra_IND', 421576, NULL, NULL, 'IND');
INSERT INTO city VALUES ('Kolhapur_Maharashtra_IND', 406370, NULL, NULL, 'IND');
INSERT INTO city VALUES ('Bhiwandi_Maharashtra_IND', 392214, NULL, NULL, 'IND');
INSERT INTO city VALUES ('Ulhasnagar_Maharashtra_IND', 369077, NULL, NULL, 'IND');
INSERT INTO city VALUES ('New Bombay_Maharashtra_IND', 307724, NULL, NULL, 'IND');
INSERT INTO city VALUES ('Bombay_Maharashtra_IND', NULL, 18.9, 72.8167, 'IND');
INSERT INTO city VALUES ('Pimpri Chinchwad_Maharashtra_IND', 517083, NULL, NULL, 'IND');
INSERT INTO city VALUES ('Imphal_Manipur_IND', NULL, 24.5, 94, 'IND');
INSERT INTO city VALUES ('Shillong_Meghalaya_IND', NULL, 25.4, 91.5, 'IND');
INSERT INTO city VALUES ('Aijal_Mizoram_IND', NULL, 23.4, 92.4, 'IND');
INSERT INTO city VALUES ('Kohima_Nagaland_IND', NULL, 25.5, 94.1, 'IND');
INSERT INTO city VALUES ('Bhubaneswar_Orissa_IND', 411542, 20.2, 85.5, 'IND');
INSERT INTO city VALUES ('Cuttack_Orissa_IND', 403418, NULL, NULL, 'IND');
INSERT INTO city VALUES ('Ludhiana_Punjab_IND', 1042740, NULL, NULL, 'IND');
INSERT INTO city VALUES ('Amritsar_Punjab_IND', 708835, NULL, NULL, 'IND');
INSERT INTO city VALUES ('Jalandhar_Punjab_IND', 509510, NULL, NULL, 'IND');
INSERT INTO city VALUES ('Jaipur_Rajasthan_IND', 1458183, 27, 75.5, 'IND');
INSERT INTO city VALUES ('Jodhpur_Rajasthan_IND', 666279, NULL, NULL, 'IND');
INSERT INTO city VALUES ('Kota_Rajasthan_IND', 537371, NULL, NULL, 'IND');
INSERT INTO city VALUES ('Bikaner_Rajasthan_IND', 416289, NULL, NULL, 'IND');
INSERT INTO city VALUES ('Ajmer_Rajasthan_IND', 402700, NULL, NULL, 'IND');
INSERT INTO city VALUES ('Gangtok_Sikkim_IND', NULL, 27.3, 88.3, 'IND');
INSERT INTO city VALUES ('Madras_Tamil Nadu_IND', 3841396, 13.0667, 80.25, 'IND');
INSERT INTO city VALUES ('Madurai_Tamil Nadu_IND', 940989, NULL, NULL, 'IND');
INSERT INTO city VALUES ('Coimbatore_Tamil Nadu_IND', 816321, NULL, NULL, 'IND');
INSERT INTO city VALUES ('Tiruchchirappalli_Tamil Nadu_IND', 387223, NULL, NULL, 'IND');
INSERT INTO city VALUES ('Salem_Tamil Nadu_IND', 366712, NULL, NULL, 'IND');
INSERT INTO city VALUES ('Agartala_Tripura_IND', NULL, 23.5, 91.2, 'IND');
INSERT INTO city VALUES ('Lucknow_Uttar Pradesh_IND', 1619115, 27, 81, 'IND');
INSERT INTO city VALUES ('Kanpur_Uttar Pradesh_IND', 1879420, NULL, NULL, 'IND');
INSERT INTO city VALUES ('Varanasi_Uttar Pradesh_IND', 932399, NULL, NULL, 'IND');
INSERT INTO city VALUES ('Agra_Uttar Pradesh_IND', 891790, NULL, NULL, 'IND');
INSERT INTO city VALUES ('Allahabad_Uttar Pradesh_IND', 806486, NULL, NULL, 'IND');
INSERT INTO city VALUES ('Meerut_Uttar Pradesh_IND', 753778, NULL, NULL, 'IND');
INSERT INTO city VALUES ('Faridabad_Uttar Pradesh_IND', 617717, NULL, NULL, 'IND');
INSERT INTO city VALUES ('Bareilly_Uttar Pradesh_IND', 590661, NULL, NULL, 'IND');
INSERT INTO city VALUES ('Gorakhpur_Uttar Pradesh_IND', 505566, NULL, NULL, 'IND');
INSERT INTO city VALUES ('Aligarh_Uttar Pradesh_IND', 480520, NULL, NULL, 'IND');
INSERT INTO city VALUES ('Moradabad_Uttar Pradesh_IND', 429214, NULL, NULL, 'IND');
INSERT INTO city VALUES ('Saharanpur_Uttar Pradesh_IND', 374945, NULL, NULL, 'IND');
INSERT INTO city VALUES ('Jhansi_Uttar Pradesh_IND', 313491, NULL, NULL, 'IND');
INSERT INTO city VALUES ('Calcutta_West Bengal_IND', 4399819, 22.5333, 88.3333, 'IND');
INSERT INTO city VALUES ('Haora_West Bengal_IND', 950435, NULL, NULL, 'IND');
INSERT INTO city VALUES ('Durgapur_West Bengal_IND', 425836, NULL, NULL, 'IND');
INSERT INTO city VALUES ('Port Blair_Andaman and Nicobar Is._IND', NULL, 11.4, 92.5, 'IND');
INSERT INTO city VALUES ('Chandigarh_Chandigarh_IND', 510565, 30.5, 76.5, 'IND');
INSERT INTO city VALUES ('Silvassa_Dadra and Nagar Haveli_IND', NULL, 20.2, 73.1, 'IND');
INSERT INTO city VALUES ('Daman_Daman and Diu_IND', NULL, NULL, NULL, 'IND');
INSERT INTO city VALUES ('New Delhi_Delhi_IND', 7206704, 28.5833, 77.2, 'IND');
INSERT INTO city VALUES ('Ghaziabad_Delhi_IND', 454156, NULL, NULL, 'IND');
INSERT INTO city VALUES ('Kavaratti_Lakshadweep Is._IND', NULL, 10.6, 72.6, 'IND');
INSERT INTO city VALUES ('Pondicherry_Pondicherry_IND', NULL, 12, 79.5, 'IND');
INSERT INTO city VALUES ('Thimphu_Bhutan_BHT', 20000, 27, 90, 'BHT');
INSERT INTO city VALUES ('Bandar Seri Begawan_Brunei_BRU', 56300, 5, 115, 'BRU');
INSERT INTO city VALUES ('Johor Baharu_Johor_MAL', 328646, NULL, NULL, 'MAL');
INSERT INTO city VALUES ('Alor Setar_Kedah_MAL', 125026, NULL, NULL, 'MAL');
INSERT INTO city VALUES ('Kota Baharu_Kelantan_MAL', 219713, NULL, NULL, 'MAL');
INSERT INTO city VALUES ('Melaka_Melaka_MAL', 295999, NULL, NULL, 'MAL');
INSERT INTO city VALUES ('Seremban_Negeri Sembilan_MAL', 182584, NULL, NULL, 'MAL');
INSERT INTO city VALUES ('Kuantan_Pahang_MAL', 198356, NULL, NULL, 'MAL');
INSERT INTO city VALUES ('Ipoh_Perak_MAL', 382633, NULL, NULL, 'MAL');
INSERT INTO city VALUES ('Taiping_Perak_MAL', 183165, NULL, NULL, 'MAL');
INSERT INTO city VALUES ('Kangar_Perlis_MAL', NULL, NULL, NULL, 'MAL');
INSERT INTO city VALUES ('Penang_Pulau Pinang_MAL', 219376, NULL, NULL, 'MAL');
INSERT INTO city VALUES ('Kota Kinabalu_Sabah_MAL', 208484, NULL, NULL, 'MAL');
INSERT INTO city VALUES ('Tawai_Sabah_MAL', 244765, NULL, NULL, 'MAL');
INSERT INTO city VALUES ('Sandakan_Sabah_MAL', 223432, NULL, NULL, 'MAL');
INSERT INTO city VALUES ('Kuching_Sarawak_MAL', 147729, NULL, NULL, 'MAL');
INSERT INTO city VALUES ('Sibu_Sarawak_MAL', 126384, NULL, NULL, 'MAL');
INSERT INTO city VALUES ('Shah Alam_Selangor_MAL', 101733, NULL, NULL, 'MAL');
INSERT INTO city VALUES ('Kelang_Selangor_MAL', 243698, NULL, NULL, 'MAL');
INSERT INTO city VALUES ('Selayang Baru_Selangor_MAL', 124606, NULL, NULL, 'MAL');
INSERT INTO city VALUES ('Kuala Terengganu_Terengganu_MAL', 228654, NULL, NULL, 'MAL');
INSERT INTO city VALUES ('Kuala Lumpur_Fed. Terr. of Kuala Lumpur_MAL', 1145075, 3.11667, 101.7, 'MAL');
INSERT INTO city VALUES ('Petaling Jaya_Fed. Terr. of Kuala Lumpur_MAL', 254849, NULL, NULL, 'MAL');
INSERT INTO city VALUES ('Labuan_Fed. Terr. of Labuan_MAL', NULL, NULL, NULL, 'MAL');
INSERT INTO city VALUES ('Vientiane_Laos_LAO', 377409, 18, 102.45, 'LAO');
INSERT INTO city VALUES ('Chiang Mai_Thailand_THA', 167000, NULL, NULL, 'THA');
INSERT INTO city VALUES ('Nakhon Sawan_Thailand_THA', 152000, NULL, NULL, 'THA');
INSERT INTO city VALUES ('Khon Kaen_Thailand_THA', 206000, NULL, NULL, 'THA');
INSERT INTO city VALUES ('Nakhon Ratchasima_Thailand_THA', 278000, NULL, NULL, 'THA');
INSERT INTO city VALUES ('Ubon Ratchathani_Thailand_THA', 137000, NULL, NULL, 'THA');
INSERT INTO city VALUES ('Bangkok_Thailand_THA', 5876000, 13.7333, 100.5, 'THA');
INSERT INTO city VALUES ('Nonthaburi_Thailand_THA', 233000, NULL, NULL, 'THA');
INSERT INTO city VALUES ('Saraburi_Thailand_THA', 107000, NULL, NULL, 'THA');
INSERT INTO city VALUES ('Nakhon si Thammarat_Thailand_THA', 112000, NULL, NULL, 'THA');
INSERT INTO city VALUES ('Songkhla_Thailand_THA', 243000, NULL, NULL, 'THA');
INSERT INTO city VALUES ('Phnom Penh_Cambodia_K', 400000, 11.55, 104.85, 'K');
INSERT INTO city VALUES ('Hanoi_Vietnam_VN', 3056146, 21.0333, 105.867, 'VN');
INSERT INTO city VALUES ('Haiphong_Vietnam_VN', 1447523, NULL, NULL, 'VN');
INSERT INTO city VALUES ('Can Tho_Vietnam_VN', 284306, NULL, NULL, 'VN');
INSERT INTO city VALUES ('Saigon_Vietnam_VN', 3924435, 10.5, 106.5, 'VN');
INSERT INTO city VALUES ('Da Nang_Vietnam_VN', 369734, 16.0667, 108.217, 'VN');
INSERT INTO city VALUES ('Nha Trang_Vietnam_VN', 263093, NULL, NULL, 'VN');
INSERT INTO city VALUES ('Hue_Vietnam_VN', 260489, NULL, NULL, 'VN');
INSERT INTO city VALUES ('Nam Dinh_Vietnam_VN', 219615, NULL, NULL, 'VN');
INSERT INTO city VALUES ('Long Xuyen_Vietnam_VN', 214037, NULL, NULL, 'VN');
INSERT INTO city VALUES ('Qui Nhon_Vietnam_VN', 201912, NULL, NULL, 'VN');
INSERT INTO city VALUES ('Thai Nguyen_Vietnam_VN', 171815, NULL, NULL, 'VN');
INSERT INTO city VALUES ('Vung Tau_Vietnam_VN', 133558, NULL, NULL, 'VN');
INSERT INTO city VALUES ('Hong Gai_Vietnam_VN', 129394, NULL, NULL, 'VN');
INSERT INTO city VALUES ('Cam Pha_Vietnam_VN', 127408, NULL, NULL, 'VN');
INSERT INTO city VALUES ('Viet Tri_Vietnam_VN', 116084, NULL, NULL, 'VN');
INSERT INTO city VALUES ('Aqmola_Aqmola_KAZ', 280200, NULL, NULL, 'KAZ');
INSERT INTO city VALUES ('Aqtobe_Aqtobe_KAZ', 258900, NULL, NULL, 'KAZ');
INSERT INTO city VALUES ('Atyrau_Atyrau_KAZ', 146900, NULL, NULL, 'KAZ');
INSERT INTO city VALUES ('Oral_Batys Qazaqstan_KAZ', 219100, NULL, NULL, 'KAZ');
INSERT INTO city VALUES ('Kokchetau_Kokchetau_KAZ', 141400, NULL, NULL, 'KAZ');
INSERT INTO city VALUES ('Aqtau_Mangghystau_KAZ', 151300, NULL, NULL, 'KAZ');
INSERT INTO city VALUES ('Shymkent_Ongtustik Qazaqstan_KAZ', 397600, NULL, NULL, 'KAZ');
INSERT INTO city VALUES ('Pavlodar_Pavlodar_KAZ', 340700, NULL, NULL, 'KAZ');
INSERT INTO city VALUES ('Ekibastuz_Pavlodar_KAZ', 141100, NULL, NULL, 'KAZ');
INSERT INTO city VALUES ('Karaganda_Qaraghandy_KAZ', 573700, NULL, NULL, 'KAZ');
INSERT INTO city VALUES ('Temirtau_Qaraghandy_KAZ', 206100, NULL, NULL, 'KAZ');
INSERT INTO city VALUES ('Qostanay_Qostanay_KAZ', 232100, NULL, NULL, 'KAZ');
INSERT INTO city VALUES ('Rudny_Qostanay_KAZ', 125700, NULL, NULL, 'KAZ');
INSERT INTO city VALUES ('Qyzylorda_Qyzylorda_KAZ', 162000, NULL, NULL, 'KAZ');
INSERT INTO city VALUES ('Semey_Semey_KAZ', 320200, NULL, NULL, 'KAZ');
INSERT INTO city VALUES ('Oskemen_Shyghys Qazaqstan_KAZ', 326300, NULL, NULL, 'KAZ');
INSERT INTO city VALUES ('Petropavl_Soltustik Qazaqstan_KAZ', 239000, NULL, NULL, 'KAZ');
INSERT INTO city VALUES ('Taldyqorghan_Taldyqorghan_KAZ', 116100, NULL, NULL, 'KAZ');
INSERT INTO city VALUES ('Arqalyq_Torghay_KAZ', NULL, NULL, NULL, 'KAZ');
INSERT INTO city VALUES ('Dzhambul_Zhambyl_KAZ', 130600, NULL, NULL, 'KAZ');
INSERT INTO city VALUES ('Zhambyl_Zhambyl_KAZ', NULL, NULL, NULL, 'KAZ');
INSERT INTO city VALUES ('Zhezqazghan_Zhezkazghan_KAZ', 108700, NULL, NULL, 'KAZ');
INSERT INTO city VALUES ('Zhezkazghan_Zhezkazghan_KAZ', NULL, NULL, NULL, 'KAZ');
INSERT INTO city VALUES ('Almaty_Almaty (munic.)_KAZ', 1172400, 43.2333, 76.8833, 'KAZ');
INSERT INTO city VALUES ('Leninsk_Leninsk (munic.)_KAZ', NULL, NULL, NULL, 'KAZ');
INSERT INTO city VALUES ('Pyongyang_North Korea_NOK', 2335000, 39.0333, 125.683, 'NOK');
INSERT INTO city VALUES ('Hamhung Hungnam_North Korea_NOK', 701000, NULL, NULL, 'NOK');
INSERT INTO city VALUES ('Chongjin_North Korea_NOK', 520000, NULL, NULL, 'NOK');
INSERT INTO city VALUES ('Nampo_North Korea_NOK', 370000, NULL, NULL, 'NOK');
INSERT INTO city VALUES ('Sunchon_North Korea_NOK', 356000, NULL, NULL, 'NOK');
INSERT INTO city VALUES ('Sinuiju_North Korea_NOK', 289000, NULL, NULL, 'NOK');
INSERT INTO city VALUES ('Tanchon_North Korea_NOK', 284000, NULL, NULL, 'NOK');
INSERT INTO city VALUES ('Wonsan_North Korea_NOK', 274000, NULL, NULL, 'NOK');
INSERT INTO city VALUES ('Tokchon_North Korea_NOK', 217000, NULL, NULL, 'NOK');
INSERT INTO city VALUES ('Kanggye_North Korea_NOK', 211000, NULL, NULL, 'NOK');
INSERT INTO city VALUES ('Haeju_North Korea_NOK', 195000, NULL, NULL, 'NOK');
INSERT INTO city VALUES ('Anju_North Korea_NOK', 186000, NULL, NULL, 'NOK');
INSERT INTO city VALUES ('Songjin_North Korea_NOK', 179000, NULL, NULL, 'NOK');
INSERT INTO city VALUES ('Kusong_North Korea_NOK', 177000, NULL, NULL, 'NOK');
INSERT INTO city VALUES ('Huichon_North Korea_NOK', 163000, NULL, NULL, 'NOK');
INSERT INTO city VALUES ('Sinpo_North Korea_NOK', 158000, NULL, NULL, 'NOK');
INSERT INTO city VALUES ('Kaesong_North Korea_NOK', 120000, NULL, NULL, 'NOK');
INSERT INTO city VALUES ('Bishkek_Kyrgyzstan_KGZ', 630000, 42.4, 74.5, 'KGZ');
INSERT INTO city VALUES ('Hong Kong_Hong Kong_HONX', 7055071, 22.3, 114.2, 'HONX');
INSERT INTO city VALUES ('Macau_Macau_MACX', NULL, 22.2, 113.55, 'MACX');
INSERT INTO city VALUES ('Ulaanbaatar_Mongolia_MNG', 479500, 48, 107, 'MNG');
INSERT INTO city VALUES ('Kathmandu_Nepal_NEP', 393494, 27.45, 85.25, 'NEP');
INSERT INTO city VALUES ('Flying Fish Cove_Christmas Island_XMAS', NULL, -10.25, 105.43, 'XMAS');
INSERT INTO city VALUES ('West Island_Cocos Islands_COCO', NULL, -12.10, 96.50, 'COCO');
INSERT INTO city VALUES ('Nicosia_Cyprus_CY', 161100, 35.4, 33.2, 'CY');
INSERT INTO city VALUES ('Gaza_Gaza Strip_GAZA', 409680, 31.5, 34.5, 'GAZA');
INSERT INTO city VALUES ('Jerusalem_Central_IL', 468900, 31.7833, 35.2167, 'IL');
INSERT INTO city VALUES ('Ramla_Central_IL', NULL, NULL, NULL, 'IL');
INSERT INTO city VALUES ('Haifa_Haifa_IL', NULL, NULL, NULL, 'IL');
INSERT INTO city VALUES ('Nazareth_North_IL', NULL, NULL, NULL, 'IL');
INSERT INTO city VALUES ('Tel Aviv_Tel Aviv_IL', NULL, 32.1, 34.7833, 'IL');
INSERT INTO city VALUES ('Beer Sheva_South_IL', NULL, NULL, NULL, 'IL');
INSERT INTO city VALUES ('Hurghada_El Bahr el Ahmar_ET', NULL, NULL, NULL, 'ET');
INSERT INTO city VALUES ('Marsa Matruh_Matruh_ET', NULL, NULL, NULL, 'ET');
INSERT INTO city VALUES ('El Tur_Sina al Janubiyah_ET', NULL, NULL, NULL, 'ET');
INSERT INTO city VALUES ('El Arish_Sina ash Shamaliyah_ET', NULL, NULL, NULL, 'ET');
INSERT INTO city VALUES ('El Kharga_El Wadi el Jadid_ET', NULL, NULL, NULL, 'ET');
INSERT INTO city VALUES ('Damanhur_El Buhayra_ET', 226000, NULL, NULL, 'ET');
INSERT INTO city VALUES ('Kafr el Dauwar_El Buhayra_ET', 161000, NULL, NULL, 'ET');
INSERT INTO city VALUES ('El Mansura_El Daqahliya_ET', 358000, NULL, NULL, 'ET');
INSERT INTO city VALUES ('Dumyat_Dumyat_ET', 121000, NULL, NULL, 'ET');
INSERT INTO city VALUES ('Tanta_El Gharbiya_ET', 374000, NULL, NULL, 'ET');
INSERT INTO city VALUES ('El Mahalla el Kubra_El Gharbiya_ET', 385000, NULL, NULL, 'ET');
INSERT INTO city VALUES ('Ismailiya_Ismailiya_ET', 236000, NULL, NULL, 'ET');
INSERT INTO city VALUES ('Kafr el Sheikh_Kafr el Sheikh_ET', NULL, NULL, NULL, 'ET');
INSERT INTO city VALUES ('Shibin el Kom_El Minufiya_ET', 136000, NULL, NULL, 'ET');
INSERT INTO city VALUES ('Benha_El Qalubiya_ET', 120000, NULL, NULL, 'ET');
INSERT INTO city VALUES ('Shubra el Kheima_El Qalubiya_ET', 533000, NULL, NULL, 'ET');
INSERT INTO city VALUES ('Zagazig_Sharqiya_ET', 274000, NULL, NULL, 'ET');
INSERT INTO city VALUES ('Aswan_Aswan_ET', 196000, NULL, NULL, 'ET');
INSERT INTO city VALUES ('Asyut_Asyut_ET', 291000, NULL, NULL, 'ET');
INSERT INTO city VALUES ('Beni Suef_Beni Suef_ET', 163000, NULL, NULL, 'ET');
INSERT INTO city VALUES ('El Faiyum_El Faiyum_ET', 227000, NULL, NULL, 'ET');
INSERT INTO city VALUES ('El Giza_El Giza_ET', 1671000, NULL, NULL, 'ET');
INSERT INTO city VALUES ('El Minya_El Minya_ET', 203000, NULL, NULL, 'ET');
INSERT INTO city VALUES ('Qena_Qena_ET', 142000, NULL, NULL, 'ET');
INSERT INTO city VALUES ('El Uqsur_Qena_ET', 148000, NULL, NULL, 'ET');
INSERT INTO city VALUES ('Sohag_Sohag_ET', 142000, NULL, NULL, 'ET');
INSERT INTO city VALUES ('Bur Said_Bur Said (munic.)_ET', 382000, NULL, NULL, 'ET');
INSERT INTO city VALUES ('Alexandria_El Iskandariya_ET', 2917000, 31, 30, 'ET');
INSERT INTO city VALUES ('Cairo_El Qahira_ET', 6053000, 29.8667, 31.3333, 'ET');
INSERT INTO city VALUES ('Helwan_El Qahira_ET', 352000, NULL, NULL, 'ET');
INSERT INTO city VALUES ('El Suweiz_El Suweiz_ET', 265000, NULL, NULL, 'ET');
INSERT INTO city VALUES ('Jakarta_Indonesia_RI', 8259266, -6.1, 106.5, 'RI');
INSERT INTO city VALUES ('Bandung_Indonesia_RI', 2058649, -6.58, 107.4, 'RI');
INSERT INTO city VALUES ('Semarang_Indonesia_RI', 1250971, NULL, NULL, 'RI');
INSERT INTO city VALUES ('Surabaya_Indonesia_RI', 2483871, -7.21667, 112.717, 'RI');
INSERT INTO city VALUES ('Yogyakarta_Indonesia_RI', 412392, NULL, NULL, 'RI');
INSERT INTO city VALUES ('Banda Aceh_Indonesia_RI', 184699, NULL, NULL, 'RI');
INSERT INTO city VALUES ('Bengkulu_Indonesia_RI', 170327, NULL, NULL, 'RI');
INSERT INTO city VALUES ('Jambi_Indonesia_RI', 339944, NULL, NULL, 'RI');
INSERT INTO city VALUES ('Bandar Lampung_Indonesia_RI', 636706, NULL, NULL, 'RI');
INSERT INTO city VALUES ('Padang_Indonesia_RI', 631543, NULL, NULL, 'RI');
INSERT INTO city VALUES ('Palembang_Indonesia_RI', 1144279, -3, 104.767, 'RI');
INSERT INTO city VALUES ('Medan_Indonesia_RI', 1730752, 3.58333, 98.6833, 'RI');
INSERT INTO city VALUES ('Pontianak_Indonesia_RI', 397343, NULL, NULL, 'RI');
INSERT INTO city VALUES ('Banjarmasin_Indonesia_RI', 481371, NULL, NULL, 'RI');
INSERT INTO city VALUES ('Palangkaraya_Indonesia_RI', 112562, NULL, NULL, 'RI');
INSERT INTO city VALUES ('Samarinda_Indonesia_RI', 407339, NULL, NULL, 'RI');
INSERT INTO city VALUES ('Ujung Pandang_Indonesia_RI', 944685, NULL, NULL, 'RI');
INSERT INTO city VALUES ('Ambon_Indonesia_RI', 276955, NULL, NULL, 'RI');
INSERT INTO city VALUES ('Malang_Indonesia_RI', 695618, NULL, NULL, 'RI');
INSERT INTO city VALUES ('Surakarta_Indonesia_RI', 504176, NULL, NULL, 'RI');
INSERT INTO city VALUES ('Pekan Baru_Indonesia_RI', 398694, NULL, NULL, 'RI');
INSERT INTO city VALUES ('Balikpapan_Indonesia_RI', 344405, NULL, NULL, 'RI');
INSERT INTO city VALUES ('Manado_Indonesia_RI', 320990, NULL, NULL, 'RI');
INSERT INTO city VALUES ('Bogor_Indonesia_RI', 271711, NULL, NULL, 'RI');
INSERT INTO city VALUES ('Cirebon_Indonesia_RI', 254878, NULL, NULL, 'RI');
INSERT INTO city VALUES ('Kediri_Indonesia_RI', 249807, NULL, NULL, 'RI');
INSERT INTO city VALUES ('Pekalongan_Indonesia_RI', 242874, NULL, NULL, 'RI');
INSERT INTO city VALUES ('Tegal_Indonesia_RI', 229713, NULL, NULL, 'RI');
INSERT INTO city VALUES ('Pematang Siantar_Indonesia_RI', 219328, NULL, NULL, 'RI');
INSERT INTO city VALUES ('Binjai_Indonesia_RI', 181904, NULL, NULL, 'RI');
INSERT INTO city VALUES ('Probolinggo_Indonesia_RI', 177120, NULL, NULL, 'RI');
INSERT INTO city VALUES ('Madiun_Indonesia_RI', 170242, NULL, NULL, 'RI');
INSERT INTO city VALUES ('Pasuruan_Indonesia_RI', 152409, NULL, NULL, 'RI');
INSERT INTO city VALUES ('Magelang_Indonesia_RI', 123213, NULL, NULL, 'RI');
INSERT INTO city VALUES ('Sukabumi_Indonesia_RI', 119981, NULL, NULL, 'RI');
INSERT INTO city VALUES ('Gorontalo_Indonesia_RI', 119780, NULL, NULL, 'RI');
INSERT INTO city VALUES ('Blitar_Indonesia_RI', 119011, NULL, NULL, 'RI');
INSERT INTO city VALUES ('Tebing Tinggi_Indonesia_RI', 116767, NULL, NULL, 'RI');
INSERT INTO city VALUES ('Pangkal Pinang_Indonesia_RI', 113163, NULL, NULL, 'RI');
INSERT INTO city VALUES ('Tanjung Balai_Indonesia_RI', 108202, NULL, NULL, 'RI');
INSERT INTO city VALUES ('Batam_Indonesia_RI', 106667, NULL, NULL, 'RI');
INSERT INTO city VALUES ('Pare Pare_Indonesia_RI', 101527, NULL, NULL, 'RI');
INSERT INTO city VALUES ('Dili_Timor-Leste_TL', 59069, -8.6, 125.6, 'TL');
INSERT INTO city VALUES ('Port Moresby_Papua New Guinea_PNG', 141500, -9.48333, 147.15, 'PNG');
INSERT INTO city VALUES ('Ar Ramadi_Al Anbar_IRQ', 192556, NULL, NULL, 'IRQ');
INSERT INTO city VALUES ('Al Hillah_Babil_IRQ', 268834, NULL, NULL, 'IRQ');
INSERT INTO city VALUES ('Baghdad_Baghdad_IRQ', 4478000, 33.3333, 44.4, 'IRQ');
INSERT INTO city VALUES ('Al Basrah_Al Basrah_IRQ', 406296, NULL, NULL, 'IRQ');
INSERT INTO city VALUES ('An Nasiriyah_Dhi Qar_IRQ', 265937, NULL, NULL, 'IRQ');
INSERT INTO city VALUES ('Baqubah_Diyala_IRQ', 114516, NULL, NULL, 'IRQ');
INSERT INTO city VALUES ('Karbala_Karbala_IRQ', 296705, NULL, NULL, 'IRQ');
INSERT INTO city VALUES ('Al Amarah_Maysan_IRQ', 208797, NULL, NULL, 'IRQ');
INSERT INTO city VALUES ('As Samawah_Al Muthanna_IRQ', NULL, NULL, NULL, 'IRQ');
INSERT INTO city VALUES ('An Najaf_An Najaf_IRQ', 309010, NULL, NULL, 'IRQ');
INSERT INTO city VALUES ('Mosul_Ninawa_IRQ', 664221, 36.3167, 43.15, 'IRQ');
INSERT INTO city VALUES ('Diwaniyah_Al Qadisiyah_IRQ', 196519, NULL, NULL, 'IRQ');
INSERT INTO city VALUES ('Samarra_Salah ad Din_IRQ', NULL, NULL, NULL, 'IRQ');
INSERT INTO city VALUES ('Kirkuk_Ad Tamim_IRQ', 418624, NULL, NULL, 'IRQ');
INSERT INTO city VALUES ('Al Kut_Wasit_IRQ', 183183, NULL, NULL, 'IRQ');
INSERT INTO city VALUES ('Dahuk_Dahuk_IRQ', NULL, NULL, NULL, 'IRQ');
INSERT INTO city VALUES ('Arbil_Arbil_IRQ', 485968, NULL, NULL, 'IRQ');
INSERT INTO city VALUES ('As Sulaymaniyah_As Sulaymaniyah_IRQ', 364096, NULL, NULL, 'IRQ');
INSERT INTO city VALUES ('Amman_Jordan_JOR', 777500, 31.95, 35.95, 'JOR');
INSERT INTO city VALUES ('Kuwait_Kuwait_KWT', 167768, 29.3, 47.3, 'KWT');
INSERT INTO city VALUES ('Riyadh_Saudi Arabia_SA', 1250000, 24.65, 46.7, 'SA');
INSERT INTO city VALUES ('Jeddah_Saudi Arabia_SA', NULL, NULL, NULL, 'SA');
INSERT INTO city VALUES ('Damascus_Syria_SYR', 1500000, 33.5, 36.3333, 'SYR');
INSERT INTO city VALUES ('Aleppo_Syria_SYR', 976727, 36, 36, 'SYR');
INSERT INTO city VALUES ('Homs_Syria_SYR', 354508, 35, 36, 'SYR');
INSERT INTO city VALUES ('Beirut_Lebanon_RL', 702000, 33.9, 35.4667, 'RL');
INSERT INTO city VALUES ('Nablus_West Bank_WEST', 104000, 32.2, 35.3, 'WEST');
INSERT INTO city VALUES ('Sapporo_Hokkaido_J', 1748000, 43.0667, 141.35, 'J');
INSERT INTO city VALUES ('Hakodate_Hokkaido_J', 287691, 41.8, 140.7, 'J');
INSERT INTO city VALUES ('Aomori_Aomori_J', NULL, NULL, NULL, 'J');
INSERT INTO city VALUES ('Morioka_Iwate_J', NULL, NULL, NULL, 'J');
INSERT INTO city VALUES ('Sendai_Miyagi_J', 967000, NULL, NULL, 'J');
INSERT INTO city VALUES ('Akita_Akita_J', NULL, NULL, NULL, 'J');
INSERT INTO city VALUES ('Yamagata_Yamagata_J', NULL, NULL, NULL, 'J');
INSERT INTO city VALUES ('Fukushima_Fukushima_J', NULL, NULL, NULL, 'J');
INSERT INTO city VALUES ('Mito_Ibaraki_J', NULL, NULL, NULL, 'J');
INSERT INTO city VALUES ('Utsonomiya_Tochigi_J', NULL, NULL, NULL, 'J');
INSERT INTO city VALUES ('Maebashi_Gumma_J', NULL, NULL, NULL, 'J');
INSERT INTO city VALUES ('Urawa_Saitama_J', NULL, NULL, NULL, 'J');
INSERT INTO city VALUES ('Chiba_Chiba_J', 843000, NULL, NULL, 'J');
INSERT INTO city VALUES ('Tokyo_Tokyo_J', 7843000, 35.6833, 139.767, 'J');
INSERT INTO city VALUES ('Yokohama_Kanagawa_J', 3256000, 35.3, 139.32, 'J');
INSERT INTO city VALUES ('Kawasaki_Kanagawa_J', 1187000, NULL, NULL, 'J');
INSERT INTO city VALUES ('Niigata_Niigata_J', NULL, NULL, NULL, 'J');
INSERT INTO city VALUES ('Toyama_Toyama_J', NULL, NULL, NULL, 'J');
INSERT INTO city VALUES ('Kanazawa_Ishikawa_J', NULL, NULL, NULL, 'J');
INSERT INTO city VALUES ('Fukui_Fukui_J', NULL, NULL, NULL, 'J');
INSERT INTO city VALUES ('Kofu_Yamanashi_J', NULL, NULL, NULL, 'J');
INSERT INTO city VALUES ('Nagano_Nagano_J', NULL, NULL, NULL, 'J');
INSERT INTO city VALUES ('Gifu_Gifu_J', NULL, NULL, NULL, 'J');
INSERT INTO city VALUES ('Shizuoka_Shizuoka_J', NULL, NULL, NULL, 'J');
INSERT INTO city VALUES ('Nagoya_Aichi_J', 2108000, NULL, NULL, 'J');
INSERT INTO city VALUES ('Tsu_Mie_J', NULL, NULL, NULL, 'J');
INSERT INTO city VALUES ('Otsu_Shiga_J', NULL, NULL, NULL, 'J');
INSERT INTO city VALUES ('Kyoto_Kyoto_J', 1415000, 35, 135.45, 'J');
INSERT INTO city VALUES ('Osaka_Osaka_J', 2492000, NULL, NULL, 'J');
INSERT INTO city VALUES ('Kobe_Hyogo_J', 1388000, NULL, NULL, 'J');
INSERT INTO city VALUES ('Nara_Nara_J', NULL, NULL, NULL, 'J');
INSERT INTO city VALUES ('Wakayama_Wakayama_J', NULL, NULL, NULL, 'J');
INSERT INTO city VALUES ('Tottori_Tottori_J', NULL, NULL, NULL, 'J');
INSERT INTO city VALUES ('Matsue_Shimane_J', NULL, NULL, NULL, 'J');
INSERT INTO city VALUES ('Okayama_Okayama_J', NULL, NULL, NULL, 'J');
INSERT INTO city VALUES ('Hiroshima_Hiroshima_J', 1099000, 34.3, 132.3, 'J');
INSERT INTO city VALUES ('Yamaguchi_Yamaguchi_J', NULL, NULL, NULL, 'J');
INSERT INTO city VALUES ('Tokushima_Tokushima_J', NULL, NULL, NULL, 'J');
INSERT INTO city VALUES ('Takamatsu_Kagawa_J', NULL, NULL, NULL, 'J');
INSERT INTO city VALUES ('Matsuyama_Ehime_J', NULL, NULL, NULL, 'J');
INSERT INTO city VALUES ('Kochi_Kochi_J', NULL, NULL, NULL, 'J');
INSERT INTO city VALUES ('Fukuoka_Fukuoka_J', 1273000, 33.5833, 130.45, 'J');
INSERT INTO city VALUES ('Kita Kyushu_Fukuoka_J', 1012000, NULL, NULL, 'J');
INSERT INTO city VALUES ('Saga_Saga_J', NULL, NULL, NULL, 'J');
INSERT INTO city VALUES ('Nagasaki_Nagasaki_J', NULL, NULL, NULL, 'J');
INSERT INTO city VALUES ('Kumamoto_Kumamoto_J', NULL, NULL, NULL, 'J');
INSERT INTO city VALUES ('Oita_Oita_J', NULL, NULL, NULL, 'J');
INSERT INTO city VALUES ('Miyazaki_Miyazaki_J', NULL, NULL, NULL, 'J');
INSERT INTO city VALUES ('Kagoshima_Kagoshima_J', NULL, NULL, NULL, 'J');
INSERT INTO city VALUES ('Naha_Okinawa_J', NULL, NULL, NULL, 'J');
INSERT INTO city VALUES ('Seoul_South Korea_ROK', 10229262, 37.5667, 126.967, 'ROK');
INSERT INTO city VALUES ('Pusan_South Korea_ROK', 3813814, NULL, NULL, 'ROK');
INSERT INTO city VALUES ('Taegu_South Korea_ROK', 2449139, NULL, NULL, 'ROK');
INSERT INTO city VALUES ('Inchon_South Korea_ROK', 2307618, NULL, NULL, 'ROK');
INSERT INTO city VALUES ('Kwangju_South Korea_ROK', 1257504, NULL, NULL, 'ROK');
INSERT INTO city VALUES ('Taejon_South Korea_ROK', 1272143, NULL, NULL, 'ROK');
INSERT INTO city VALUES ('Ulsan_South Korea_ROK', 967394, NULL, NULL, 'ROK');
INSERT INTO city VALUES ('Suwon_South Korea_ROK', 755502, NULL, NULL, 'ROK');
INSERT INTO city VALUES ('Songnam_South Korea_ROK', 869243, NULL, NULL, 'ROK');
INSERT INTO city VALUES ('Chonju_South Korea_ROK', 563406, NULL, NULL, 'ROK');
INSERT INTO city VALUES ('Masan_South Korea_ROK', 441358, NULL, NULL, 'ROK');
INSERT INTO city VALUES ('Chongju_South Korea_ROK', 531195, NULL, NULL, 'ROK');
INSERT INTO city VALUES ('Chinju_South Korea_ROK', 329913, NULL, NULL, 'ROK');
INSERT INTO city VALUES ('Mokpo_South Korea_ROK', 247524, NULL, NULL, 'ROK');
INSERT INTO city VALUES ('Cheju_South Korea_ROK', 258509, NULL, NULL, 'ROK');
INSERT INTO city VALUES ('Kunsan_South Korea_ROK', 266517, NULL, NULL, 'ROK');
INSERT INTO city VALUES ('Chunchon_South Korea_ROK', 235067, NULL, NULL, 'ROK');
INSERT INTO city VALUES ('Yosu_South Korea_ROK', 183557, NULL, NULL, 'ROK');
INSERT INTO city VALUES ('Male_Maldives_MV', 46334, 2, 72, 'MV');
INSERT INTO city VALUES ('Muscat_Oman_OM', 30000, 23.5, 58.5, 'OM');
INSERT INTO city VALUES ('Abu Dhabi_Abu Dhabi_UAE', 363432, 24.27, 54.36, 'UAE');
INSERT INTO city VALUES ('Al Ayn_Abu Dhabi_UAE', 176441, NULL, NULL, 'UAE');
INSERT INTO city VALUES ('Dubai_Dubayy_UAE', 585189, 25, 55, 'UAE');
INSERT INTO city VALUES ('Sharjah_Ash Shariqah_UAE', 125123, NULL, NULL, 'UAE');
INSERT INTO city VALUES ('Sanaa_Yemen_YE', 427185, 15.21, 44.11, 'YE');
INSERT INTO city VALUES ('Aden_Yemen_YE', 550744, 12.8, 45, 'YE');
INSERT INTO city VALUES ('Manila_Philippines_RP', 1655000, 14.5833, 120.983, 'RP');
INSERT INTO city VALUES ('Quezon_Philippines_RP', 1989000, NULL, NULL, 'RP');
INSERT INTO city VALUES ('Kalookan_Philippines_RP', 1023000, NULL, NULL, 'RP');
INSERT INTO city VALUES ('Davao_Philippines_RP', 1007000, NULL, NULL, 'RP');
INSERT INTO city VALUES ('Cebu_Philippines_RP', 662000, NULL, NULL, 'RP');
INSERT INTO city VALUES ('Zamboanga_Philippines_RP', 511000, NULL, NULL, 'RP');
INSERT INTO city VALUES ('Makati_Philippines_RP', 484000, NULL, NULL, 'RP');
INSERT INTO city VALUES ('Pasig_Philippines_RP', 471000, NULL, NULL, 'RP');
INSERT INTO city VALUES ('Cagayan de Oro_Philippines_RP', 428000, NULL, NULL, 'RP');
INSERT INTO city VALUES ('Pasay_Philippines_RP', 409000, NULL, NULL, 'RP');
INSERT INTO city VALUES ('Doha_Qatar_Q', 217294, 25, 51, 'Q');
INSERT INTO city VALUES ('Rayyan_Qatar_Q', 91996, 25.5, 50.5, 'Q');
INSERT INTO city VALUES ('Wakrah_Qatar_Q', 23682, 25.2, 50.7, 'Q');
INSERT INTO city VALUES ('Singapore_Singapore_SGP', 2558000, 1.3, 103.833, 'SGP');
INSERT INTO city VALUES ('Colombo_Sri Lanka_CL', 643000, 6.9, 79.8667, 'CL');
INSERT INTO city VALUES ('Changhua_Taiwan_RC', 221090, NULL, NULL, 'RC');
INSERT INTO city VALUES ('Hualien_Taiwan_RC', 107824, NULL, NULL, 'RC');
INSERT INTO city VALUES ('Fengshan_Taiwan_RC', 301374, NULL, NULL, 'RC');
INSERT INTO city VALUES ('Pingtung_Taiwan_RC', 214728, NULL, NULL, 'RC');
INSERT INTO city VALUES ('Fengyuan_Taiwan_RC', 157548, NULL, NULL, 'RC');
INSERT INTO city VALUES ('Panchiao_Taiwan_RC', 539115, NULL, NULL, 'RC');
INSERT INTO city VALUES ('Chungho_Taiwan_RC', 387123, NULL, NULL, 'RC');
INSERT INTO city VALUES ('Sanchuung_Taiwan_RC', 382880, NULL, NULL, 'RC');
INSERT INTO city VALUES ('Hsinchuang_Taiwan_RC', 328758, NULL, NULL, 'RC');
INSERT INTO city VALUES ('Yungho_Taiwan_RC', 241104, NULL, NULL, 'RC');
INSERT INTO city VALUES ('Hsintien_Taiwan_RC', 248822, NULL, NULL, 'RC');
INSERT INTO city VALUES ('Taitung_Taiwan_RC', 109189, NULL, NULL, 'RC');
INSERT INTO city VALUES ('Taoyuan_Taiwan_RC', 260680, NULL, NULL, 'RC');
INSERT INTO city VALUES ('Chungli_Taiwan_RC', 295825, NULL, NULL, 'RC');
INSERT INTO city VALUES ('Chiai_Taiwan_RC', 261941, NULL, NULL, 'RC');
INSERT INTO city VALUES ('Chilung_Taiwan_RC', 370049, NULL, NULL, 'RC');
INSERT INTO city VALUES ('Hsinchu_Taiwan_RC', 341128, NULL, NULL, 'RC');
INSERT INTO city VALUES ('Kaohsiung_Taiwan_RC', 1426518, NULL, NULL, 'RC');
INSERT INTO city VALUES ('Taichung_Taiwan_RC', 857590, NULL, NULL, 'RC');
INSERT INTO city VALUES ('Tainan_Taiwan_RC', 707658, 22.95, 120.2, 'RC');
INSERT INTO city VALUES ('Taipei_Taiwan_RC', 2626138, 25.0333, 121.517, 'RC');
INSERT INTO city VALUES ('The Valley_Anguilla_AXA', NULL, 18.13, -63.03, 'AXA');
INSERT INTO city VALUES ('Saint Johns_Antigua and Barbuda_AG', 36000, 17.3, -61.5, 'AG');
INSERT INTO city VALUES ('Oranjestad_Aruba_ARU', NULL, 12.31, -70.02, 'ARU');
INSERT INTO city VALUES ('Nassau_Bahamas_BS', 140000, 25.0833, -77.35, 'BS');
INSERT INTO city VALUES ('Bridgetown_Barbados_BDS', 10000, 13.1, -59.4, 'BDS');
INSERT INTO city VALUES ('Belmopan_Belize_BZ', 3000, 17.1, -88.5, 'BZ');
INSERT INTO city VALUES ('Guatemala City_Guatemala_GCA', 823301, 14.6167, -90.5167, 'GCA');
INSERT INTO city VALUES ('Mixco_Guatemala_GCA', 209791, NULL, NULL, 'GCA');
INSERT INTO city VALUES ('Villa Nueva_Guatemala_GCA', 101295, NULL, NULL, 'GCA');
INSERT INTO city VALUES ('Aguascalientes_Aguascalientes_MEX', 440425, 21.5, -102.2, 'MEX');
INSERT INTO city VALUES ('Mexicali_Baja California_MEX', 438377, 32.4, -115.3, 'MEX');
INSERT INTO city VALUES ('Tijuana_Baja California_MEX', 698752, NULL, NULL, 'MEX');
INSERT INTO city VALUES ('Ensenada_Baja California_MEX', 169426, NULL, NULL, 'MEX');
INSERT INTO city VALUES ('La Paz_Baja California Sur_MEX', 137641, 24.1, -100.5, 'MEX');
INSERT INTO city VALUES ('Campeche_Campeche_MEX', 150518, 19.5, -90.3, 'MEX');
INSERT INTO city VALUES ('Tuxtla Gutierrez_Chiapas_MEX', 289626, 16.5, -93.1, 'MEX');
INSERT INTO city VALUES ('Nezahualcoyotl_Chiapas_MEX', 1255456, NULL, NULL, 'MEX');
INSERT INTO city VALUES ('Tonala_Chiapas_MEX', 151190, NULL, NULL, 'MEX');
INSERT INTO city VALUES ('Tapachula_Chiapas_MEX', 138858, NULL, NULL, 'MEX');
INSERT INTO city VALUES ('Chihuahua_Chihuahua_MEX', 516153, 28.4, -106.1, 'MEX');
INSERT INTO city VALUES ('Ciudad Juarez_Chihuahua_MEX', 789522, NULL, NULL, 'MEX');
INSERT INTO city VALUES ('Saltillo_Coahuila_MEX', 420947, 25.3, -101, 'MEX');
INSERT INTO city VALUES ('Torreon_Coahuila_MEX', 439436, NULL, NULL, 'MEX');
INSERT INTO city VALUES ('Monclova_Coahuila_MEX', 177792, NULL, NULL, 'MEX');
INSERT INTO city VALUES ('Colima_Colima_MEX', 106967, 19.1, -103.4, 'MEX');
INSERT INTO city VALUES ('Victoria de Durango_Durango_MEX', 348036, NULL, NULL, 'MEX');
INSERT INTO city VALUES ('Gomez Palacio_Durango_MEX', 164092, NULL, NULL, 'MEX');
INSERT INTO city VALUES ('Durango_Durango_MEX', 182600, 24, -104.4, 'MEX');
INSERT INTO city VALUES ('Leon_Guanajuato_MEX', 758279, NULL, NULL, 'MEX');
INSERT INTO city VALUES ('Salamanca_Guanajuato_MEX', 123190, NULL, NULL, 'MEX');
INSERT INTO city VALUES ('Irapuato_Guanajuato_MEX', 265042, NULL, NULL, 'MEX');
INSERT INTO city VALUES ('Celaya_Guanajuato_MEX', 214856, NULL, NULL, 'MEX');
INSERT INTO city VALUES ('Guanajuato_Guanajuato_MEX', 36809, 21, -101.2, 'MEX');
INSERT INTO city VALUES ('Acapulco_Guerrero_MEX', 515374, NULL, NULL, 'MEX');
INSERT INTO city VALUES ('Chilpancingo_Guerrero_MEX', 36193, 17.3, -99.3, 'MEX');
INSERT INTO city VALUES ('Pachuca_Hidalgo_MEX', 174013, NULL, NULL, 'MEX');
INSERT INTO city VALUES ('Pachuca de Soto_Hidalgo_MEX', 83892, 20.1, -98.4, 'MEX');
INSERT INTO city VALUES ('Guadalajara_Jalisco_MEX', 1650042, 20.6833, -103.333, 'MEX');
INSERT INTO city VALUES ('Zapopan_Jalisco_MEX', 668323, NULL, NULL, 'MEX');
INSERT INTO city VALUES ('Tlaquepaque_Jalisco_MEX', 328031, NULL, NULL, 'MEX');
INSERT INTO city VALUES ('Cuautla_Jalisco_MEX', 110242, NULL, NULL, 'MEX');
INSERT INTO city VALUES ('Toluca_Mexico, Estado de_MEX', 327865, NULL, NULL, 'MEX');
INSERT INTO city VALUES ('Toluca de Lerdo_Mexico, Estado de_MEX', 136100, 19.2, -99.4, 'MEX');
INSERT INTO city VALUES ('Atizapan de Zaragoza_Mexico, Estado de_MEX', 315059, NULL, NULL, 'MEX');
INSERT INTO city VALUES ('Morelia_Michoacan_MEX', 428486, 19.4, -101.1, 'MEX');
INSERT INTO city VALUES ('Uruapan_Michoacan_MEX', 187623, NULL, NULL, 'MEX');
INSERT INTO city VALUES ('Zamora_Michoacan_MEX', 109751, NULL, NULL, 'MEX');
INSERT INTO city VALUES ('Cuernavaca_Morelos_MEX', 279187, 19, -99.2, 'MEX');
INSERT INTO city VALUES ('Tepic_Nayarit_MEX', 206967, 21.3, -104.5, 'MEX');
INSERT INTO city VALUES ('Monterrey_Nuevo Leon_MEX', 1068996, 25.6667, -100.3, 'MEX');
INSERT INTO city VALUES ('Guadalupe_Nuevo Leon_MEX', 535332, NULL, NULL, 'MEX');
INSERT INTO city VALUES ('San Nicolas de los Garza_Nuevo Leon_MEX', 436603, NULL, NULL, 'MEX');
INSERT INTO city VALUES ('Ciudad Santa Catarina_Nuevo Leon_MEX', 162707, NULL, NULL, 'MEX');
INSERT INTO city VALUES ('San Pedro Garza Garcia_Nuevo Leon_MEX', 113017, NULL, NULL, 'MEX');
INSERT INTO city VALUES ('Ciudad Apodaca_Nuevo Leon_MEX', 103364, NULL, NULL, 'MEX');
INSERT INTO city VALUES ('Oaxaca_Oaxaca_MEX', 212818, 17, -96.4, 'MEX');
INSERT INTO city VALUES ('Puebla_Puebla_MEX', 1007170, 19, -98.1, 'MEX');
INSERT INTO city VALUES ('Tehuacan_Puebla_MEX', 139450, NULL, NULL, 'MEX');
INSERT INTO city VALUES ('Queretaro_Queretaro_MEX', 385503, 20.4, -100.2, 'MEX');
INSERT INTO city VALUES ('Cancun_Quintana Roo_MEX', 167730, NULL, NULL, 'MEX');
INSERT INTO city VALUES ('Chetumal_Quintana Roo_MEX', 23685, 18.3, -88.2, 'MEX');
INSERT INTO city VALUES ('San Luis Potosi_San Luis Potosi_MEX', 488238, 22.1, -101, 'MEX');
INSERT INTO city VALUES ('Soledad de Graciano Sanchez_San Luis Potosi_MEX', 123943, NULL, NULL, 'MEX');
INSERT INTO city VALUES ('Culiacan_Sinaloa_MEX', 415046, 24.5, -107.4, 'MEX');
INSERT INTO city VALUES ('Mazatlan_Sinaloa_MEX', 262705, NULL, NULL, 'MEX');
INSERT INTO city VALUES ('Los Mochis_Sinaloa_MEX', 162659, NULL, NULL, 'MEX');
INSERT INTO city VALUES ('Hermosillo_Sonora_MEX', 406417, 29, -111, 'MEX');
INSERT INTO city VALUES ('Ciudad Obregon_Sonora_MEX', 219980, NULL, NULL, 'MEX');
INSERT INTO city VALUES ('Heroica Nogales_Sonora_MEX', 105873, NULL, NULL, 'MEX');
INSERT INTO city VALUES ('Villahermosa_Tabasco_MEX', 261231, 18, -93, 'MEX');
INSERT INTO city VALUES ('Ciudad Victoria_Tamaulipas_MEX', 194996, 23.4, -99.1, 'MEX');
INSERT INTO city VALUES ('Tampico_Tamaulipas_MEX', 272690, NULL, NULL, 'MEX');
INSERT INTO city VALUES ('Matamoros_Tamaulipas_MEX', 266055, NULL, NULL, 'MEX');
INSERT INTO city VALUES ('Reynosa_Tamaulipas_MEX', 265663, NULL, NULL, 'MEX');
INSERT INTO city VALUES ('Nuevo Laredo_Tamaulipas_MEX', 218413, NULL, NULL, 'MEX');
INSERT INTO city VALUES ('Ciudad Madero_Tamaulipas_MEX', 160331, NULL, NULL, 'MEX');
INSERT INTO city VALUES ('Tlaxcala_Tlaxcala_MEX', 116800, 19.2, -98.1, 'MEX');
INSERT INTO city VALUES ('Cordoba_Veracruz_MEX', 130695, NULL, NULL, 'MEX');
INSERT INTO city VALUES ('Xalapa Enriquez_Veracruz_MEX', 279451, NULL, NULL, 'MEX');
INSERT INTO city VALUES ('Coatzacoalcos_Veracruz_MEX', 198817, NULL, NULL, 'MEX');
INSERT INTO city VALUES ('Poza Rica_Veracruz_MEX', 151739, NULL, NULL, 'MEX');
INSERT INTO city VALUES ('Minatitlan_Veracruz_MEX', 142060, NULL, NULL, 'MEX');
INSERT INTO city VALUES ('Orizaba_Veracruz_MEX', 114216, NULL, NULL, 'MEX');
INSERT INTO city VALUES ('Jalapa_Veracruz_MEX', 161400, 19.3, -97, 'MEX');
INSERT INTO city VALUES ('Veracruz Llave_Veracruz_MEX', 438821, NULL, NULL, 'MEX');
INSERT INTO city VALUES ('Merida_Yucatan_MEX', 523422, 20.9667, -89.6333, 'MEX');
INSERT INTO city VALUES ('Zacatecas_Zacatecas_MEX', 100051, 22.5, -102.4, 'MEX');
INSERT INTO city VALUES ('Mexico City_Distrito Federal_MEX', 9815795, 19.4, -99.2, 'MEX');
INSERT INTO city VALUES ('Hamilton_Bermuda_BERM', NULL, 32.17, -64.47, 'BERM');
INSERT INTO city VALUES ('Road Town_British Virgin Islands_BVIR', NULL, 18.27, -64.37, 'BVIR');
INSERT INTO city VALUES ('Edmonton_Alberta_CDN', 616741, 53.5667, -113.517, 'CDN');
INSERT INTO city VALUES ('Calgary_Alberta_CDN', 710677, 51.1, -114.017, 'CDN');
INSERT INTO city VALUES ('Vancouver_British Columbia_CDN', 471844, 48.5, -122.4, 'CDN');
INSERT INTO city VALUES ('Burnaby_British Columbia_CDN', 158858, NULL, NULL, 'CDN');
INSERT INTO city VALUES ('Victoria_British Columbia_CDN', 263180, 48.4167, -123.317, 'CDN');
INSERT INTO city VALUES ('Surrey_British Columbia_CDN', 245173, NULL, NULL, 'CDN');
INSERT INTO city VALUES ('Winnipeg_Manitoba_CDN', 616790, 49.5, -97.1, 'CDN');
INSERT INTO city VALUES ('Fredericton_New Brunswick_CDN', 45248, 45.5, -52.5, 'CDN');
INSERT INTO city VALUES ('Saint Johns_Newfoundland_CDN', 143390, 47.3, -52.5, 'CDN');
INSERT INTO city VALUES ('Yellowknife_Northwest Territories_CDN', 8256, 62.4667, -114.45, 'CDN');
INSERT INTO city VALUES ('Halifax_Nova Scotia_CDN', 114455, 44.4, -63.4, 'CDN');
INSERT INTO city VALUES ('Ottawa_Ontario_CDN', 313987, 45.3, -75.5, 'CDN');
INSERT INTO city VALUES ('Gloucester_Ontario_CDN', 101677, NULL, NULL, 'CDN');
INSERT INTO city VALUES ('Vaughan_Ontario_CDN', 111359, NULL, NULL, 'CDN');
INSERT INTO city VALUES ('London_Ontario_CDN', 303165, 43.0333, -81.15, 'CDN');
INSERT INTO city VALUES ('Hamilton_Ontario_CDN', 318499, 43.2667, -79.9, 'CDN');
INSERT INTO city VALUES ('Scarborough_Ontario_CDN', 524598, NULL, NULL, 'CDN');
INSERT INTO city VALUES ('York_Ontario_CDN', 140525, NULL, NULL, 'CDN');
INSERT INTO city VALUES ('Toronto_Ontario_CDN', 635395, 43.5, -79.5, 'CDN');
INSERT INTO city VALUES ('Kitchener_Ontario_CDN', 168282, 43.4333, -80.5, 'CDN');
INSERT INTO city VALUES ('Windsor_Ontario_CDN', 191435, 42.2667, -82.9667, 'CDN');
INSERT INTO city VALUES ('Oshawa_Ontario_CDN', 129344, 43.9, -78.8667, 'CDN');
INSERT INTO city VALUES ('North York_Ontario_CDN', 562564, NULL, NULL, 'CDN');
INSERT INTO city VALUES ('Mississauga_Ontario_CDN', 463388, NULL, NULL, 'CDN');
INSERT INTO city VALUES ('Etobicoke_Ontario_CDN', 309993, NULL, NULL, 'CDN');
INSERT INTO city VALUES ('Brampton_Ontario_CDN', 234445, NULL, NULL, 'CDN');
INSERT INTO city VALUES ('Markham_Ontario_CDN', 153811, NULL, NULL, 'CDN');
INSERT INTO city VALUES ('Burlington_Ontario_CDN', 129575, NULL, NULL, 'CDN');
INSERT INTO city VALUES ('Saint Catharines_Ontario_CDN', 129300, NULL, NULL, 'CDN');
INSERT INTO city VALUES ('Thunder Bay_Ontario_CDN', 113746, 48.3667, -89.3167, 'CDN');
INSERT INTO city VALUES ('Nepean_Ontario_CDN', 107627, NULL, NULL, 'CDN');
INSERT INTO city VALUES ('East York_Ontario_CDN', 102696, NULL, NULL, 'CDN');
INSERT INTO city VALUES ('Charlottetown_Prince Edward Island_CDN', 24837, 46.2, -63.2, 'CDN');
INSERT INTO city VALUES ('Laval_Quebec_CDN', 314398, NULL, NULL, 'CDN');
INSERT INTO city VALUES ('Montreal_Quebec_CDN', 1017666, 45.3, -73.5, 'CDN');
INSERT INTO city VALUES ('Quebec_Quebec_CDN', 167517, 46.8, -71.3833, 'CDN');
INSERT INTO city VALUES ('Longueuil_Quebec_CDN', 129874, NULL, NULL, 'CDN');
INSERT INTO city VALUES ('Richmond_Quebec_CDN', 126624, NULL, NULL, 'CDN');
INSERT INTO city VALUES ('Regina_Saskatchewan_CDN', 179178, 50.4333, -104.667, 'CDN');
INSERT INTO city VALUES ('Saskatoon_Saskatchewan_CDN', 186058, 52, -107, 'CDN');
INSERT INTO city VALUES ('Whitehorse_Yukon Territory_CDN', 13311, 60.4, -135, 'CDN');
INSERT INTO city VALUES ('Birmingham_Alabama_USA', 265347, 33.5667, -86.75, 'USA');
INSERT INTO city VALUES ('Mobile_Alabama_USA', 196263, 30.6833, -88.25, 'USA');
INSERT INTO city VALUES ('Montgomery_Alabama_USA', 190350, 32.3833, -86.3667, 'USA');
INSERT INTO city VALUES ('Huntsville_Alabama_USA', 159880, 34.7, -86.5833, 'USA');
INSERT INTO city VALUES ('Anchorage_Alaska_USA', 226338, 61.1667, -150.017, 'USA');
INSERT INTO city VALUES ('Juneau_Alaska_USA', 19528, 58.3667, -134.583, 'USA');
INSERT INTO city VALUES ('Phoenix_Arizona_USA', 984310, 33.2, -112.2, 'USA');
INSERT INTO city VALUES ('Tucson_Arizona_USA', 411480, NULL, NULL, 'USA');
INSERT INTO city VALUES ('Mesa_Arizona_USA', 289199, NULL, NULL, 'USA');
INSERT INTO city VALUES ('Glendale_Arizona_USA', 147864, NULL, NULL, 'USA');
INSERT INTO city VALUES ('Scottsdale_Arizona_USA', 130075, NULL, NULL, 'USA');
INSERT INTO city VALUES ('Tempe_Arizona_USA', 141993, NULL, NULL, 'USA');
INSERT INTO city VALUES ('Chandler_Arizona_USA', 89862, NULL, NULL, 'USA');
INSERT INTO city VALUES ('Little Rock_Arkansas_USA', 175727, 34.4, -92.3, 'USA');
INSERT INTO city VALUES ('Los Angeles_California_USA', 3485557, 34, -118, 'USA');
INSERT INTO city VALUES ('San Diego_California_USA', 1110623, 32.7333, -117.167, 'USA');
INSERT INTO city VALUES ('San Jose_California_USA', 782224, 37.3667, -121.933, 'USA');
INSERT INTO city VALUES ('San Francisco_California_USA', 723959, 37.6167, -122.383, 'USA');
INSERT INTO city VALUES ('Long Beach_California_USA', 429321, 33.8167, -118.15, 'USA');
INSERT INTO city VALUES ('Fresno_California_USA', 354091, NULL, NULL, 'USA');
INSERT INTO city VALUES ('Sacramento_California_USA', 369365, 38.5167, -121.5, 'USA');
INSERT INTO city VALUES ('Oakland_California_USA', 372242, 37.8167, -122.317, 'USA');
INSERT INTO city VALUES ('Santa Ana_California_USA', 293827, 33.75, -117.867, 'USA');
INSERT INTO city VALUES ('Anaheim_California_USA', 266406, NULL, NULL, 'USA');
INSERT INTO city VALUES ('Riverside_California_USA', 226546, NULL, NULL, 'USA');
INSERT INTO city VALUES ('Stockton_California_USA', 210943, 37.9, -121.25, 'USA');
INSERT INTO city VALUES ('Bakersfield_California_USA', 176264, 35.4167, -119.05, 'USA');
INSERT INTO city VALUES ('Huntington Beach_California_USA', 181519, NULL, NULL, 'USA');
INSERT INTO city VALUES ('Fremont_California_USA', 173339, NULL, NULL, 'USA');
INSERT INTO city VALUES ('Glendale_California_USA', 180038, NULL, NULL, 'USA');
INSERT INTO city VALUES ('San Bernardino_California_USA', 170036, NULL, NULL, 'USA');
INSERT INTO city VALUES ('Modesto_California_USA', 164746, 37.65, -121, 'USA');
INSERT INTO city VALUES ('Chula Vista_California_USA', 135160, NULL, NULL, 'USA');
INSERT INTO city VALUES ('Oxnard_California_USA', 142560, 34.2, -119.183, 'USA');
INSERT INTO city VALUES ('Garden Grove_California_USA', 142965, NULL, NULL, 'USA');
INSERT INTO city VALUES ('Oceanside_California_USA', 128090, 33.2333, -117.417, 'USA');
INSERT INTO city VALUES ('Ontario_California_USA', 133179, 34.05, -117.6, 'USA');
INSERT INTO city VALUES ('Moreno Valley_California_USA', 118779, NULL, NULL, 'USA');
INSERT INTO city VALUES ('Torrance_California_USA', 133107, NULL, NULL, 'USA');
INSERT INTO city VALUES ('Pomona_California_USA', 131700, 34.05, -117.75, 'USA');
INSERT INTO city VALUES ('Pasadena_California_USA', 131586, 34.15, -118.15, 'USA');
INSERT INTO city VALUES ('Irvine_California_USA', 110330, NULL, NULL, 'USA');
INSERT INTO city VALUES ('Sunnyvale_California_USA', 117324, NULL, NULL, 'USA');
INSERT INTO city VALUES ('Santa Clarita_California_USA', 120050, NULL, NULL, 'USA');
INSERT INTO city VALUES ('Santa Rosa_California_USA', 113261, 38.5167, -122.817, 'USA');
INSERT INTO city VALUES ('Hayward_California_USA', 114705, NULL, NULL, 'USA');
INSERT INTO city VALUES ('Fullerton_California_USA', 114144, NULL, NULL, 'USA');
INSERT INTO city VALUES ('Orange_California_USA', 110658, NULL, NULL, 'USA');
INSERT INTO city VALUES ('Rancho Cucamonga_California_USA', 101409, NULL, NULL, 'USA');
INSERT INTO city VALUES ('Escondido_California_USA', 108648, 33.1167, -117.083, 'USA');
INSERT INTO city VALUES ('Lancaster_California_USA', 97300, NULL, NULL, 'USA');
INSERT INTO city VALUES ('Concord_California_USA', 111308, 37.9667, -121.983, 'USA');
INSERT INTO city VALUES ('Thousand Oaks_California_USA', 104381, NULL, NULL, 'USA');
INSERT INTO city VALUES ('Salinas_California_USA', 108777, 36.6667, -121.6, 'USA');
INSERT INTO city VALUES ('Inglewood_California_USA', 109602, NULL, NULL, 'USA');
INSERT INTO city VALUES ('El Monte_California_USA', 106162, NULL, NULL, 'USA');
INSERT INTO city VALUES ('Vallejo_California_USA', 109199, NULL, NULL, 'USA');
INSERT INTO city VALUES ('Simi Valley_California_USA', 100218, NULL, NULL, 'USA');
INSERT INTO city VALUES ('Palmdale_California_USA', 70262, 34.6333, -118.1, 'USA');
INSERT INTO city VALUES ('Fontana_California_USA', 87535, NULL, NULL, 'USA');
INSERT INTO city VALUES ('Berkeley_California_USA', 102724, NULL, NULL, 'USA');
INSERT INTO city VALUES ('West Covina_California_USA', 96226, NULL, NULL, 'USA');
INSERT INTO city VALUES ('Costa Mesa_California_USA', 96357, NULL, NULL, 'USA');
INSERT INTO city VALUES ('Norwalk_California_USA', 94279, NULL, NULL, 'USA');
INSERT INTO city VALUES ('Corona_California_USA', 75943, NULL, NULL, 'USA');
INSERT INTO city VALUES ('Denver_Colorado_USA', 467610, 39.75, -104.867, 'USA');
INSERT INTO city VALUES ('Colorado Springs_Colorado_USA', 280430, 38.8167, -104.717, 'USA');
INSERT INTO city VALUES ('Aurora_Colorado_USA', 222103, NULL, NULL, 'USA');
INSERT INTO city VALUES ('Lakewood_Colorado_USA', 126475, NULL, NULL, 'USA');
INSERT INTO city VALUES ('Fort Collins_Colorado_USA', 87491, 40.75, -105.083, 'USA');
INSERT INTO city VALUES ('Bridgeport_Connecticut_USA', 141686, 41.1833, -73.1833, 'USA');
INSERT INTO city VALUES ('Hartford_Connecticut_USA', 139739, 41.3, -72.4, 'USA');
INSERT INTO city VALUES ('New Haven_Connecticut_USA', 130474, 41.3167, -73.9167, 'USA');
INSERT INTO city VALUES ('Stamford_Connecticut_USA', 108056, NULL, NULL, 'USA');
INSERT INTO city VALUES ('Waterbury_Connecticut_USA', 108961, 41.5833, -73.0667, 'USA');
INSERT INTO city VALUES ('Dover_Delaware_USA', 23512, 39.1333, -75.4667, 'USA');
INSERT INTO city VALUES ('Jacksonville_Florida_USA', 635230, 30.5, -81.7, 'USA');
INSERT INTO city VALUES ('Miami_Florida_USA', 358648, 25.4, -80.1, 'USA');
INSERT INTO city VALUES ('Tampa_Florida_USA', 280015, NULL, NULL, 'USA');
INSERT INTO city VALUES ('St. Petersburg_Florida_USA', 240318, 27.7667, -83.3333, 'USA');
INSERT INTO city VALUES ('Hialeah_Florida_USA', 188008, NULL, NULL, 'USA');
INSERT INTO city VALUES ('Orlando_Florida_USA', 164674, 28.55, -81.3833, 'USA');
INSERT INTO city VALUES ('Fort Lauderdale_Florida_USA', 149238, NULL, NULL, 'USA');
INSERT INTO city VALUES ('Tallahassee_Florida_USA', 124773, 30.2, -84.1, 'USA');
INSERT INTO city VALUES ('Hollywood_Florida_USA', 121720, NULL, NULL, 'USA');
INSERT INTO city VALUES ('Coral Springs_Florida_USA', 78864, NULL, NULL, 'USA');
INSERT INTO city VALUES ('Pembroke Pines_Florida_USA', 65566, NULL, NULL, 'USA');
INSERT INTO city VALUES ('Clearwater_Florida_USA', 98669, NULL, NULL, 'USA');
INSERT INTO city VALUES ('Atlanta_Georgia_USA', 393929, 33.4, -84.4, 'USA');
INSERT INTO city VALUES ('Columbus_Georgia_USA', 178683, NULL, NULL, 'USA');
INSERT INTO city VALUES ('Savannah_Georgia_USA', 137812, 32.1333, -81.2, 'USA');
INSERT INTO city VALUES ('Macon_Georgia_USA', 107365, 32.7, -83.65, 'USA');
INSERT INTO city VALUES ('Honolulu_Hawaii_USA', 377059, 21.3333, -157.917, 'USA');
INSERT INTO city VALUES ('Hilo_Hawaii_USA', NULL, 20, -165, 'USA');
INSERT INTO city VALUES ('Boise_Idaho_USA', 126685, 43.4, -116.2, 'USA');
INSERT INTO city VALUES ('Chicago_Illinois_USA', 2783726, 41.8833, -87.6333, 'USA');
INSERT INTO city VALUES ('Rockford_Illinois_USA', 141787, 42.35, -89.05, 'USA');
INSERT INTO city VALUES ('Aurora_Illinois_USA', 99672, 41.75, -88.3333, 'USA');
INSERT INTO city VALUES ('Springfield_Illinois_USA', 105417, 39.8333, -89.6667, 'USA');
INSERT INTO city VALUES ('Peoria_Illinois_USA', 113513, 40.6667, -89.6833, 'USA');
INSERT INTO city VALUES ('Naperville_Illinois_USA', 85806, NULL, NULL, 'USA');
INSERT INTO city VALUES ('Indianapolis_Indiana_USA', 731278, 39.7333, -86.2833, 'USA');
INSERT INTO city VALUES ('Fort Wayne_Indiana_USA', 191839, 41, -85.2, 'USA');
INSERT INTO city VALUES ('Evansville_Indiana_USA', 126272, 38.05, -87.5333, 'USA');
INSERT INTO city VALUES ('Gary_Indiana_USA', 116646, NULL, NULL, 'USA');
INSERT INTO city VALUES ('South Bend_Indiana_USA', 105511, 41.7, -86.3167, 'USA');
INSERT INTO city VALUES ('Des Moines_Iowa_USA', 193189, 41.5333, -93.65, 'USA');
INSERT INTO city VALUES ('Cedar Rapids_Iowa_USA', 108772, 41.8833, -91.7, 'USA');
INSERT INTO city VALUES ('Wichita_Kansas_USA', 304017, 37.65, -97.4167, 'USA');
INSERT INTO city VALUES ('Kansas City_Kansas_USA', 151521, NULL, NULL, 'USA');
INSERT INTO city VALUES ('Overland Park_Kansas_USA', 111790, NULL, NULL, 'USA');
INSERT INTO city VALUES ('Topeka_Kansas_USA', 119883, 39.0667, -95.6333, 'USA');
INSERT INTO city VALUES ('Louisville_Kentucky_USA', 269555, 38.1833, -85.7333, 'USA');
INSERT INTO city VALUES ('Lexington Fayette_Kentucky_USA', 225366, NULL, NULL, 'USA');
INSERT INTO city VALUES ('Frankfort_Kentucky_USA', 25973, 38.1, -84.5, 'USA');
INSERT INTO city VALUES ('New Orleans_Louisiana_USA', 496938, 29.9833, -90.25, 'USA');
INSERT INTO city VALUES ('Soacha_Cundinamarca_CO', 266817, NULL, NULL, 'CO');
INSERT INTO city VALUES ('Baton Rouge_Louisiana_USA', 219531, 30.5333, -91.15, 'USA');
INSERT INTO city VALUES ('Shreveport_Louisiana_USA', 198525, NULL, NULL, 'USA');
INSERT INTO city VALUES ('Lafayette_Louisiana_USA', 101852, 30.2, -92, 'USA');
INSERT INTO city VALUES ('Augusta_Maine_USA', 21819, 44.3167, -69.8, 'USA');
INSERT INTO city VALUES ('Baltimore_Maryland_USA', 736014, 39.3333, -76.4167, 'USA');
INSERT INTO city VALUES ('Annapolis_Maryland_USA', 31740, 39, -76.3, 'USA');
INSERT INTO city VALUES ('Boston_Massachusetts_USA', 574283, 42.3667, -71.0333, 'USA');
INSERT INTO city VALUES ('Worcester_Massachusetts_USA', 169759, 42.2667, -71.8667, 'USA');
INSERT INTO city VALUES ('Springfield_Massachusetts_USA', 156983, NULL, NULL, 'USA');
INSERT INTO city VALUES ('Lowell_Massachusetts_USA', 103439, 42.65, -71.3167, 'USA');
INSERT INTO city VALUES ('Detroit_Michigan_USA', 1027974, 42.4167, -83.0167, 'USA');
INSERT INTO city VALUES ('Grand Rapids_Michigan_USA', 189126, 42.8833, -85.5167, 'USA');
INSERT INTO city VALUES ('Warren_Michigan_USA', 144864, NULL, NULL, 'USA');
INSERT INTO city VALUES ('Flint_Michigan_USA', 140925, 42.9667, -83.7333, 'USA');
INSERT INTO city VALUES ('Lansing_Michigan_USA', 127321, 42.7833, -84.6, 'USA');
INSERT INTO city VALUES ('Sterling Heights_Michigan_USA', 117810, NULL, NULL, 'USA');
INSERT INTO city VALUES ('Ann Arbor_Michigan_USA', 109608, NULL, NULL, 'USA');
INSERT INTO city VALUES ('Livonia_Michigan_USA', 100850, NULL, NULL, 'USA');
INSERT INTO city VALUES ('Minneapolis_Minnesota_USA', 368383, NULL, NULL, 'USA');
INSERT INTO city VALUES ('St. Paul_Minnesota_USA', 272235, 45, -93, 'USA');
INSERT INTO city VALUES ('Jackson_Mississippi_USA', 202062, 32.3167, -90.0833, 'USA');
INSERT INTO city VALUES ('Kansas City_Missouri_USA', 434829, 39.1167, -94.5833, 'USA');
INSERT INTO city VALUES ('St. Louis_Missouri_USA', 396685, 38.75, -90.3833, 'USA');
INSERT INTO city VALUES ('Springfield_Missouri_USA', 140494, 37.2333, -93.3833, 'USA');
INSERT INTO city VALUES ('Independence_Missouri_USA', 112301, NULL, NULL, 'USA');
INSERT INTO city VALUES ('Jefferson City_Missouri_USA', 33619, 38.5667, -92.1833, 'USA');
INSERT INTO city VALUES ('Helena_Montana_USA', 23938, 46.6, -112, 'USA');
INSERT INTO city VALUES ('Omaha_Nebraska_USA', 342862, 41.3, -95.9, 'USA');
INSERT INTO city VALUES ('Lincoln_Nebraska_USA', 191972, 40.5, -96.4, 'USA');
INSERT INTO city VALUES ('Las Vegas_Nevada_USA', 258204, 36.2, -115.2, 'USA');
INSERT INTO city VALUES ('Reno_Nevada_USA', 133850, 39.5, -119.783, 'USA');
INSERT INTO city VALUES ('Henderson_Nevada_USA', 64948, NULL, NULL, 'USA');
INSERT INTO city VALUES ('Carson City_Nevada_USA', 32022, 39.1667, -119.767, 'USA');
INSERT INTO city VALUES ('Manchester_New Hampshire_USA', 99332, NULL, NULL, 'USA');
INSERT INTO city VALUES ('Concord_New Hampshire_USA', 30400, 43.2, -71.5, 'USA');
INSERT INTO city VALUES ('Newark_New Jersey_USA', 275221, 40.7, -74.1667, 'USA');
INSERT INTO city VALUES ('Jersey City_New Jersey_USA', 228517, NULL, NULL, 'USA');
INSERT INTO city VALUES ('Paterson_New Jersey_USA', 140891, 40.9, -74.15, 'USA');
INSERT INTO city VALUES ('Elizabeth_New Jersey_USA', 110002, NULL, NULL, 'USA');
INSERT INTO city VALUES ('Trenton_New Jersey_USA', 92124, 40.2167, -74.7667, 'USA');
INSERT INTO city VALUES ('Albuquerque_New Mexico_USA', 384915, NULL, NULL, 'USA');
INSERT INTO city VALUES ('Santa Fe_New Mexico_USA', 48899, 35.4, -106, 'USA');
INSERT INTO city VALUES ('New York_New York_USA', 7322564, 40.4, -74, 'USA');
INSERT INTO city VALUES ('Buffalo_New York_USA', 328175, 42.9333, -78.7333, 'USA');
INSERT INTO city VALUES ('Rochester_New York_USA', 230356, 43.1167, -77.6667, 'USA');
INSERT INTO city VALUES ('Yonkers_New York_USA', 188082, NULL, NULL, 'USA');
INSERT INTO city VALUES ('Syracuse_New York_USA', 163860, 43.1167, -76.1167, 'USA');
INSERT INTO city VALUES ('Albany_New York_USA', 100031, 42.65, -73.75, 'USA');
INSERT INTO city VALUES ('Charlotte_North Carolina_USA', 419539, 35.2167, -80.9333, 'USA');
INSERT INTO city VALUES ('Raleigh_North Carolina_USA', 212092, 35.5, -78.4, 'USA');
INSERT INTO city VALUES ('Greensboro_North Carolina_USA', 183894, NULL, NULL, 'USA');
INSERT INTO city VALUES ('Winston Salem_North Carolina_USA', 150958, NULL, NULL, 'USA');
INSERT INTO city VALUES ('Durham_North Carolina_USA', 138894, 35.8667, -78.7833, 'USA');
INSERT INTO city VALUES ('Bismarck_North Dakota_USA', 44485, 46.4, -100.5, 'USA');
INSERT INTO city VALUES ('Columbus_Ohio_USA', 632945, 39.5, -83, 'USA');
INSERT INTO city VALUES ('Cleveland_Ohio_USA', 505616, NULL, NULL, 'USA');
INSERT INTO city VALUES ('Cincinnati_Ohio_USA', 364114, 39.15, -84.5167, 'USA');
INSERT INTO city VALUES ('Toledo_Ohio_USA', 332943, 41.6, -83.8, 'USA');
INSERT INTO city VALUES ('Akron_Ohio_USA', 223019, NULL, NULL, 'USA');
INSERT INTO city VALUES ('Dayton_Ohio_USA', 182005, 39.9, -84.2167, 'USA');
INSERT INTO city VALUES ('Oklahoma City_Oklahoma_USA', 444724, 35.3, -97.3, 'USA');
INSERT INTO city VALUES ('Tulsa_Oklahoma_USA', 367302, 36.2, -95.9, 'USA');
INSERT INTO city VALUES ('Portland_Oregon_USA', 463634, 45.6, -122.6, 'USA');
INSERT INTO city VALUES ('Eugene_Oregon_USA', 112733, 44.1167, -123.217, 'USA');
INSERT INTO city VALUES ('Salem_Oregon_USA', 107793, 44.9167, -123.017, 'USA');
INSERT INTO city VALUES ('Philadelphia_Pennsylvania_USA', 1585577, 39.8833, -75.25, 'USA');
INSERT INTO city VALUES ('Pittsburgh_Pennsylvania_USA', 369879, 40.45, -80, 'USA');
INSERT INTO city VALUES ('Erie_Pennsylvania_USA', 108718, 42.0833, -80.1833, 'USA');
INSERT INTO city VALUES ('Allentown_Pennsylvania_USA', 105301, 40.65, -75.4333, 'USA');
INSERT INTO city VALUES ('Harrisburg_Pennsylvania_USA', 53264, 40.2, -76.7667, 'USA');
INSERT INTO city VALUES ('Providence_Rhode Island_USA', 160728, 41.7333, -71.4333, 'USA');
INSERT INTO city VALUES ('Columbia_South Carolina_USA', 110734, 33.95, -81.1167, 'USA');
INSERT INTO city VALUES ('Sioux Falls_South Dakota_USA', 100836, 43.5667, -96.7333, 'USA');
INSERT INTO city VALUES ('Pierre_South Dakota_USA', 11973, 44.3833, -100.283, 'USA');
INSERT INTO city VALUES ('Memphis_Tennessee_USA', 618652, 35.05, -90, 'USA');
INSERT INTO city VALUES ('Nashville Davidson_Tennessee_USA', 488366, NULL, NULL, 'USA');
INSERT INTO city VALUES ('Knoxville_Tennessee_USA', 169761, 35.8167, -83.9833, 'USA');
INSERT INTO city VALUES ('Chattanooga_Tennessee_USA', 152393, 35.0333, -85.2, 'USA');
INSERT INTO city VALUES ('Nashville_Tennessee_USA', 455657, 36.1, -86.4, 'USA');
INSERT INTO city VALUES ('Houston_Texas_USA', 1637859, 29.9667, -95.35, 'USA');
INSERT INTO city VALUES ('San Antonio_Texas_USA', 959295, 29.3, -98.4, 'USA');
INSERT INTO city VALUES ('Dallas_Texas_USA', 1007618, 32.85, -96.85, 'USA');
INSERT INTO city VALUES ('El Paso_Texas_USA', 515342, NULL, NULL, 'USA');
INSERT INTO city VALUES ('Austin_Texas_USA', 472020, 30.3, -97.7, 'USA');
INSERT INTO city VALUES ('Fort Worth_Texas_USA', 447619, 32.4, -97.1, 'USA');
INSERT INTO city VALUES ('Arlington_Texas_USA', 261717, NULL, NULL, 'USA');
INSERT INTO city VALUES ('Envigado_Antioquia_CO', 109240, NULL, NULL, 'CO');
INSERT INTO city VALUES ('Corpus Christi_Texas_USA', 257453, 27.7667, -97.5, 'USA');
INSERT INTO city VALUES ('Lubbock_Texas_USA', 186206, 33.65, -101.817, 'USA');
INSERT INTO city VALUES ('Plano_Texas_USA', 127885, NULL, NULL, 'USA');
INSERT INTO city VALUES ('Garland_Texas_USA', 180635, NULL, NULL, 'USA');
INSERT INTO city VALUES ('Irving_Texas_USA', 155037, NULL, NULL, 'USA');
INSERT INTO city VALUES ('Amarillo_Texas_USA', 157571, 35.2333, -100.7, 'USA');
INSERT INTO city VALUES ('Laredo_Texas_USA', 122899, 27.5333, -99.45, 'USA');
INSERT INTO city VALUES ('Brownsville_Texas_USA', 107027, NULL, NULL, 'USA');
INSERT INTO city VALUES ('Pasadena_Texas_USA', 119604, NULL, NULL, 'USA');
INSERT INTO city VALUES ('Mesquite_Texas_USA', 101484, NULL, NULL, 'USA');
INSERT INTO city VALUES ('Beaumont_Texas_USA', 114323, 29.95, -94.0167, 'USA');
INSERT INTO city VALUES ('Grand Prairie_Texas_USA', 99606, NULL, NULL, 'USA');
INSERT INTO city VALUES ('Abilene_Texas_USA', 106707, 32.4167, -99.6833, 'USA');
INSERT INTO city VALUES ('Waco_Texas_USA', 103590, 31.6167, -97.2167, 'USA');
INSERT INTO city VALUES ('McAllen_Texas_USA', 84021, NULL, NULL, 'USA');
INSERT INTO city VALUES ('Wichita Falls_Texas_USA', 96259, 33.9667, -98.4833, 'USA');
INSERT INTO city VALUES ('Salt Lake City_Utah_USA', 159928, 40.4, -112, 'USA');
INSERT INTO city VALUES ('Montpelier_Vermont_USA', 8241, 44.2, -72.4, 'USA');
INSERT INTO city VALUES ('Virginia Beach_Virginia_USA', 393089, NULL, NULL, 'USA');
INSERT INTO city VALUES ('Norfolk_Virginia_USA', 261250, 36.9, -76.2, 'USA');
INSERT INTO city VALUES ('Richmond_Virginia_USA', 202798, 37.5, -77.3333, 'USA');
INSERT INTO city VALUES ('Chesapeake_Virginia_USA', 151982, NULL, NULL, 'USA');
INSERT INTO city VALUES ('Newport News_Virginia_USA', 171439, NULL, NULL, 'USA');
INSERT INTO city VALUES ('Arlington_Virginia_USA', 170897, NULL, NULL, 'USA');
INSERT INTO city VALUES ('Hampton_Virginia_USA', 133811, NULL, NULL, 'USA');
INSERT INTO city VALUES ('Alexandria_Virginia_USA', 111182, NULL, NULL, 'USA');
INSERT INTO city VALUES ('Portsmouth_Virginia_USA', 103910, NULL, NULL, 'USA');
INSERT INTO city VALUES ('Seattle_Washington_USA', 516259, NULL, NULL, 'USA');
INSERT INTO city VALUES ('Spokane_Washington_USA', 177165, NULL, NULL, 'USA');
INSERT INTO city VALUES ('Tacoma_Washington_USA', 176664, NULL, NULL, 'USA');
INSERT INTO city VALUES ('Olympia_Washington_USA', 27447, 46.9667, -122.9, 'USA');
INSERT INTO city VALUES ('Charleston_West Virginia_USA', 63968, 38.3667, -81.6, 'USA');
INSERT INTO city VALUES ('Milwaukee_Wisconsin_USA', 628088, 42.95, -87.9, 'USA');
INSERT INTO city VALUES ('Madison_Wisconsin_USA', 190766, 43, -89.2, 'USA');
INSERT INTO city VALUES ('Green Bay_Wisconsin_USA', 96466, 44.4833, -88.1333, 'USA');
INSERT INTO city VALUES ('Cheyenne_Wyoming_USA', 47283, 41.15, -104.817, 'USA');
INSERT INTO city VALUES ('Washington_Distr. Columbia_USA', 606900, 38.5, -77, 'USA');
INSERT INTO city VALUES ('George Town_Cayman Islands_CAYM', NULL, 19.18, -81.23, 'CAYM');
INSERT INTO city VALUES ('San Jose_San Jose_CR', 296600, 10, -84.2, 'CR');
INSERT INTO city VALUES ('Alajuela_Alajuela_CR', 158300, NULL, NULL, 'CR');
INSERT INTO city VALUES ('Cartago_Cartago_CR', 109000, NULL, NULL, 'CR');
INSERT INTO city VALUES ('Heredia_Heredia_CR', 67400, NULL, NULL, 'CR');
INSERT INTO city VALUES ('Liberia_Guanacaste_CR', 36400, NULL, NULL, 'CR');
INSERT INTO city VALUES ('Puntarenas_Puntarenas_CR', 92400, 10, -84.8, 'CR');
INSERT INTO city VALUES ('Limon_Limon_CR', 67800, 10, -83, 'CR');
INSERT INTO city VALUES ('Managua_Nicaragua_NIC', 1195000, 12.1667, -86.25, 'NIC');
INSERT INTO city VALUES ('Leon_Nicaragua_NIC', 171375, NULL, NULL, 'NIC');
INSERT INTO city VALUES ('Chinandega_Nicaragua_NIC', 101211, NULL, NULL, 'NIC');
INSERT INTO city VALUES ('Masaya_Nicaragua_NIC', 100646, NULL, NULL, 'NIC');
INSERT INTO city VALUES ('Granada_Nicaragua_NIC', 79418, 11.9, -86, 'NIC');
INSERT INTO city VALUES ('Bocas del Toro_Bocas del Toro_PA', NULL, NULL, NULL, 'PA');
INSERT INTO city VALUES ('Penonome_Cocle_PA', 61000, NULL, NULL, 'PA');
INSERT INTO city VALUES ('Colon_Colon_PA', 140900, NULL, NULL, 'PA');
INSERT INTO city VALUES ('El Porvenir_Comarca de San Blas_PA', NULL, NULL, NULL, 'PA');
INSERT INTO city VALUES ('David_Chiriqui_PA', 102700, NULL, NULL, 'PA');
INSERT INTO city VALUES ('La Palma_Darien_PA', NULL, NULL, NULL, 'PA');
INSERT INTO city VALUES ('Chitre_Herrera_PA', 34700, NULL, NULL, 'PA');
INSERT INTO city VALUES ('Las Tablas_Los Santos_PA', 21100, NULL, NULL, 'PA');
INSERT INTO city VALUES ('Panama City_Panama_PA', 594800, 8.96667, -79.55, 'PA');
INSERT INTO city VALUES ('San Miguelito_Panama_PA', 243000, NULL, NULL, 'PA');
INSERT INTO city VALUES ('Santiago_Veraguas_PA', 61000, NULL, NULL, 'PA');
INSERT INTO city VALUES ('Camaguey_Camaguey_C', 293961, NULL, NULL, 'C');
INSERT INTO city VALUES ('Ciego de Avila_Ciego de Avila_C', NULL, NULL, NULL, 'C');
INSERT INTO city VALUES ('Cienfuegos_Cienfuegos_C', 132038, NULL, NULL, 'C');
INSERT INTO city VALUES ('Havana_Ciudad de la Habana_C', 2241000, 23.1333, -82.35, 'C');
INSERT INTO city VALUES ('Bayamo_Granma_C', 137663, NULL, NULL, 'C');
INSERT INTO city VALUES ('Manzanillo_Granma_C', 107650, NULL, NULL, 'C');
INSERT INTO city VALUES ('Guantanamo_Guantanamo_C', 207796, NULL, NULL, 'C');
INSERT INTO city VALUES ('Holguin_Holguin_C', 242085, NULL, NULL, 'C');
INSERT INTO city VALUES ('Victoria de las Tunas_Las Tunas_C', 126930, NULL, NULL, 'C');
INSERT INTO city VALUES ('Matanzas_Matanzas_C', 123843, NULL, NULL, 'C');
INSERT INTO city VALUES ('Pinar del Rio_Pinar del Rio_C', 128570, NULL, NULL, 'C');
INSERT INTO city VALUES ('Sancti Spiritus_Sancti Spiritus_C', NULL, NULL, NULL, 'C');
INSERT INTO city VALUES ('Santiago de Cuba_Santiago de Cuba_C', 440084, NULL, NULL, 'C');
INSERT INTO city VALUES ('Santa Clara_Villa Clara_C', 205400, NULL, NULL, 'C');
INSERT INTO city VALUES ('Nueva Gerona_Isla de la Juventud_C', NULL, NULL, NULL, 'C');
INSERT INTO city VALUES ('Roseau_Dominica_WD', 11000, 15.2, -61.3, 'WD');
INSERT INTO city VALUES ('Santo Domingo_Dominican Republic_DOM', 1400000, 18.4833, -69.9, 'DOM');
INSERT INTO city VALUES ('Port-au-Prince_Haiti_RH', 800000, 18.4, -72.2, 'RH');
INSERT INTO city VALUES ('Nueva San Salvador_El Salvador_ES', 116575, NULL, NULL, 'ES');
INSERT INTO city VALUES ('San Salvador_El Salvador_ES', 422570, 13.7, -89.2167, 'ES');
INSERT INTO city VALUES ('Soyapango_El Salvador_ES', 251811, NULL, NULL, 'ES');
INSERT INTO city VALUES ('Mejicanos_El Salvador_ES', 145000, NULL, NULL, 'ES');
INSERT INTO city VALUES ('Delgado_El Salvador_ES', 104790, NULL, NULL, 'ES');
INSERT INTO city VALUES ('Apopa_El Salvador_ES', 100763, NULL, NULL, 'ES');
INSERT INTO city VALUES ('Santa Ana_El Salvador_ES', 202337, NULL, NULL, 'ES');
INSERT INTO city VALUES ('La Ceiba_Atlantida_HCA', 77100, NULL, NULL, 'HCA');
INSERT INTO city VALUES ('Tela_Atlantida_HCA', 24000, NULL, NULL, 'HCA');
INSERT INTO city VALUES ('Trujillo_Colon_HCA', NULL, NULL, NULL, 'HCA');
INSERT INTO city VALUES ('Comayagua_Comayagua_HCA', 44300, NULL, NULL, 'HCA');
INSERT INTO city VALUES ('Santa Rosa de Copan_Copan_HCA', 21500, NULL, NULL, 'HCA');
INSERT INTO city VALUES ('San Pedro Sula_Cortes_HCA', 325900, NULL, NULL, 'HCA');
INSERT INTO city VALUES ('Puerto Cortes_Cortes_HCA', 32500, NULL, NULL, 'HCA');
INSERT INTO city VALUES ('Choluteca_Choluteca_HCA', 63200, NULL, NULL, 'HCA');
INSERT INTO city VALUES ('Danli_El Paraiso_HCA', 35500, NULL, NULL, 'HCA');
INSERT INTO city VALUES ('Yuscaran_El Paraiso_HCA', NULL, NULL, NULL, 'HCA');
INSERT INTO city VALUES ('Tegucigalpa_Francisco Morazan_HCA', 670100, 14.1, -87.2167, 'HCA');
INSERT INTO city VALUES ('Siguatepeque_Francisco Morazan_HCA', 32200, NULL, NULL, 'HCA');
INSERT INTO city VALUES ('Puerto Lempira_Gracias a Dios_HCA', NULL, NULL, NULL, 'HCA');
INSERT INTO city VALUES ('La Esperanza_Intibuca_HCA', NULL, NULL, NULL, 'HCA');
INSERT INTO city VALUES ('Roatan_Islas de la Bahia_HCA', NULL, NULL, NULL, 'HCA');
INSERT INTO city VALUES ('La Paz_La Paz_HCA', NULL, NULL, NULL, 'HCA');
INSERT INTO city VALUES ('Gracias_Lempira_HCA', NULL, NULL, NULL, 'HCA');
INSERT INTO city VALUES ('Ocotepeque_Ocotepeque_HCA', NULL, NULL, NULL, 'HCA');
INSERT INTO city VALUES ('Jutigalpa_Olancho_HCA', 22500, NULL, NULL, 'HCA');
INSERT INTO city VALUES ('Santa Barbara_Santa Barbara_HCA', NULL, NULL, NULL, 'HCA');
INSERT INTO city VALUES ('Nacaome_Valle_HCA', NULL, NULL, NULL, 'HCA');
INSERT INTO city VALUES ('El Progreso_Yoro_HCA', 70000, NULL, NULL, 'HCA');
INSERT INTO city VALUES ('Olanchito_Yoro_HCA', 15900, NULL, NULL, 'HCA');
INSERT INTO city VALUES ('Yoro_Yoro_HCA', NULL, NULL, NULL, 'HCA');
INSERT INTO city VALUES ('Nuuk_Greenland_GROX', NULL, 64.2, -51.7, 'GROX');
INSERT INTO city VALUES ('Saint Georges_Grenada_WG', 30000, 12.4, -61.4, 'WG');
INSERT INTO city VALUES ('Basse-Terre_Guadeloupe_GUAD', NULL, 16.15, -61.8, 'GUAD');
INSERT INTO city VALUES ('Kingston_Jamaica_JA', 101000, 18, -76.5, 'JA');
INSERT INTO city VALUES ('Fort-de-France_Martinique_MART', 100000, 14.6, -61.0, 'MART');
INSERT INTO city VALUES ('Plymouth_Montserrat_MNTS', 0, 16.42, -62.13, 'MNTS');
INSERT INTO city VALUES ('Willemstad_Netherlands Antilles_NA', 125000, 12.1, -68.9, 'NA');
INSERT INTO city VALUES ('Marigot_Saint Martin_SMAR', 5700, 18.1, -63.1, 'SMAR');
INSERT INTO city VALUES ('Leticia_Amazonas_CO', NULL, NULL, NULL, 'CO');
INSERT INTO city VALUES ('Medellin_Antioquia_CO', 1621356, 6.21667, -75.6, 'CO');
INSERT INTO city VALUES ('Bello_Antioquia_CO', 304819, NULL, NULL, 'CO');
INSERT INTO city VALUES ('Itagui_Antioquia_CO', 169374, NULL, NULL, 'CO');
INSERT INTO city VALUES ('Turbo_Antioquia_CO', 127045, NULL, NULL, 'CO');
INSERT INTO city VALUES ('Arauca_Arauca_CO', NULL, NULL, NULL, 'CO');
INSERT INTO city VALUES ('Barranquilla_Atlantico_CO', 1064255, 10.95, -74.8, 'CO');
INSERT INTO city VALUES ('Soledad_Atlantico_CO', 264583, NULL, NULL, 'CO');
INSERT INTO city VALUES ('Malambo_Atlantico_CO', 112289, NULL, NULL, 'CO');
INSERT INTO city VALUES ('Cartagena_Bolivar_CO', 745689, NULL, NULL, 'CO');
INSERT INTO city VALUES ('Mangangue_Bolivar_CO', 104496, NULL, NULL, 'CO');
INSERT INTO city VALUES ('Tunja_Boyaca_CO', 120210, NULL, NULL, 'CO');
INSERT INTO city VALUES ('Manizales_Caldas_CO', 335125, NULL, NULL, 'CO');
INSERT INTO city VALUES ('Florencia_Caqueta_CO', 118027, NULL, NULL, 'CO');
INSERT INTO city VALUES ('Yopal_Casanare_CO', NULL, NULL, NULL, 'CO');
INSERT INTO city VALUES ('Popayan_Cauca_CO', 223128, NULL, NULL, 'CO');
INSERT INTO city VALUES ('Valledupar_Cesar_CO', 265505, NULL, NULL, 'CO');
INSERT INTO city VALUES ('Quibdo_Choco_CO', 130921, NULL, NULL, 'CO');
INSERT INTO city VALUES ('Monteria_Cordoba_CO', 276074, NULL, NULL, 'CO');
INSERT INTO city VALUES ('Puerto Inirida_Guainia_CO', NULL, NULL, NULL, 'CO');
INSERT INTO city VALUES ('Cienaga_Guajira, La_CO', 144340, NULL, NULL, 'CO');
INSERT INTO city VALUES ('Riohacha_Guajira, La_CO', 142455, NULL, NULL, 'CO');
INSERT INTO city VALUES ('San Jose del Guaviare_Guaviare_CO', NULL, NULL, NULL, 'CO');
INSERT INTO city VALUES ('Neiva_Huila_CO', 248178, NULL, NULL, 'CO');
INSERT INTO city VALUES ('Santa Marta_Magdalena_CO', 309372, NULL, NULL, 'CO');
INSERT INTO city VALUES ('Villavicencio_Meta_CO', 252711, NULL, NULL, 'CO');
INSERT INTO city VALUES ('Pasto_Narino_CO', 325540, NULL, NULL, 'CO');
INSERT INTO city VALUES ('Tumaco_Narino_CO', 114802, NULL, NULL, 'CO');
INSERT INTO city VALUES ('Cucuta_Norte de Santander_CO', 479309, NULL, NULL, 'CO');
INSERT INTO city VALUES ('Mocoa_Putumayo_CO', NULL, NULL, NULL, 'CO');
INSERT INTO city VALUES ('Armenia_Quindio_CO', 220303, NULL, NULL, 'CO');
INSERT INTO city VALUES ('Pereira_Risaralda_CO', 352530, NULL, NULL, 'CO');
INSERT INTO city VALUES ('Dosquebradas_Risaralda_CO', 163599, NULL, NULL, 'CO');
INSERT INTO city VALUES ('San Andres_San Andres y Providencia_CO', NULL, NULL, NULL, 'CO');
INSERT INTO city VALUES ('Bogota_Santa Fe de Bogota, DC_CO', 5237635, 4.6, -74.0833, 'CO');
INSERT INTO city VALUES ('Bucaramanga_Santander del Sur_CO', 351737, NULL, NULL, 'CO');
INSERT INTO city VALUES ('Floridablanca_Santander del Sur_CO', 246834, NULL, NULL, 'CO');
INSERT INTO city VALUES ('Barrancabermeja_Santander del Sur_CO', 180653, NULL, NULL, 'CO');
INSERT INTO city VALUES ('Sincelejo_Sucre_CO', 180076, NULL, NULL, 'CO');
INSERT INTO city VALUES ('Ibague_Tolima_CO', 346632, NULL, NULL, 'CO');
INSERT INTO city VALUES ('Cali_Valle de Cauca_CO', 1718871, 3.41667, -76.5, 'CO');
INSERT INTO city VALUES ('Buenaventura_Valle de Cauca_CO', 266988, NULL, NULL, 'CO');
INSERT INTO city VALUES ('Palmira_Valle de Cauca_CO', 256823, NULL, NULL, 'CO');
INSERT INTO city VALUES ('Tulua_Valle de Cauca_CO', 138124, NULL, NULL, 'CO');
INSERT INTO city VALUES ('Cartago_Valle de Cauca_CO', 117166, NULL, NULL, 'CO');
INSERT INTO city VALUES ('Mitu_Vaupes_CO', NULL, NULL, NULL, 'CO');
INSERT INTO city VALUES ('Puerto Carreno_Vichada_CO', NULL, NULL, NULL, 'CO');
INSERT INTO city VALUES ('San Juan_Puerto Rico_PR', NULL, 18.49, -66.12, 'PR');
INSERT INTO city VALUES ('Basseterre_Saint Kitts and Nevis_KN', 14700, 17, -62.3, 'KN');
INSERT INTO city VALUES ('Castries_Saint Lucia_WL', 49000, 14, -60.5, 'WL');
INSERT INTO city VALUES ('Saint-Pierre_Saint Pierre and Miquelon_SPMI', 5618, 47, -56, 'SPMI');
INSERT INTO city VALUES ('Kingstown_Saint Vincent and the Grenadines_WV', 33694, 13.1, -61.1, 'WV');
INSERT INTO city VALUES ('Port-of-Spain_Trinidad and Tobago_TT', 150000, 10.4, -61.2, 'TT');
INSERT INTO city VALUES ('Grand Turk_Turks and Caicos Islands_TUCA', NULL, 21.28, -71.08, 'TUCA');
INSERT INTO city VALUES ('Charlotte Amalie_Virgin Islands_VIRG', NULL, 18.3, -64.9, 'VIRG');
INSERT INTO city VALUES ('Pago Pago_American Samoa_AMSA', NULL, -14.16, -170.42, 'AMSA');
INSERT INTO city VALUES ('Newcastle_New South Wales_AUS', 429000, NULL, NULL, 'AUS');
INSERT INTO city VALUES ('Sydney_New South Wales_AUS', 3657000, -33.8667, 151.2, 'AUS');
INSERT INTO city VALUES ('Wollongong_New South Wales_AUS', 238000, NULL, NULL, 'AUS');
INSERT INTO city VALUES ('Sunshine Coast_New South Wales_AUS', 110000, NULL, NULL, 'AUS');
INSERT INTO city VALUES ('Darwin_Northern Territory_AUS', 68500, -12.4667, 130.85, 'AUS');
INSERT INTO city VALUES ('Brisbane_Queensland_AUS', 1302000, -27.4667, 153.033, 'AUS');
INSERT INTO city VALUES ('Gold Coast_Queensland_AUS', 266000, NULL, NULL, 'AUS');
INSERT INTO city VALUES ('Townsville_Queensland_AUS', 114000, NULL, NULL, 'AUS');
INSERT INTO city VALUES ('Adelaide_South Australia_AUS', 1050000, -34.9333, 138.583, 'AUS');
INSERT INTO city VALUES ('Hobart_Tasmania_AUS', 184000, -42.5, 147.14, 'AUS');
INSERT INTO city VALUES ('Melbourne_Victoria_AUS', 3081000, -37.8167, 144.967, 'AUS');
INSERT INTO city VALUES ('Geelong_Victoria_AUS', 151000, NULL, NULL, 'AUS');
INSERT INTO city VALUES ('Perth_Western Australia_AUS', 1193000, -31.95, 115.85, 'AUS');
INSERT INTO city VALUES ('Albany_Western Australia_AUS', NULL, -35, 118, 'AUS');
INSERT INTO city VALUES ('Canberra_Australia Capital Territory_AUS', 310000, -35.1, 149.08, 'AUS');
INSERT INTO city VALUES ('Avarua_Cook Islands_COOK', NULL, -21.12, -159.46, 'COOK');
INSERT INTO city VALUES ('Suva_Fiji_FJI', 69481, -19, 178, 'FJI');
INSERT INTO city VALUES ('Papeete_French Polynesia_FPOL', NULL, -17.32, -149.34, 'FPOL');
INSERT INTO city VALUES ('Agana_Guam_GUAM', NULL, 13.28, 144.44, 'GUAM');
INSERT INTO city VALUES ('Dededo_Guam_GUAM', 46000, 13.5, 144.8, 'GUAM');
INSERT INTO city VALUES ('Tarawa_Kiribati_KIR', 2100, 1.4, 173, 'KIR');
INSERT INTO city VALUES ('Majuro_Marshall Islands_MH', 7600, 7.1, 171.3, 'MH');
INSERT INTO city VALUES ('Kolonia_Micronesia_FSM', 5500, 7, 158.2, 'FSM');
INSERT INTO city VALUES ('Palikir_Micronesia_FSM', 6444, 6.9, 158.15, 'FSM');
INSERT INTO city VALUES ('Yaren_Nauru_NAU', NULL, -1, 167, 'NAU');
INSERT INTO city VALUES ('Noumea_New Caledonia_NCA', NULL, -22.16, 166.27, 'NCA');
INSERT INTO city VALUES ('Wellington_New Zealand_NZ', 352030, -41.2833, 174.767, 'NZ');
INSERT INTO city VALUES ('Auckland_New Zealand_NZ', 952600, -36, 175, 'NZ');
INSERT INTO city VALUES ('Christchurch_New Zealand_NZ', 952600, -43.5, 172.66, 'NZ');
INSERT INTO city VALUES ('Alofi_Niue_NIUE', NULL, -19.05, -169.9, 'NIUE');
INSERT INTO city VALUES ('Kingston_Norfolk Island_NORF', NULL, -29, 168, 'NORF');
INSERT INTO city VALUES ('Saipan_Northern Mariana Islands_NMIS', NULL, 15.12, 145.45, 'NMIS');
INSERT INTO city VALUES ('Koror_Palau_PAL', 7685, 7.3, 134.5, 'PAL');
INSERT INTO city VALUES ('Melekeok_Palau_PAL', 391, 7.5, 134.6, 'PAL');
INSERT INTO city VALUES ('Adamstown_Pitcairn Islands_PITC', NULL, -25.04, -130.05, 'PITC');
INSERT INTO city VALUES ('Honiara_Solomon Islands_SLB', 26000, -9.5, 160, 'SLB');
INSERT INTO city VALUES ('Nukualofa_Tonga_TO', 28899, -21.1, -175.2, 'TO');
INSERT INTO city VALUES ('Funafuti_Tuvalu_TUV', 2120, -8, 178, 'TUV');
INSERT INTO city VALUES ('Port-Vila_Vanuatu_VU', 15759, -17.75, 168.3, 'VU');
INSERT INTO city VALUES ('Mata-Utu_Wallis and Futuna_WAFU', NULL, -13.57, -171.56, 'WAFU');
INSERT INTO city VALUES ('Apia_Samoa_WS', 36000, -12, -171, 'WS');
INSERT INTO city VALUES ('La Plata_Buenos Aires_RA', 642979, -35, -58, 'RA');
INSERT INTO city VALUES ('La Matanza_Buenos Aires_RA', 1111811, NULL, NULL, 'RA');
INSERT INTO city VALUES ('Moron_Buenos Aires_RA', 641541, NULL, NULL, 'RA');
INSERT INTO city VALUES ('Lomas de Zamoras_Buenos Aires_RA', 572769, NULL, NULL, 'RA');
INSERT INTO city VALUES ('Mar del Plata_Buenos Aires_RA', 512880, NULL, NULL, 'RA');
INSERT INTO city VALUES ('Quilmes_Buenos Aires_RA', 509445, NULL, NULL, 'RA');
INSERT INTO city VALUES ('Lanus_Buenos Aires_RA', 466755, NULL, NULL, 'RA');
INSERT INTO city VALUES ('General San Martin_Buenos Aires_RA', 407506, NULL, NULL, 'RA');
INSERT INTO city VALUES ('Avellaneda_Buenos Aires_RA', 346620, NULL, NULL, 'RA');
INSERT INTO city VALUES ('San Isidro_Buenos Aires_RA', 299022, NULL, NULL, 'RA');
INSERT INTO city VALUES ('Vicente Lopez_Buenos Aires_RA', 289142, NULL, NULL, 'RA');
INSERT INTO city VALUES ('Bahia Blanca_Buenos Aires_RA', 260096, NULL, NULL, 'RA');
INSERT INTO city VALUES ('San Nicolas de los Arroyos_Buenos Aires_RA', 119302, NULL, NULL, 'RA');
INSERT INTO city VALUES ('San Fernando del Valle de Catamarca_Catamarca_RA', 132626, -28.3, -65.5, 'RA');
INSERT INTO city VALUES ('Resistencia_Chaco_RA', 292350, -27.3, -59, 'RA');
INSERT INTO city VALUES ('Comodoro Rivadavia_Chubut_RA', 124104, NULL, NULL, 'RA');
INSERT INTO city VALUES ('Rawson_Chubut_RA', 52000, -43.1, -65, 'RA');
INSERT INTO city VALUES ('Cordoba_Cordoba_RA', 1208713, -31.3667, -64.25, 'RA');
INSERT INTO city VALUES ('Rio Cuarto_Cordoba_RA', 138853, NULL, NULL, 'RA');
INSERT INTO city VALUES ('Corrientes_Corrientes_RA', 258103, -27.3, -58.4, 'RA');
INSERT INTO city VALUES ('Parana_Entre Rios_RA', 211936, -32, -60, 'RA');
INSERT INTO city VALUES ('Concordia_Entre Rios_RA', 116485, NULL, NULL, 'RA');
INSERT INTO city VALUES ('Formosa_Formosa_RA', 148074, -26.5, -58.1, 'RA');
INSERT INTO city VALUES ('San Salvador de Jujuy_Jujuy_RA', 180102, -24.1, -65.2, 'RA');
INSERT INTO city VALUES ('Santa Rosa_La Pampa_RA', 107000, -36.4, -64.2, 'RA');
INSERT INTO city VALUES ('La Rioja_La Rioja_RA', 103727, -29.3, -67, 'RA');
INSERT INTO city VALUES ('Mendoza_Mendoza_RA', 773113, -33, -69, 'RA');
INSERT INTO city VALUES ('Posadas_Misiones_RA', 210755, -27.3, -56, 'RA');
INSERT INTO city VALUES ('Neuquen_Neuquen_RA', 243803, -39, -68, 'RA');
INSERT INTO city VALUES ('Ica_Ica_PE', 161406, NULL, NULL, 'PE');
INSERT INTO city VALUES ('Viedma_Rio Negro_RA', 25000, -40.5, -63.1, 'RA');
INSERT INTO city VALUES ('Salta_Salta_RA', 370904, -24.5, -65.3, 'RA');
INSERT INTO city VALUES ('San Juan_San Juan_RA', 352691, -31.3, -68.3, 'RA');
INSERT INTO city VALUES ('San Luis_San Luis_RA', 110136, -33.2, -66.2, 'RA');
INSERT INTO city VALUES ('Rio Gallegos_Santa Cruz_RA', 43000, -51.4, -69.2, 'RA');
INSERT INTO city VALUES ('Santa Fe_Santa Fe_RA', 406388, -31.5, -60.5, 'RA');
INSERT INTO city VALUES ('Rosario_Santa Fe_RA', 1118984, -33, -60.5, 'RA');
INSERT INTO city VALUES ('Santiago del Estero La Banda_Santiago de Estero_RA', 263471, NULL, NULL, 'RA');
INSERT INTO city VALUES ('Santiago del Estero_Santiago de Estero_RA', 148000, -28, -64.2, 'RA');
INSERT INTO city VALUES ('Ushuaia_Tierra del Fuego_RA', 3000, -54.5, -68.3, 'RA');
INSERT INTO city VALUES ('San Miguel de Tucuman_Tucuman_RA', 622324, -26.5, -65.2, 'RA');
INSERT INTO city VALUES ('Buenos Aires_Distrito Federal_RA', 2988006, -34.5833, -58.4833, 'RA');
INSERT INTO city VALUES ('La Paz_Bolivia_BOL', 953400, -16.5, -68.15, 'BOL');
INSERT INTO city VALUES ('Sucre_Bolivia_BOL', 110000, -19, -65.1, 'BOL');
INSERT INTO city VALUES ('Cochabamba_Bolivia_BOL', 304000, -17.1, -66, 'BOL');
INSERT INTO city VALUES ('Rio Branco_Acre_BR', 228907, -9.5, -67.5, 'BR');
INSERT INTO city VALUES ('Maceio_Alagoas_BR', 723156, -9.3, -35.5, 'BR');
INSERT INTO city VALUES ('Macapa_Amapa_BR', 214197, 0.5, -52, 'BR');
INSERT INTO city VALUES ('Manaus_Amazonas_BR', 1158265, -3.1, -60, 'BR');
INSERT INTO city VALUES ('Salvador_Bahia_BR', 2209465, -13, -38.5, 'BR');
INSERT INTO city VALUES ('Feira de Santana_Bahia_BR', 449960, NULL, NULL, 'BR');
INSERT INTO city VALUES ('Ilheus_Bahia_BR', 242589, NULL, NULL, 'BR');
INSERT INTO city VALUES ('Vitoria da Conquista_Bahia_BR', 241776, NULL, NULL, 'BR');
INSERT INTO city VALUES ('Itabuna_Bahia_BR', 183237, NULL, NULL, 'BR');
INSERT INTO city VALUES ('Juazeiro_Bahia_BR', 171904, NULL, NULL, 'BR');
INSERT INTO city VALUES ('Jequie_Bahia_BR', 165361, NULL, NULL, 'BR');
INSERT INTO city VALUES ('Camacari_Bahia_BR', 134768, NULL, NULL, 'BR');
INSERT INTO city VALUES ('Alagoinhas_Bahia_BR', 122882, NULL, NULL, 'BR');
INSERT INTO city VALUES ('Barreiras_Bahia_BR', 113544, NULL, NULL, 'BR');
INSERT INTO city VALUES ('Fortaleza_Ceara_BR', 1967365, -3.76667, -38.55, 'BR');
INSERT INTO city VALUES ('Caucaia_Ceara_BR', 208902, NULL, NULL, 'BR');
INSERT INTO city VALUES ('Juazeiro do Norte_Ceara_BR', 186490, NULL, NULL, 'BR');
INSERT INTO city VALUES ('Maracanau_Ceara_BR', 160088, NULL, NULL, 'BR');
INSERT INTO city VALUES ('Sobral_Ceara_BR', 138274, NULL, NULL, 'BR');
INSERT INTO city VALUES ('Cariacica_Espirito Santo_BR', 300085, NULL, NULL, 'BR');
INSERT INTO city VALUES ('Vila Velha_Espirito Santo_BR', 297052, NULL, NULL, 'BR');
INSERT INTO city VALUES ('Serra_Espirito Santo_BR', 266851, NULL, NULL, 'BR');
INSERT INTO city VALUES ('Vitoria_Espirito Santo_BR', 263708, -20.2, -40.3, 'BR');
INSERT INTO city VALUES ('Cachoeiro de Itapemirim_Espirito Santo_BR', 147283, NULL, NULL, 'BR');
INSERT INTO city VALUES ('Colatina_Espirito Santo_BR', 103621, NULL, NULL, 'BR');
INSERT INTO city VALUES ('Linhares_Espirito Santo_BR', 103030, NULL, NULL, 'BR');
INSERT INTO city VALUES ('Goiania_Goias_BR', 998520, -16.3, -49.2, 'BR');
INSERT INTO city VALUES ('Anapolis_Goias_BR', 264873, NULL, NULL, 'BR');
INSERT INTO city VALUES ('Araguaina_Goias_BR', 105000, NULL, NULL, 'BR');
INSERT INTO city VALUES ('Luziania_Goias_BR', 104840, NULL, NULL, 'BR');
INSERT INTO city VALUES ('Rio Verde_Goias_BR', 100223, NULL, NULL, 'BR');
INSERT INTO city VALUES ('Sao Luis_Maranhao_BR', 781068, -2.3, -44.1, 'BR');
INSERT INTO city VALUES ('Imperatriz_Maranhao_BR', 227731, NULL, NULL, 'BR');
INSERT INTO city VALUES ('Caxias_Maranhao_BR', 133710, NULL, NULL, 'BR');
INSERT INTO city VALUES ('Timon_Maranhao_BR', 118332, NULL, NULL, 'BR');
INSERT INTO city VALUES ('Codo_Maranhao_BR', 104825, NULL, NULL, 'BR');
INSERT INTO city VALUES ('Parnaiba_Maranhao_BR', 124641, NULL, NULL, 'BR');
INSERT INTO city VALUES ('Cuiaba_Mato Grosso_BR', 433101, -15.3, -56, 'BR');
INSERT INTO city VALUES ('Varzea Grande_Mato Grosso_BR', 190374, NULL, NULL, 'BR');
INSERT INTO city VALUES ('Rondonopolis_Mato Grosso_BR', 142221, NULL, NULL, 'BR');
INSERT INTO city VALUES ('Campo Grande_Mato Grosso do Sul_BR', 598216, NULL, NULL, 'BR');
INSERT INTO city VALUES ('Dourados_Mato Grosso do Sul_BR', 153165, NULL, NULL, 'BR');
INSERT INTO city VALUES ('Belo Horizonte_Minas Gerais_BR', 2091770, -19.9333, -43.95, 'BR');
INSERT INTO city VALUES ('Contagem_Minas Gerais_BR', 491268, NULL, NULL, 'BR');
INSERT INTO city VALUES ('Betim_Minas Gerais_BR', 249795, NULL, NULL, 'BR');
INSERT INTO city VALUES ('Ribeirao das Neves_Minas Gerais_BR', 197147, NULL, NULL, 'BR');
INSERT INTO city VALUES ('Ibirite_Minas Gerais_BR', 106773, NULL, NULL, 'BR');
INSERT INTO city VALUES ('Uberlandia_Minas Gerais_BR', 437111, NULL, NULL, 'BR');
INSERT INTO city VALUES ('Juiz de Fora_Minas Gerais_BR', 423913, NULL, NULL, 'BR');
INSERT INTO city VALUES ('Montes Claros_Minas Gerais_BR', 271324, NULL, NULL, 'BR');
INSERT INTO city VALUES ('Uberaba_Minas Gerais_BR', 232134, NULL, NULL, 'BR');
INSERT INTO city VALUES ('Governador Valadares_Minas Gerais_BR', 231077, NULL, NULL, 'BR');
INSERT INTO city VALUES ('Ipatinga_Minas Gerais_BR', 195736, NULL, NULL, 'BR');
INSERT INTO city VALUES ('Divinopolis_Minas Gerais_BR', 171562, NULL, NULL, 'BR');
INSERT INTO city VALUES ('Sete Lagoas_Minas Gerais_BR', 167112, NULL, NULL, 'BR');
INSERT INTO city VALUES ('Teofilo Otoni_Minas Gerais_BR', 127214, NULL, NULL, 'BR');
INSERT INTO city VALUES ('Pocos de Caldas_Minas Gerais_BR', 121845, NULL, NULL, 'BR');
INSERT INTO city VALUES ('Patos de Minas_Minas Gerais_BR', 112690, NULL, NULL, 'BR');
INSERT INTO city VALUES ('Itapecerica da Serra_Minas Gerais_BR', 110362, NULL, NULL, 'BR');
INSERT INTO city VALUES ('Barbacena_Minas Gerais_BR', 107843, NULL, NULL, 'BR');
INSERT INTO city VALUES ('Sabara_Minas Gerais_BR', 100570, NULL, NULL, 'BR');
INSERT INTO city VALUES ('Varginha_Minas Gerais_BR', 100079, NULL, NULL, 'BR');
INSERT INTO city VALUES ('Belem_Para_BR', 1142258, -1.45, -48.4833, 'BR');
INSERT INTO city VALUES ('Abaetetuba_Para_BR', 106753, NULL, NULL, 'BR');
INSERT INTO city VALUES ('Ananindeua_Para_BR', 342905, NULL, NULL, 'BR');
INSERT INTO city VALUES ('Santarem_Para_BR', 242765, NULL, NULL, 'BR');
INSERT INTO city VALUES ('Maraba_Para_BR', 147030, NULL, NULL, 'BR');
INSERT INTO city VALUES ('Castanhal_Para_BR', 117747, NULL, NULL, 'BR');
INSERT INTO city VALUES ('Itaituba_Para_BR', 104896, NULL, NULL, 'BR');
INSERT INTO city VALUES ('Joao Pessoa_Paraiba_BR', 549270, -7.1, -35, 'BR');
INSERT INTO city VALUES ('Campina Grande_Paraiba_BR', 340412, NULL, NULL, 'BR');
INSERT INTO city VALUES ('Santa Luzia_Paraiba_BR', 152682, NULL, NULL, 'BR');
INSERT INTO city VALUES ('Santa Rita_Paraiba_BR', 105584, NULL, NULL, 'BR');
INSERT INTO city VALUES ('Curitiba_Parana_BR', 1465698, -25.4167, -49.2833, 'BR');
INSERT INTO city VALUES ('Sao Jose dos Pinhais_Parana_BR', 167286, NULL, NULL, 'BR');
INSERT INTO city VALUES ('Londrina_Parana_BR', 412894, NULL, NULL, 'BR');
INSERT INTO city VALUES ('Maringa_Parana_BR', 267878, NULL, NULL, 'BR');
INSERT INTO city VALUES ('Ponta Grossa_Parana_BR', 252674, NULL, NULL, 'BR');
INSERT INTO city VALUES ('Foz do Iguacu_Parana_BR', 231596, NULL, NULL, 'BR');
INSERT INTO city VALUES ('Cascavel_Parana_BR', 219623, NULL, NULL, 'BR');
INSERT INTO city VALUES ('Colombo_Parana_BR', 153583, NULL, NULL, 'BR');
INSERT INTO city VALUES ('Guarapuava_Parana_BR', 149158, NULL, NULL, 'BR');
INSERT INTO city VALUES ('Paranagua_Parana_BR', 115394, NULL, NULL, 'BR');
INSERT INTO city VALUES ('Apucarana_Parana_BR', 101005, NULL, NULL, 'BR');
INSERT INTO city VALUES ('Recife_Pernambuco_BR', 1342877, -8.06667, -34.8833, 'BR');
INSERT INTO city VALUES ('Cabo de Santo Agostinho_Pernambuco_BR', 137295, NULL, NULL, 'BR');
INSERT INTO city VALUES ('Jaboatao dos Guararapes_Pernambuco_BR', 528973, NULL, NULL, 'BR');
INSERT INTO city VALUES ('Paulista_Pernambuco_BR', 234706, NULL, NULL, 'BR');
INSERT INTO city VALUES ('Caruaru_Pernambuco_BR', 231874, NULL, NULL, 'BR');
INSERT INTO city VALUES ('Gravatai_Pernambuco_BR', 205657, NULL, NULL, 'BR');
INSERT INTO city VALUES ('Petrolina_Pernambuco_BR', 190453, NULL, NULL, 'BR');
INSERT INTO city VALUES ('Vitoria de Santo Antao_Pernambuco_BR', 111575, NULL, NULL, 'BR');
INSERT INTO city VALUES ('Camaragibe_Pernambuco_BR', 111190, NULL, NULL, 'BR');
INSERT INTO city VALUES ('Garanhuns_Pernambuco_BR', 110190, NULL, NULL, 'BR');
INSERT INTO city VALUES ('Teresina_Piaui_BR', 653994, -5, -42.5, 'BR');
INSERT INTO city VALUES ('Rio de Janeiro_Rio de Janeiro_BR', 5533011, -23, -43.2, 'BR');
INSERT INTO city VALUES ('Campos dos Goytacazes_Rio de Janeiro_BR', 391299, NULL, NULL, 'BR');
INSERT INTO city VALUES ('Sao Goncalo_Rio de Janeiro_BR', 827967, NULL, NULL, 'BR');
INSERT INTO city VALUES ('Novo Iguacu_Rio de Janeiro_BR', 801036, NULL, NULL, 'BR');
INSERT INTO city VALUES ('Duque de Caxias_Rio de Janeiro_BR', 712370, NULL, NULL, 'BR');
INSERT INTO city VALUES ('Niteroi_Rio de Janeiro_BR', 450129, NULL, NULL, 'BR');
INSERT INTO city VALUES ('Sao Joao de Meriti_Rio de Janeiro_BR', 433713, NULL, NULL, 'BR');
INSERT INTO city VALUES ('Belfort Roxo_Rio de Janeiro_BR', 393520, NULL, NULL, 'BR');
INSERT INTO city VALUES ('Olinda_Rio de Janeiro_BR', 355741, NULL, NULL, 'BR');
INSERT INTO city VALUES ('Petropolis_Rio de Janeiro_BR', 267604, NULL, NULL, 'BR');
INSERT INTO city VALUES ('Volta Redonda_Rio de Janeiro_BR', 228939, NULL, NULL, 'BR');
INSERT INTO city VALUES ('Mage_Rio de Janeiro_BR', 180550, NULL, NULL, 'BR');
INSERT INTO city VALUES ('Nova Friburgo_Rio de Janeiro_BR', 169218, NULL, NULL, 'BR');
INSERT INTO city VALUES ('Barra Mansa_Rio de Janeiro_BR', 164768, NULL, NULL, 'BR');
INSERT INTO city VALUES ('Itaborai_Rio de Janeiro_BR', 156631, NULL, NULL, 'BR');
INSERT INTO city VALUES ('Nilopolis_Rio de Janeiro_BR', 155190, NULL, NULL, 'BR');
INSERT INTO city VALUES ('Teresopolis_Rio de Janeiro_BR', 122614, NULL, NULL, 'BR');
INSERT INTO city VALUES ('Macae_Rio de Janeiro_BR', 112966, NULL, NULL, 'BR');
INSERT INTO city VALUES ('Queimados_Rio de Janeiro_BR', 108531, NULL, NULL, 'BR');
INSERT INTO city VALUES ('Cabo Frio_Rio de Janeiro_BR', 101142, NULL, NULL, 'BR');
INSERT INTO city VALUES ('Natal_Rio Grande do Norte_BR', 656244, -5.5, -35.1, 'BR');
INSERT INTO city VALUES ('Mossoro_Rio Grande do Norte_BR', 205732, NULL, NULL, 'BR');
INSERT INTO city VALUES ('Porto Alegre_Rio Grande do Sul_BR', 1286251, -30.0333, -51.2167, 'BR');
INSERT INTO city VALUES ('Alvorada_Rio Grande do Sul_BR', 160671, NULL, NULL, 'BR');
INSERT INTO city VALUES ('Sapucaia do Sul_Rio Grande do Sul_BR', 113992, NULL, NULL, 'BR');
INSERT INTO city VALUES ('Caxias do Sul_Rio Grande do Sul_BR', 326222, NULL, NULL, 'BR');
INSERT INTO city VALUES ('Pelotas_Rio Grande do Sul_BR', 304285, NULL, NULL, 'BR');
INSERT INTO city VALUES ('Canoas_Rio Grande do Sul_BR', 284114, NULL, NULL, 'BR');
INSERT INTO city VALUES ('Santa Maria_Rio Grande do Sul_BR', 226226, NULL, NULL, 'BR');
INSERT INTO city VALUES ('Novo Hamburgo_Rio Grande do Sul_BR', 225082, NULL, NULL, 'BR');
INSERT INTO city VALUES ('Viamao_Rio Grande do Sul_BR', 195880, NULL, NULL, 'BR');
INSERT INTO city VALUES ('Sao Leopoldo_Rio Grande do Sul_BR', 180741, NULL, NULL, 'BR');
INSERT INTO city VALUES ('Rio Grande_Rio Grande do Sul_BR', 178223, NULL, NULL, 'BR');
INSERT INTO city VALUES ('Passo Fundo_Rio Grande do Sul_BR', 156352, NULL, NULL, 'BR');
INSERT INTO city VALUES ('Uruguaiana_Rio Grande do Sul_BR', 121825, NULL, NULL, 'BR');
INSERT INTO city VALUES ('Bage_Rio Grande do Sul_BR', 114091, NULL, NULL, 'BR');
INSERT INTO city VALUES ('Santa Cruz do Sul_Rio Grande do Sul_BR', 100562, NULL, NULL, 'BR');
INSERT INTO city VALUES ('Porto Velho_Rondonia_BR', 293815, -8.5, -63.5, 'BR');
INSERT INTO city VALUES ('Boa Vista_Roraima_BR', 154166, 2.5, -60.4, 'BR');
INSERT INTO city VALUES ('Joinvile_Santa Catarina_BR', 397987, NULL, NULL, 'BR');
INSERT INTO city VALUES ('Florianopolis_Santa Catarina_BR', 268551, -27.3, -58.3, 'BR');
INSERT INTO city VALUES ('Blumenau_Santa Catarina_BR', 230988, NULL, NULL, 'BR');
INSERT INTO city VALUES ('Criciuma_Santa Catarina_BR', 159033, NULL, NULL, 'BR');
INSERT INTO city VALUES ('Praia Grande_Santa Catarina_BR', 150574, NULL, NULL, 'BR');
INSERT INTO city VALUES ('Sao Jose_Santa Catarina_BR', 147490, NULL, NULL, 'BR');
INSERT INTO city VALUES ('Lages_Santa Catarina_BR', 140005, NULL, NULL, 'BR');
INSERT INTO city VALUES ('Itajai_Santa Catarina_BR', 134797, NULL, NULL, 'BR');
INSERT INTO city VALUES ('Chapeco_Santa Catarina_BR', 130458, NULL, NULL, 'BR');
INSERT INTO city VALUES ('Sao Paulo_Sao Paulo_BR', 9811776, -23.55, -46.6333, 'BR');
INSERT INTO city VALUES ('Santa Barbara dOeste_Sao Paulo_BR', 161020, NULL, NULL, 'BR');
INSERT INTO city VALUES ('Sumare_Sao Paulo_BR', 167751, NULL, NULL, 'BR');
INSERT INTO city VALUES ('Hortolandia_Sao Paulo_BR', 114885, NULL, NULL, 'BR');
INSERT INTO city VALUES ('Guarulhos_Sao Paulo_BR', 972766, NULL, NULL, 'BR');
INSERT INTO city VALUES ('Campinas_Sao Paulo_BR', 907996, NULL, NULL, 'BR');
INSERT INTO city VALUES ('Sao Bernardo do Campo_Sao Paulo_BR', 658791, NULL, NULL, 'BR');
INSERT INTO city VALUES ('Santo Andre_Sao Paulo_BR', 625294, NULL, NULL, 'BR');
INSERT INTO city VALUES ('Osasco_Sao Paulo_BR', 622374, NULL, NULL, 'BR');
INSERT INTO city VALUES ('Sao Jose dos Campos_Sao Paulo_BR', 485780, NULL, NULL, 'BR');
INSERT INTO city VALUES ('Ribeirao Preto_Sao Paulo_BR', 452804, NULL, NULL, 'BR');
INSERT INTO city VALUES ('Sorocaba_Sao Paulo_BR', 431370, NULL, NULL, 'BR');
INSERT INTO city VALUES ('Santos_Sao Paulo_BR', 412288, NULL, NULL, 'BR');
INSERT INTO city VALUES ('Maua_Sao Paulo_BR', 344684, NULL, NULL, 'BR');
INSERT INTO city VALUES ('Carapicuiba_Sao Paulo_BR', 328015, NULL, NULL, 'BR');
INSERT INTO city VALUES ('Sao Jose do Rio Preto_Sao Paulo_BR', 323418, NULL, NULL, 'BR');
INSERT INTO city VALUES ('Diadema_Sao Paulo_BR', 323221, NULL, NULL, 'BR');
INSERT INTO city VALUES ('Moji das Cruzes_Sao Paulo_BR', 314947, NULL, NULL, 'BR');
INSERT INTO city VALUES ('Piracicaba_Sao Paulo_BR', 302605, NULL, NULL, 'BR');
INSERT INTO city VALUES ('Jundiai_Sao Paulo_BR', 293237, NULL, NULL, 'BR');
INSERT INTO city VALUES ('Bauru_Sao Paulo_BR', 293026, NULL, NULL, 'BR');
INSERT INTO city VALUES ('Sao Vicente_Sao Paulo_BR', 279620, NULL, NULL, 'BR');
INSERT INTO city VALUES ('Franca_Sao Paulo_BR', 266909, NULL, NULL, 'BR');
INSERT INTO city VALUES ('Aparecida de Goiania_Sao Paulo_BR', 265446, NULL, NULL, 'BR');
INSERT INTO city VALUES ('Limeira_Sao Paulo_BR', 230292, NULL, NULL, 'BR');
INSERT INTO city VALUES ('Itaquaquecetuba_Sao Paulo_BR', 228533, NULL, NULL, 'BR');
INSERT INTO city VALUES ('Guaruja_Sao Paulo_BR', 226185, NULL, NULL, 'BR');
INSERT INTO city VALUES ('Taubate_Sao Paulo_BR', 220179, NULL, NULL, 'BR');
INSERT INTO city VALUES ('Embu_Sao Paulo_BR', 195676, NULL, NULL, 'BR');
INSERT INTO city VALUES ('Taboao da Serra_Sao Paulo_BR', 182441, NULL, NULL, 'BR');
INSERT INTO city VALUES ('Suzano_Sao Paulo_BR', 180703, NULL, NULL, 'BR');
INSERT INTO city VALUES ('Marilia_Sao Paulo_BR', 177503, NULL, NULL, 'BR');
INSERT INTO city VALUES ('Presidente Prudente_Sao Paulo_BR', 177236, NULL, NULL, 'BR');
INSERT INTO city VALUES ('Barueri_Sao Paulo_BR', 176740, NULL, NULL, 'BR');
INSERT INTO city VALUES ('Sao Carlos_Sao Paulo_BR', 175295, NULL, NULL, 'BR');
INSERT INTO city VALUES ('Jacarei_Sao Paulo_BR', 168030, NULL, NULL, 'BR');
INSERT INTO city VALUES ('Americana_Sao Paulo_BR', 167901, NULL, NULL, 'BR');
INSERT INTO city VALUES ('Araraquara_Sao Paulo_BR', 163831, NULL, NULL, 'BR');
INSERT INTO city VALUES ('Aracatuba_Sao Paulo_BR', 162546, NULL, NULL, 'BR');
INSERT INTO city VALUES ('Rio Claro_Sao Paulo_BR', 153025, NULL, NULL, 'BR');
INSERT INTO city VALUES ('Sao Caetano do Sul_Sao Paulo_BR', 140808, NULL, NULL, 'BR');
INSERT INTO city VALUES ('Itapevi_Sao Paulo_BR', 133769, NULL, NULL, 'BR');
INSERT INTO city VALUES ('Cotia_Sao Paulo_BR', 127047, NULL, NULL, 'BR');
INSERT INTO city VALUES ('Itu_Sao Paulo_BR', 122544, NULL, NULL, 'BR');
INSERT INTO city VALUES ('Indaiatuba_Sao Paulo_BR', 122159, NULL, NULL, 'BR');
INSERT INTO city VALUES ('Ferraz de Vasconcelos_Sao Paulo_BR', 121992, NULL, NULL, 'BR');
INSERT INTO city VALUES ('Moji Guacu_Sao Paulo_BR', 114555, NULL, NULL, 'BR');
INSERT INTO city VALUES ('Pindamonhangaba_Sao Paulo_BR', 114092, NULL, NULL, 'BR');
INSERT INTO city VALUES ('Itapetininga_Sao Paulo_BR', 111909, NULL, NULL, 'BR');
INSERT INTO city VALUES ('Braganca Paulista_Sao Paulo_BR', 109863, NULL, NULL, 'BR');
INSERT INTO city VALUES ('Francisco Morato_Sao Paulo_BR', 106328, NULL, NULL, 'BR');
INSERT INTO city VALUES ('Barretos_Sao Paulo_BR', 104782, NULL, NULL, 'BR');
INSERT INTO city VALUES ('Jau_Sao Paulo_BR', 103605, NULL, NULL, 'BR');
INSERT INTO city VALUES ('Catanduva_Sao Paulo_BR', 100913, NULL, NULL, 'BR');
INSERT INTO city VALUES ('Botucatu_Sao Paulo_BR', 100826, NULL, NULL, 'BR');
INSERT INTO city VALUES ('Ribeirao Pires_Sao Paulo_BR', 100335, NULL, NULL, 'BR');
INSERT INTO city VALUES ('Aracaju_Sergipe_BR', 426580, -11, -37.1, 'BR');
INSERT INTO city VALUES ('Arapiraca_Sergipe_BR', 173351, NULL, NULL, 'BR');
INSERT INTO city VALUES ('Nossa Senhora do Socorro_Sergipe_BR', 103496, NULL, NULL, 'BR');
INSERT INTO city VALUES ('Palmas_Tocantins_BR', NULL, NULL, NULL, 'BR');
INSERT INTO city VALUES ('Brasilia_Distrito Federal_BR', 1817001, -15.8667, -47.9167, 'BR');
INSERT INTO city VALUES ('Santiago_Chile_RCH', 4318000, -33.45, -70.7, 'RCH');
INSERT INTO city VALUES ('Valparaiso_Chile_RCH', 267000, -33.1, -71.3, 'RCH');
INSERT INTO city VALUES ('Asuncion_Paraguay_PY', 729307, -25.5, -57.3, 'PY');
INSERT INTO city VALUES ('Montevideo_Uruguay_ROU', 1247000, -34.85, -56.2167, 'ROU');
INSERT INTO city VALUES ('Chachapoyas_Amazonas_PE', NULL, NULL, NULL, 'PE');
INSERT INTO city VALUES ('Chimbote_Ancash_PE', 268979, NULL, NULL, 'PE');
INSERT INTO city VALUES ('Huaraz_Ancash_PE', NULL, NULL, NULL, 'PE');
INSERT INTO city VALUES ('Abancay_Apurimac_PE', NULL, NULL, NULL, 'PE');
INSERT INTO city VALUES ('Arequipa_Arequipa_PE', 619156, NULL, NULL, 'PE');
INSERT INTO city VALUES ('Ayacucho_Ayacucho_PE', 105918, NULL, NULL, 'PE');
INSERT INTO city VALUES ('Cajamarca_Cajamarca_PE', 92447, NULL, NULL, 'PE');
INSERT INTO city VALUES ('Callao_Callao_PE', NULL, NULL, NULL, 'PE');
INSERT INTO city VALUES ('Cuzco_Cuzco_PE', 255568, -13.2, -72, 'PE');
INSERT INTO city VALUES ('Huancavelica_Huancavelica_PE', NULL, NULL, NULL, 'PE');
INSERT INTO city VALUES ('Huanuco_Huanuco_PE', 118814, NULL, NULL, 'PE');
INSERT INTO city VALUES ('Chincha Alta_Ica_PE', 110016, NULL, NULL, 'PE');
INSERT INTO city VALUES ('Huancayo_Junin_PE', 258209, NULL, NULL, 'PE');
INSERT INTO city VALUES ('Trujillo_La Libertad_PE', 509312, NULL, NULL, 'PE');
INSERT INTO city VALUES ('Chiclayo_Lambayeque_PE', 411536, NULL, NULL, 'PE');
INSERT INTO city VALUES ('Lima_Lima_PE', 6321173, -12.0833, -77.05, 'PE');
INSERT INTO city VALUES ('Iquitos_Loreto_PE', 274759, -3.4, -73.2, 'PE');
INSERT INTO city VALUES ('Puerto Maldonado_Madre de Dios_PE', NULL, NULL, NULL, 'PE');
INSERT INTO city VALUES ('Moquegua_Moquegua_PE', NULL, NULL, NULL, 'PE');
INSERT INTO city VALUES ('Cerro de Pasco_Pasco_PE', NULL, NULL, NULL, 'PE');
INSERT INTO city VALUES ('Piura_Piura_PE', 277964, NULL, NULL, 'PE');
INSERT INTO city VALUES ('Sullana_Piura_PE', 147361, NULL, NULL, 'PE');
INSERT INTO city VALUES ('Talara_Piura_PE', 82228, NULL, NULL, 'PE');
INSERT INTO city VALUES ('Puno_Puno_PE', 91877, NULL, NULL, 'PE');
INSERT INTO city VALUES ('Juliaca_Puno_PE', 142576, NULL, NULL, 'PE');
INSERT INTO city VALUES ('Moyobamba_San Martin_PE', NULL, NULL, NULL, 'PE');
INSERT INTO city VALUES ('Tacna_Tacna_PE', 174336, NULL, NULL, 'PE');
INSERT INTO city VALUES ('Tumbes_Tumbes_PE', NULL, NULL, NULL, 'PE');
INSERT INTO city VALUES ('Pucallpa_Ucayali_PE', 172286, NULL, NULL, 'PE');
INSERT INTO city VALUES ('Cayenne_French Guiana_FGU', 38155, 4.93333, -52.45, 'FGU');
INSERT INTO city VALUES ('Georgetown_Guyana_GUY', 170000, 6.83333, -58.2, 'GUY');
INSERT INTO city VALUES ('Paramaribo_Suriname_SME', 150000, 5.81667, -55.15, 'SME');
INSERT INTO city VALUES ('Puerto Ayacucho_Amazonas_YV', NULL, NULL, NULL, 'YV');
INSERT INTO city VALUES ('Barcelona_Anzoategui_YV', 221792, NULL, NULL, 'YV');
INSERT INTO city VALUES ('Puerto La Cruz_Anzoategui_YV', 155731, NULL, NULL, 'YV');
INSERT INTO city VALUES ('San Fernando_Apure_YV', NULL, NULL, NULL, 'YV');
INSERT INTO city VALUES ('Maracay_Aragua_YV', 354196, NULL, NULL, 'YV');
INSERT INTO city VALUES ('Turmero_Aragua_YV', 174280, NULL, NULL, 'YV');
INSERT INTO city VALUES ('Barinas_Barinas_YV', 153630, NULL, NULL, 'YV');
INSERT INTO city VALUES ('Ciudad Bolivar_Bolivar_YV', 225340, NULL, NULL, 'YV');
INSERT INTO city VALUES ('Ciudad Guayana_Bolivar_YV', 453047, NULL, NULL, 'YV');
INSERT INTO city VALUES ('Valencia_Carabobo_YV', 903621, NULL, NULL, 'YV');
INSERT INTO city VALUES ('Puerto Cabello_Carabobo_YV', 128825, NULL, NULL, 'YV');
INSERT INTO city VALUES ('Guacara_Carabobo_YV', 100766, NULL, NULL, 'YV');
INSERT INTO city VALUES ('San Carlos_Cojedes_YV', NULL, NULL, NULL, 'YV');
INSERT INTO city VALUES ('Tucupita_Delta Amacuro_YV', NULL, NULL, NULL, 'YV');
INSERT INTO city VALUES ('Coro_Falcon_YV', NULL, NULL, NULL, 'YV');
INSERT INTO city VALUES ('San Juan_Guarico_YV', NULL, NULL, NULL, 'YV');
INSERT INTO city VALUES ('Barquisimeto_Lara_YV', 625450, NULL, NULL, 'YV');
INSERT INTO city VALUES ('Merida_Merida_YV', 170902, NULL, NULL, 'YV');
INSERT INTO city VALUES ('Los Teques_Miranda_YV', 140617, NULL, NULL, 'YV');
INSERT INTO city VALUES ('Petare_Miranda_YV', 338417, NULL, NULL, 'YV');
INSERT INTO city VALUES ('Baruta_Miranda_YV', 182941, NULL, NULL, 'YV');
INSERT INTO city VALUES ('Guarenas_Miranda_YV', 134158, NULL, NULL, 'YV');
INSERT INTO city VALUES ('Maturin_Monagas_YV', 206654, NULL, NULL, 'YV');
INSERT INTO city VALUES ('La Ascuncion_Nueva Esparta_YV', NULL, NULL, NULL, 'YV');
INSERT INTO city VALUES ('Acarigua_Portuguesa_YV', 116551, NULL, NULL, 'YV');
INSERT INTO city VALUES ('Guanare_Portuguesa_YV', NULL, NULL, NULL, 'YV');
INSERT INTO city VALUES ('Cumana_Sucre_YV', 212432, NULL, NULL, 'YV');
INSERT INTO city VALUES ('San Cristobal_Tachira_YV', 220675, NULL, NULL, 'YV');
INSERT INTO city VALUES ('Trujillo_Trujillo_YV', NULL, NULL, NULL, 'YV');
INSERT INTO city VALUES ('San Felipe_Yaracuy_YV', NULL, NULL, NULL, 'YV');
INSERT INTO city VALUES ('Maracaibo_Zulia_YV', 1249670, 10.65, -71.6, 'YV');
INSERT INTO city VALUES ('Cabimas_Zulia_YV', 165755, NULL, NULL, 'YV');
INSERT INTO city VALUES ('Caracas_Distrito Federal_YV', 1822465, 10.5, -66.9333, 'YV');
INSERT INTO city VALUES ('Catia La Mar_Distrito Federal_YV', 100104, NULL, NULL, 'YV');
INSERT INTO city VALUES ('Quito_Ecuador_EC', 1200000, -0.216667, -78.5333, 'EC');
INSERT INTO city VALUES ('Guayaquil_Ecuador_EC', 1300868, -2, -80, 'EC');
INSERT INTO city VALUES ('Stanley_Falkland Islands_FALK', NULL, -51.42, -57.51, 'FALK');
INSERT INTO city VALUES ('Algier_Algeria_DZ', 1507241, 36.7667, 3.05, 'DZ');
INSERT INTO city VALUES ('Annaba_Algeria_DZ', 222518, NULL, NULL, 'DZ');
INSERT INTO city VALUES ('Batna_Algeria_DZ', 181601, NULL, NULL, 'DZ');
INSERT INTO city VALUES ('Bechar_Algeria_DZ', 107311, NULL, NULL, 'DZ');
INSERT INTO city VALUES ('Sidi bel Abbes_Algeria_DZ', 152778, NULL, NULL, 'DZ');
INSERT INTO city VALUES ('Skikda_Algeria_DZ', 128747, NULL, NULL, 'DZ');
INSERT INTO city VALUES ('Tebessa_Algeria_DZ', 107559, NULL, NULL, 'DZ');
INSERT INTO city VALUES ('Oran_Algeria_DZ', 609823, 35.4, 0.4, 'DZ');
INSERT INTO city VALUES ('Constantine_Algeria_DZ', 440842, NULL, NULL, 'DZ');
INSERT INTO city VALUES ('Setif_Algeria_DZ', 170182, NULL, NULL, 'DZ');
INSERT INTO city VALUES ('Blida_Algeria_DZ', 127284, NULL, NULL, 'DZ');
INSERT INTO city VALUES ('Bejaia_Algeria_DZ', 114534, NULL, NULL, 'DZ');
INSERT INTO city VALUES ('Mostaganem_Algeria_DZ', 114037, NULL, NULL, 'DZ');
INSERT INTO city VALUES ('Tlemcen_Algeria_DZ', 107632, NULL, NULL, 'DZ');
INSERT INTO city VALUES ('Tripoli_Libya_LAR', NULL, 37.3, 22.3, 'LAR');
INSERT INTO city VALUES ('Bengasi_Libya_LAR', NULL, 32, 20, 'LAR');
INSERT INTO city VALUES ('Bamako_Mali_RMM', NULL, 12.3, -7.6, 'RMM');
INSERT INTO city VALUES ('Nouakchott_Mauritania_RIM', NULL, 18, -16, 'RIM');
INSERT INTO city VALUES ('Rabat_Morocco_MA', 1385872, 33.6, -6.5, 'MA');
INSERT INTO city VALUES ('Agadir_Morocco_MA', 550200, NULL, NULL, 'MA');
INSERT INTO city VALUES ('Fes_Morocco_MA', 774754, NULL, NULL, 'MA');
INSERT INTO city VALUES ('Kenitra_Morocco_MA', 448785, NULL, NULL, 'MA');
INSERT INTO city VALUES ('Khouribga_Morocco_MA', 294680, NULL, NULL, 'MA');
INSERT INTO city VALUES ('Marrakech_Morocco_MA', 745541, NULL, NULL, 'MA');
INSERT INTO city VALUES ('Meknes_Morocco_MA', 530171, NULL, NULL, 'MA');
INSERT INTO city VALUES ('Oujda_Morocco_MA', 678778, NULL, NULL, 'MA');
INSERT INTO city VALUES ('Safi_Morocco_MA', 376038, NULL, NULL, 'MA');
INSERT INTO city VALUES ('Tanger_Morocco_MA', 526215, NULL, NULL, 'MA');
INSERT INTO city VALUES ('Casablanca_Morocco_MA', 2940623, 33.5833, -7.65, 'MA');
INSERT INTO city VALUES ('Beni Mellal_Morocco_MA', 386505, NULL, NULL, 'MA');
INSERT INTO city VALUES ('Tetouan_Morocco_MA', 367349, NULL, NULL, 'MA');
INSERT INTO city VALUES ('Niamey_Niger_RN', NULL, 13.2, 2.1, 'RN');
INSERT INTO city VALUES ('Tunis_Tunisia_TN', NULL, 36.7833, 10.2, 'TN');
INSERT INTO city VALUES ('El Aaiun_Western Sahara_WSA', NULL, 27.05, -13.2, 'WSA');
INSERT INTO city VALUES ('Cabinda_Cabinda_ANG', NULL, NULL, NULL, 'ANG');
INSERT INTO city VALUES ('Mbanza Congo_Zaire_ANG', NULL, NULL, NULL, 'ANG');
INSERT INTO city VALUES ('Uige_Uige_ANG', NULL, NULL, NULL, 'ANG');
INSERT INTO city VALUES ('Luanda_Luanda_ANG', NULL, -8.6, 13.2, 'ANG');
INSERT INTO city VALUES ('Ndalatando_Cuanza Norte_ANG', NULL, NULL, NULL, 'ANG');
INSERT INTO city VALUES ('Sumbe_Cuanza Sul_ANG', NULL, NULL, NULL, 'ANG');
INSERT INTO city VALUES ('Malanje_Malanje_ANG', NULL, NULL, NULL, 'ANG');
INSERT INTO city VALUES ('Lucapa_Lunda Norte_ANG', NULL, NULL, NULL, 'ANG');
INSERT INTO city VALUES ('Saurimo_Lunda Sul_ANG', NULL, NULL, NULL, 'ANG');
INSERT INTO city VALUES ('Benguela_Benguela_ANG', NULL, NULL, NULL, 'ANG');
INSERT INTO city VALUES ('Huambo_Huambo_ANG', NULL, NULL, NULL, 'ANG');
INSERT INTO city VALUES ('Bie_Bie_ANG', NULL, NULL, NULL, 'ANG');
INSERT INTO city VALUES ('Luena_Moxico_ANG', NULL, NULL, NULL, 'ANG');
INSERT INTO city VALUES ('Menongue_Cuando Cubango_ANG', NULL, NULL, NULL, 'ANG');
INSERT INTO city VALUES ('Namibe_Namibe_ANG', NULL, NULL, NULL, 'ANG');
INSERT INTO city VALUES ('Lubango_Huila_ANG', NULL, NULL, NULL, 'ANG');
INSERT INTO city VALUES ('Caxito_Bengo_ANG', NULL, NULL, NULL, 'ANG');
INSERT INTO city VALUES ('Ngiva_Cunene_ANG', NULL, NULL, NULL, 'ANG');
INSERT INTO city VALUES ('Brazzaville_Congo_RCB', NULL, -4.25, 15.25, 'RCB');
INSERT INTO city VALUES ('Windhoek_Namibia_NAM', NULL, -22.3, 17.2, 'NAM');
INSERT INTO city VALUES ('Kikwit_Bandundu_ZRE', 182142, NULL, NULL, 'ZRE');
INSERT INTO city VALUES ('Bandundu_Bandundu_ZRE', NULL, 3.3, 17.4, 'ZRE');
INSERT INTO city VALUES ('Matadi_Bas Zaire_ZRE', 172730, NULL, NULL, 'ZRE');
INSERT INTO city VALUES ('Boma_Bas Zaire_ZRE', 135284, NULL, NULL, 'ZRE');
INSERT INTO city VALUES ('Mbandaka_Equateur_ZRE', 169841, NULL, NULL, 'ZRE');
INSERT INTO city VALUES ('Kisangani_Haut Zaire_ZRE', 417517, 0.5, 25.2, 'ZRE');
INSERT INTO city VALUES ('Kananga_Kasai Occidental_ZRE', 393030, NULL, NULL, 'ZRE');
INSERT INTO city VALUES ('Tshikapa_Kasai Occidental_ZRE', 180860, NULL, NULL, 'ZRE');
INSERT INTO city VALUES ('Mbuji Mayi_Kasai Oriental_ZRE', 806475, NULL, NULL, 'ZRE');
INSERT INTO city VALUES ('Mwene Ditu_Kasai Oriental_ZRE', 137459, NULL, NULL, 'ZRE');
INSERT INTO city VALUES ('Bukavu_Kivu_ZRE', 201569, NULL, NULL, 'ZRE');
INSERT INTO city VALUES ('Uvira_Kivu_ZRE', 115590, NULL, NULL, 'ZRE');
INSERT INTO city VALUES ('Butembo_Kivu_ZRE', 109406, NULL, NULL, 'ZRE');
INSERT INTO city VALUES ('Goma_Kivu_ZRE', 109094, NULL, NULL, 'ZRE');
INSERT INTO city VALUES ('Lubumbashi_Shaba/Katanga_ZRE', 851381, NULL, NULL, 'ZRE');
INSERT INTO city VALUES ('Kolwezi_Shaba/Katanga_ZRE', 417810, NULL, NULL, 'ZRE');
INSERT INTO city VALUES ('Likasi_Shaba/Katanga_ZRE', 299118, NULL, NULL, 'ZRE');
INSERT INTO city VALUES ('Kalemie_Shaba/Katanga_ZRE', 101309, -5.9, 29.2, 'ZRE');
INSERT INTO city VALUES ('Kinshasa_Kinshasa_ZRE', 4655313, -4.3, 15.2, 'ZRE');
INSERT INTO city VALUES ('Kabwe_Central_Z', 166519, NULL, NULL, 'Z');
INSERT INTO city VALUES ('Ndola_Copperbelt_Z', 376311, NULL, NULL, 'Z');
INSERT INTO city VALUES ('Kitwe_Copperbelt_Z', 338207, NULL, NULL, 'Z');
INSERT INTO city VALUES ('Chingola_Copperbelt_Z', 167954, NULL, NULL, 'Z');
INSERT INTO city VALUES ('Mufulira_Copperbelt_Z', 152944, NULL, NULL, 'Z');
INSERT INTO city VALUES ('Luanshya_Copperbelt_Z', 146275, NULL, NULL, 'Z');
INSERT INTO city VALUES ('Chipata_Eastern_Z', NULL, NULL, NULL, 'Z');
INSERT INTO city VALUES ('Mansa_Luapula_Z', NULL, NULL, NULL, 'Z');
INSERT INTO city VALUES ('Lusaka_Lusaka_Z', 982362, -15.3, 28.2, 'Z');
INSERT INTO city VALUES ('Kasama_Northern_Z', NULL, NULL, NULL, 'Z');
INSERT INTO city VALUES ('Solwezi_Northwestern_Z', NULL, NULL, NULL, 'Z');
INSERT INTO city VALUES ('Livingstone_Southern_Z', NULL, NULL, NULL, 'Z');
INSERT INTO city VALUES ('Mongu_Western_Z', NULL, NULL, NULL, 'Z');
INSERT INTO city VALUES ('Porto-Novo_Benin_BEN', NULL, 6.3, 2.4, 'BEN');
INSERT INTO city VALUES ('Ouagadougou_Burkina Faso_BF', NULL, 12, -2, 'BF');
INSERT INTO city VALUES ('Abuja_Nigeria_WAN', 182418, 9.05, 7.5, 'WAN');
INSERT INTO city VALUES ('Makurdi_Nigeria_WAN', 109000, NULL, NULL, 'WAN');
INSERT INTO city VALUES ('Maiduguri_Nigeria_WAN', 282000, NULL, NULL, 'WAN');
INSERT INTO city VALUES ('Calabar_Nigeria_WAN', 154000, NULL, NULL, 'WAN');
INSERT INTO city VALUES ('Benin City_Nigeria_WAN', 203000, NULL, NULL, 'WAN');
INSERT INTO city VALUES ('Enugu_Nigeria_WAN', 279000, NULL, NULL, 'WAN');
INSERT INTO city VALUES ('Kaduna_Nigeria_WAN', 302000, NULL, NULL, 'WAN');
INSERT INTO city VALUES ('Kano_Nigeria_WAN', 595000, NULL, NULL, 'WAN');
INSERT INTO city VALUES ('Katsina_Nigeria_WAN', 182000, NULL, NULL, 'WAN');
INSERT INTO city VALUES ('Ilorin_Nigeria_WAN', 420000, NULL, NULL, 'WAN');
INSERT INTO city VALUES ('Lagos_Nigeria_WAN', 5686000, 6.45, 3.4, 'WAN');
INSERT INTO city VALUES ('Minna_Nigeria_WAN', 120000, NULL, NULL, 'WAN');
INSERT INTO city VALUES ('Abeokuta_Nigeria_WAN', 377000, NULL, NULL, 'WAN');
INSERT INTO city VALUES ('Ondo_Nigeria_WAN', 150000, NULL, NULL, 'WAN');
INSERT INTO city VALUES ('Akure_Nigeria_WAN', 143000, NULL, NULL, 'WAN');
INSERT INTO city VALUES ('Oshogbo_Nigeria_WAN', 421000, NULL, NULL, 'WAN');
INSERT INTO city VALUES ('Oyo_Nigeria_WAN', 226000, NULL, NULL, 'WAN');
INSERT INTO city VALUES ('Ibadan_Nigeria_WAN', 1263000, NULL, NULL, 'WAN');
INSERT INTO city VALUES ('Jos_Nigeria_WAN', 182000, NULL, NULL, 'WAN');
INSERT INTO city VALUES ('Port Harcourt_Nigeria_WAN', 362000, NULL, NULL, 'WAN');
INSERT INTO city VALUES ('Sokoto_Nigeria_WAN', 181000, NULL, NULL, 'WAN');
INSERT INTO city VALUES ('Ogbomosho_Nigeria_WAN', 644000, NULL, NULL, 'WAN');
INSERT INTO city VALUES ('Zaria_Nigeria_WAN', 335000, NULL, NULL, 'WAN');
INSERT INTO city VALUES ('Ilesha_Nigeria_WAN', 334000, NULL, NULL, 'WAN');
INSERT INTO city VALUES ('Onitsha_Nigeria_WAN', 328000, NULL, NULL, 'WAN');
INSERT INTO city VALUES ('Iwo_Nigeria_WAN', 320000, NULL, NULL, 'WAN');
INSERT INTO city VALUES ('Ado Ekiti_Nigeria_WAN', 317000, NULL, NULL, 'WAN');
INSERT INTO city VALUES ('Mushin_Nigeria_WAN', 294000, NULL, NULL, 'WAN');
INSERT INTO city VALUES ('Ede_Nigeria_WAN', 271000, NULL, NULL, 'WAN');
INSERT INTO city VALUES ('Aba_Nigeria_WAN', 264000, NULL, NULL, 'WAN');
INSERT INTO city VALUES ('Ife_Nigeria_WAN', 262000, NULL, NULL, 'WAN');
INSERT INTO city VALUES ('Ila_Nigeria_WAN', 233000, NULL, NULL, 'WAN');
INSERT INTO city VALUES ('Ikerre_Nigeria_WAN', 216000, NULL, NULL, 'WAN');
INSERT INTO city VALUES ('Iseyin_Nigeria_WAN', 192000, NULL, NULL, 'WAN');
INSERT INTO city VALUES ('Ilobu_Nigeria_WAN', 176000, NULL, NULL, 'WAN');
INSERT INTO city VALUES ('Offa_Nigeria_WAN', 175000, NULL, NULL, 'WAN');
INSERT INTO city VALUES ('Ikorodu_Nigeria_WAN', 163000, NULL, NULL, 'WAN');
INSERT INTO city VALUES ('Ilawe Ekiti_Nigeria_WAN', 163000, NULL, NULL, 'WAN');
INSERT INTO city VALUES ('Owo_Nigeria_WAN', 162000, NULL, NULL, 'WAN');
INSERT INTO city VALUES ('Ikirun_Nigeria_WAN', 160000, NULL, NULL, 'WAN');
INSERT INTO city VALUES ('Shaki_Nigeria_WAN', 154000, NULL, NULL, 'WAN');
INSERT INTO city VALUES ('Gusau_Nigeria_WAN', 139000, NULL, NULL, 'WAN');
INSERT INTO city VALUES ('Ijebu Ode_Nigeria_WAN', 138000, NULL, NULL, 'WAN');
INSERT INTO city VALUES ('Effon Alaiye_Nigeria_WAN', 135000, NULL, NULL, 'WAN');
INSERT INTO city VALUES ('Kumo_Nigeria_WAN', 131000, NULL, NULL, 'WAN');
INSERT INTO city VALUES ('Shomolu_Nigeria_WAN', 130000, NULL, NULL, 'WAN');
INSERT INTO city VALUES ('Oka_Nigeria_WAN', 126000, NULL, NULL, 'WAN');
INSERT INTO city VALUES ('Ikare_Nigeria_WAN', 124000, NULL, NULL, 'WAN');
INSERT INTO city VALUES ('Sapele_Nigeria_WAN', 123000, NULL, NULL, 'WAN');
INSERT INTO city VALUES ('Deba Habe_Nigeria_WAN', 122000, NULL, NULL, 'WAN');
INSERT INTO city VALUES ('Aarri_Nigeria_WAN', 111000, NULL, NULL, 'WAN');
INSERT INTO city VALUES ('Bida_Nigeria_WAN', 111000, NULL, NULL, 'WAN');
INSERT INTO city VALUES ('Ikire_Nigeria_WAN', 109000, NULL, NULL, 'WAN');
INSERT INTO city VALUES ('Lafia_Nigeria_WAN', 108000, NULL, NULL, 'WAN');
INSERT INTO city VALUES ('Inisa_Nigeria_WAN', 106000, NULL, NULL, 'WAN');
INSERT INTO city VALUES ('Shagamu_Nigeria_WAN', 104000, NULL, NULL, 'WAN');
INSERT INTO city VALUES ('Lome_Togo_RT', NULL, 6.1, 1.1, 'RT');
INSERT INTO city VALUES ('Gaborone_Botswana_RB', NULL, -24.5, 25.6, 'RB');
INSERT INTO city VALUES ('Port Elizabeth_Eastern Cape_RSA', 303000, NULL, NULL, 'RSA');
INSERT INTO city VALUES ('East London_Eastern Cape_RSA', 102000, NULL, NULL, 'RSA');
INSERT INTO city VALUES ('Bisho_Eastern Cape_RSA', 93288, NULL, NULL, 'RSA');
INSERT INTO city VALUES ('Bloemfontein_Free State_RSA', 127000, NULL, NULL, 'RSA');
INSERT INTO city VALUES ('Pretoria_Gauteng_RSA', 526000, -25.75, 28.2333, 'RSA');
INSERT INTO city VALUES ('Johannesburg_Gauteng_RSA', 713000, -26.1833, 28.05, 'RSA');
INSERT INTO city VALUES ('Soweto_Gauteng_RSA', 597000, NULL, NULL, 'RSA');
INSERT INTO city VALUES ('Tembisa_Gauteng_RSA', 209000, NULL, NULL, 'RSA');
INSERT INTO city VALUES ('Boksburg_Gauteng_RSA', 120000, NULL, NULL, 'RSA');
INSERT INTO city VALUES ('Carletonville_Gauteng_RSA', 119000, NULL, NULL, 'RSA');
INSERT INTO city VALUES ('Benoni_Gauteng_RSA', 114000, NULL, NULL, 'RSA');
INSERT INTO city VALUES ('Pietermaritzburg_Kwazulu Natal_RSA', 156000, NULL, NULL, 'RSA');
INSERT INTO city VALUES ('Durban_Kwazulu Natal_RSA', 716000, NULL, NULL, 'RSA');
INSERT INTO city VALUES ('Nelspruit_Mpumalanga_RSA', NULL, NULL, NULL, 'RSA');
INSERT INTO city VALUES ('Kimberley_Northern Cape_RSA', NULL, NULL, NULL, 'RSA');
INSERT INTO city VALUES ('Pietersburg_Limpopo_RSA', NULL, NULL, NULL, 'RSA');
INSERT INTO city VALUES ('Mmabatho_North West_RSA', NULL, NULL, NULL, 'RSA');
INSERT INTO city VALUES ('Cape Town_Western Cape_RSA', 855000, -33.9333, 18.4833, 'RSA');
INSERT INTO city VALUES ('Harare_Zimbabwe_ZW', NULL, -17.5, 31.2, 'ZW');
INSERT INTO city VALUES ('Yamoussoukro_Cote dIvoire_CI', 200659, 6.8, -5.3, 'CI');
INSERT INTO city VALUES ('Abidjan_Cote dIvoire_CI', NULL, 5.3, -4.0, 'CI');
INSERT INTO city VALUES ('Accra_Ghana_GH', 867459, 5.55, -0.2, 'GH');
INSERT INTO city VALUES ('Kumasi_Ghana_GH', 376249, NULL, NULL, 'GH');
INSERT INTO city VALUES ('Cape Coast_Ghana_GH', 57224, NULL, NULL, 'GH');
INSERT INTO city VALUES ('Tamale_Ghana_GH', 135952, NULL, NULL, 'GH');
INSERT INTO city VALUES ('Tema_Ghana_GH', 131528, NULL, NULL, 'GH');
INSERT INTO city VALUES ('Takoradi_Ghana_GH', 61484, NULL, NULL, 'GH');
INSERT INTO city VALUES ('Sekondi_Ghana_GH', 31916, NULL, NULL, 'GH');
INSERT INTO city VALUES ('Bujumbura_Burundi_BI', NULL, -4, 29, 'BI');
INSERT INTO city VALUES ('Kigali_Rwanda_RWA', NULL, -1.6, 29.6, 'RWA');
INSERT INTO city VALUES ('Dodoma_Dodoma_EAT', 203833, NULL, NULL, 'EAT');
INSERT INTO city VALUES ('Arusha_Arusha_EAT', 134708, NULL, NULL, 'EAT');
INSERT INTO city VALUES ('Moshi_Kilimanjaro_EAT', NULL, NULL, NULL, 'EAT');
INSERT INTO city VALUES ('Tanga_Tanga_EAT', 187155, NULL, NULL, 'EAT');
INSERT INTO city VALUES ('Morogoro_Morogoro_EAT', 117760, NULL, NULL, 'EAT');
INSERT INTO city VALUES ('Dar es Salaam_Daressalam_EAT', 1360850, -6.83333, 39.3, 'EAT');
INSERT INTO city VALUES ('Lindi_Lindi_EAT', NULL, NULL, NULL, 'EAT');
INSERT INTO city VALUES ('Mtwara Mikandani_Mtwara_EAT', NULL, NULL, NULL, 'EAT');
INSERT INTO city VALUES ('Songea_Ruvuma_EAT', NULL, NULL, NULL, 'EAT');
INSERT INTO city VALUES ('Iringa_Iringa_EAT', NULL, NULL, NULL, 'EAT');
INSERT INTO city VALUES ('Mbeya_Mbeya_EAT', 152844, NULL, NULL, 'EAT');
INSERT INTO city VALUES ('Singida_Singida_EAT', NULL, NULL, NULL, 'EAT');
INSERT INTO city VALUES ('Tabora_Tabora_EAT', NULL, NULL, NULL, 'EAT');
INSERT INTO city VALUES ('Sumbawanga_Rukwa_EAT', NULL, NULL, NULL, 'EAT');
INSERT INTO city VALUES ('Kigoma Ujiji_Kigoma_EAT', NULL, NULL, NULL, 'EAT');
INSERT INTO city VALUES ('Shinyanga_Shinyanga_EAT', 100724, NULL, NULL, 'EAT');
INSERT INTO city VALUES ('Bukoba_Kagera_EAT', NULL, NULL, NULL, 'EAT');
INSERT INTO city VALUES ('Mwanza_Mwanza_EAT', 223013, NULL, NULL, 'EAT');
INSERT INTO city VALUES ('Musoma_Mara_EAT', NULL, NULL, NULL, 'EAT');
INSERT INTO city VALUES ('Mkokotoni_Kaskazini Ujunga_EAT', NULL, NULL, NULL, 'EAT');
INSERT INTO city VALUES ('Koani_Kusini Ujunga_EAT', NULL, NULL, NULL, 'EAT');
INSERT INTO city VALUES ('Zanzibar_Mjini Magharibi_EAT', 157634, NULL, NULL, 'EAT');
INSERT INTO city VALUES ('Wete_Kaskazini Pemba_EAT', NULL, NULL, NULL, 'EAT');
INSERT INTO city VALUES ('Chake Cahke_Kusini Pemba_EAT', NULL, NULL, NULL, 'EAT');
INSERT INTO city VALUES ('Ngaoundere_Adamaoua_CAM', NULL, NULL, NULL, 'CAM');
INSERT INTO city VALUES ('Yaounde_Centre_CAM', 750000, 3.5, 12, 'CAM');
INSERT INTO city VALUES ('Bertoua_Est_CAM', NULL, NULL, NULL, 'CAM');
INSERT INTO city VALUES ('Maroua_Nord extreme_CAM', 143000, NULL, NULL, 'CAM');
INSERT INTO city VALUES ('Douala_Cote/Littoral_CAM', 884000, 3.5, 10, 'CAM');
INSERT INTO city VALUES ('Garoua_Nord_CAM', 177000, NULL, NULL, 'CAM');
INSERT INTO city VALUES ('Bamenda_Nordoueste_CAM', 138000, NULL, NULL, 'CAM');
INSERT INTO city VALUES ('Bafoussam_Ouest_CAM', 131000, NULL, NULL, 'CAM');
INSERT INTO city VALUES ('Ebolowa_Sud_CAM', NULL, NULL, NULL, 'CAM');
INSERT INTO city VALUES ('Buea_Sudoueste_CAM', NULL, NULL, NULL, 'CAM');
INSERT INTO city VALUES ('Bangui_Central African Republic_RCA', NULL, 4.3, 18.5, 'RCA');
INSERT INTO city VALUES ('NDjamena_Chad_TCH', NULL, 12, 15, 'TCH');
INSERT INTO city VALUES ('Malabo_Equatorial Guinea_GQ', 33000, 4, 9, 'GQ');
INSERT INTO city VALUES ('Libreville_Gabon_G', NULL, 0.3, 9.3, 'G');
INSERT INTO city VALUES ('Praia_Cape Verde_CV', 105000, 16, -23, 'CV');
INSERT INTO city VALUES ('Malakal_Aali an Nil_SUD', NULL, NULL, NULL, 'SUD');
INSERT INTO city VALUES ('Waw_Bahr al Ghazal_SUD', NULL, NULL, NULL, 'SUD');
INSERT INTO city VALUES ('Nyala_Darfur_SUD', 228778, NULL, NULL, 'SUD');
INSERT INTO city VALUES ('al Fasher_Darfur_SUD', NULL, NULL, NULL, 'SUD');
INSERT INTO city VALUES ('Juba_al Istiwaiyah_SUD', 114980, NULL, NULL, 'SUD');
INSERT INTO city VALUES ('Khartoum_al Khartum_SUD', 924505, 15.6167, 32.55, 'SUD');
INSERT INTO city VALUES ('Omdurman_al Khartum_SUD', 1267077, NULL, NULL, 'SUD');
INSERT INTO city VALUES ('Khartoum North_al Khartum_SUD', 879105, NULL, NULL, 'SUD');
INSERT INTO city VALUES ('al Ubayyid_Kurdufan_SUD', 228096, NULL, NULL, 'SUD');
INSERT INTO city VALUES ('ad Damir_ash Shamaliyah_SUD', NULL, NULL, NULL, 'SUD');
INSERT INTO city VALUES ('Kassala_ash Sharqiyah_SUD', 234270, NULL, NULL, 'SUD');
INSERT INTO city VALUES ('Port Sudan_ash Sharqiyah_SUD', 305385, NULL, NULL, 'SUD');
INSERT INTO city VALUES ('al Qadarif_ash Sharqiyah_SUD', 189384, NULL, NULL, 'SUD');
INSERT INTO city VALUES ('Wad Madani_Nil al Asraq_SUD', 218714, NULL, NULL, 'SUD');
INSERT INTO city VALUES ('Moroni_Comoros_COM', NULL, -12, 43, 'COM');
INSERT INTO city VALUES ('Conakry_Guinea_RG', NULL, 9.3, -13.5, 'RG');
INSERT INTO city VALUES ('Monrovia_Liberia_LB', NULL, 6.3, -10.8, 'LB');
INSERT INTO city VALUES ('Djibouti_Djibouti_DJI', NULL, 11.5, 43.1, 'DJI');
INSERT INTO city VALUES ('Asmara_Eritrea_ER', NULL, 15.2833, 38.9167, 'ER');
INSERT INTO city VALUES ('Addis Ababa_Ethiopia_ETH', 2316400, 9, 38.75, 'ETH');
INSERT INTO city VALUES ('Dire Dawa_Ethiopia_ETH', 194587, NULL, NULL, 'ETH');
INSERT INTO city VALUES ('Gonder_Ethiopia_ETH', 166593, NULL, NULL, 'ETH');
INSERT INTO city VALUES ('Nazret_Ethiopia_ETH', 147088, NULL, NULL, 'ETH');
INSERT INTO city VALUES ('Harer_Ethiopia_ETH', 122932, NULL, NULL, 'ETH');
INSERT INTO city VALUES ('Mekele_Ethiopia_ETH', 119779, NULL, NULL, 'ETH');
INSERT INTO city VALUES ('Jima_Ethiopia_ETH', 119717, NULL, NULL, 'ETH');
INSERT INTO city VALUES ('Dese_Ethiopia_ETH', 117268, NULL, NULL, 'ETH');
INSERT INTO city VALUES ('Bahir Dar_Ethiopia_ETH', 115531, NULL, NULL, 'ETH');
INSERT INTO city VALUES ('Debrezit_Ethiopia_ETH', 105963, NULL, NULL, 'ETH');
INSERT INTO city VALUES ('Mogadishu_Somalia_SP', NULL, 2.2, 45.3, 'SP');
INSERT INTO city VALUES ('Nyeri_Central_EAK', 88600, NULL, NULL, 'EAK');
INSERT INTO city VALUES ('Thika_Central_EAK', 57100, NULL, NULL, 'EAK');
INSERT INTO city VALUES ('Mombasa_Coast_EAK', 465000, -4, 39.4, 'EAK');
INSERT INTO city VALUES ('Malindi_Coast_EAK', 35200, NULL, NULL, 'EAK');
INSERT INTO city VALUES ('Machakos_Eastern_EAK', 116100, NULL, NULL, 'EAK');
INSERT INTO city VALUES ('Meru_Eastern_EAK', 78100, NULL, NULL, 'EAK');
INSERT INTO city VALUES ('Embu_Eastern_EAK', NULL, NULL, NULL, 'EAK');
INSERT INTO city VALUES ('Nairobi_Nairobi_EAK', 1346000, -1.26667, 36.8, 'EAK');
INSERT INTO city VALUES ('Garissa_North Eastern_EAK', NULL, NULL, NULL, 'EAK');
INSERT INTO city VALUES ('Kisumu_Nyanza_EAK', 185100, NULL, NULL, 'EAK');
INSERT INTO city VALUES ('Kisii_Nyanza_EAK', 44000, NULL, NULL, 'EAK');
INSERT INTO city VALUES ('Nakuru_Rift Valley_EAK', 162800, NULL, NULL, 'EAK');
INSERT INTO city VALUES ('Eldoret_Rift Valley_EAK', 104900, NULL, NULL, 'EAK');
INSERT INTO city VALUES ('Kitale_Rift Valley_EAK', 53000, NULL, NULL, 'EAK');
INSERT INTO city VALUES ('Kericho_Rift Valley_EAK', 40000, NULL, NULL, 'EAK');
INSERT INTO city VALUES ('Kakamega_Western_EAK', 47300, NULL, NULL, 'EAK');
INSERT INTO city VALUES ('Banjul_Gambia_WAG', NULL, 13.5, -17, 'WAG');
INSERT INTO city VALUES ('Dakar_Dakar_SN', 1382000, 14.7, -17.4833, 'SN');
INSERT INTO city VALUES ('Diourbel_Diourbel_SN', NULL, NULL, NULL, 'SN');
INSERT INTO city VALUES ('Fatick_Fatick_SN', NULL, NULL, NULL, 'SN');
INSERT INTO city VALUES ('Kaolack_Kaolack_SN', 132000, NULL, NULL, 'SN');
INSERT INTO city VALUES ('Kolda_Kolda_SN', NULL, NULL, NULL, 'SN');
INSERT INTO city VALUES ('Louga_Louga_SN', NULL, NULL, NULL, 'SN');
INSERT INTO city VALUES ('Saint Louis_Saint Louis_SN', 122000, NULL, NULL, 'SN');
INSERT INTO city VALUES ('Tambacounda_Tambacounda_SN', NULL, NULL, NULL, 'SN');
INSERT INTO city VALUES ('Thies_Thies_SN', 156000, NULL, NULL, 'SN');
INSERT INTO city VALUES ('Ziguinchor_Ziguinchor_SN', 107000, NULL, NULL, 'SN');
INSERT INTO city VALUES ('Bissau_Guinea-Bissau_GNB', NULL, 11.5, -15.5, 'GNB');
INSERT INTO city VALUES ('Freetown_Sierra Leone_WAL', NULL, 8.2, -13.1, 'WAL');
INSERT INTO city VALUES ('Kampala_Uganda_EAU', NULL, 0.2, 32.3, 'EAU');
INSERT INTO city VALUES ('Maseru_Lesotho_LS', 75000, -29.3, 27.5, 'LS');
INSERT INTO city VALUES ('Antsiranana_Antsiranana_RM', 220000, NULL, NULL, 'RM');
INSERT INTO city VALUES ('Antananarivo_Antananarivo_RM', 1250000, -18.6, 47.4, 'RM');
INSERT INTO city VALUES ('Antsirabe_Antananarivo_RM', 100000, NULL, NULL, 'RM');
INSERT INTO city VALUES ('Fianarantsoa_Fianarantsoa_RM', 300000, NULL, NULL, 'RM');
INSERT INTO city VALUES ('Majunga_Mahajanga_RM', 200000, NULL, NULL, 'RM');
INSERT INTO city VALUES ('Tamatave_Toamasina_RM', 230000, NULL, NULL, 'RM');
INSERT INTO city VALUES ('Toliara_Toliara_RM', 150000, NULL, NULL, 'RM');
INSERT INTO city VALUES ('Lilongwe_Malawi_MW', NULL, -14, 34, 'MW');
INSERT INTO city VALUES ('Pemba_Cabo Delgado_MOC', NULL, NULL, NULL, 'MOC');
INSERT INTO city VALUES ('Xai Xai_Gaza_MOC', NULL, -25.2, 34, 'MOC');
INSERT INTO city VALUES ('Inhambane_Inhambane_MOC', NULL, NULL, NULL, 'MOC');
INSERT INTO city VALUES ('Chimoio_Manica_MOC', 108818, NULL, NULL, 'MOC');
INSERT INTO city VALUES ('Nacala_Maputo_MOC', 125208, NULL, NULL, 'MOC');
INSERT INTO city VALUES ('Matala_Maputo_MOC', 337239, NULL, NULL, 'MOC');
INSERT INTO city VALUES ('Nampula_Nampula_MOC', 250473, NULL, NULL, 'MOC');
INSERT INTO city VALUES ('Lichinga_Niassa_MOC', NULL, NULL, NULL, 'MOC');
INSERT INTO city VALUES ('Beira_Sofala_MOC', 298847, NULL, NULL, 'MOC');
INSERT INTO city VALUES ('Tete_Tete_MOC', 112221, NULL, NULL, 'MOC');
INSERT INTO city VALUES ('Quelimane_Zambezia_MOC', 146206, NULL, NULL, 'MOC');
INSERT INTO city VALUES ('Maputo_Maputo (munic.)_MOC', 931591, -26, 33, 'MOC');
INSERT INTO city VALUES ('Port Louis_Mauritius_MS', NULL, -20.3, 57.3, 'MS');
INSERT INTO city VALUES ('Mamoutzou_Mayotte_MAYO', NULL, -12.46, 45.13, 'MAYO');
INSERT INTO city VALUES ('Mbabane_Swaziland_SD', NULL, -25, 31.1, 'SD');
INSERT INTO city VALUES ('Saint-Denis_Reunion_REUN', 158139, -20.9, 55.5, 'REUN');
INSERT INTO city VALUES ('Jamestown_Saint Helena_HELX', NULL, -15.56, -5.44, 'HELX');
INSERT INTO city VALUES ('Sao Tome_Sao Tome and Principe_STP', NULL, 0, 7, 'STP');
INSERT INTO city VALUES ('Victoria_Seychelles_SY', 24570, -4.65, 55.5, 'SY');
INSERT INTO island VALUES ('Svalbard', 39044);
INSERT INTO island VALUES ('Greenland', 2175600);
INSERT INTO island VALUES ('Iceland', 102829);
INSERT INTO island VALUES ('Aust-Vagoey', 526);
INSERT INTO island VALUES ('Streymoy', 373);
INSERT INTO island VALUES ('Ireland', 84421);
INSERT INTO island VALUES ('Great Britain', 229850);
INSERT INTO island VALUES ('Shetland Mainland', 970);
INSERT INTO island VALUES ('Orkney Mainland', 492);
INSERT INTO island VALUES ('South Ronaldsay', 50);
INSERT INTO island VALUES ('Hoy', 143);
INSERT INTO island VALUES ('Westray', 47);
INSERT INTO island VALUES ('Barra', 91);
INSERT INTO island VALUES ('South Uist', 320);
INSERT INTO island VALUES ('Benbecula', 82);
INSERT INTO island VALUES ('North Uist', 303);
INSERT INTO island VALUES ('Lewis and Harris', 2170);
INSERT INTO island VALUES ('Skye', 1385);
INSERT INTO island VALUES ('Rhum', 104);
INSERT INTO island VALUES ('Mull', 910);
INSERT INTO island VALUES ('Islay', 619.6);
INSERT INTO island VALUES ('Jura', 367);
INSERT INTO island VALUES ('Arran', 430);
INSERT INTO island VALUES ('Isle of Man', 588);
INSERT INTO island VALUES ('Anglesey', 715);
INSERT INTO island VALUES ('Isle of Wight', 381);
INSERT INTO island VALUES ('Lundy', 4.24);
INSERT INTO island VALUES ('Bishop Rock', NULL);
INSERT INTO island VALUES ('Guernsey', 194);
INSERT INTO island VALUES ('Jersey', 117);
INSERT INTO island VALUES ('Gotland', 3140);
INSERT INTO island VALUES ('Oeland', 1344);
INSERT INTO island VALUES ('Aland', 650);
INSERT INTO island VALUES ('Dagoe', 965);
INSERT INTO island VALUES ('Oesel', 2714);
INSERT INTO island VALUES ('Seeland', 7439);
INSERT INTO island VALUES ('Fuenen', 2976);
INSERT INTO island VALUES ('Langeland', 284);
INSERT INTO island VALUES ('Falster', 514);
INSERT INTO island VALUES ('Lolland', 1241);
INSERT INTO island VALUES ('Bornholm', 588);
INSERT INTO island VALUES ('Helgoland', 1.7);
INSERT INTO island VALUES ('Fehmarn', 185);
INSERT INTO island VALUES ('Rugen', 926);
INSERT INTO island VALUES ('Usedom', 445);
INSERT INTO island VALUES ('Sylt', 99);
INSERT INTO island VALUES ('Fohr', 82);
INSERT INTO island VALUES ('Amrum', 20.5);
INSERT INTO island VALUES ('Pellworm', 37.4);
INSERT INTO island VALUES ('Wangerooge', 7.9);
INSERT INTO island VALUES ('Spiekeroog', 18.2);
INSERT INTO island VALUES ('Langeoog', 20);
INSERT INTO island VALUES ('Baltrum', 6.5);
INSERT INTO island VALUES ('Norderney', 26.3);
INSERT INTO island VALUES ('Juist', 16.4);
INSERT INTO island VALUES ('Borkum', 31);
INSERT INTO island VALUES ('Schiermonnikoog', 40);
INSERT INTO island VALUES ('Ameland', 57.6);
INSERT INTO island VALUES ('Terschelling', 88);
INSERT INTO island VALUES ('Vlieland', 40);
INSERT INTO island VALUES ('Texel', 162);
INSERT INTO island VALUES ('Korfu', 593);
INSERT INTO island VALUES ('Lefkas', 293);
INSERT INTO island VALUES ('Kefallinia', 689);
INSERT INTO island VALUES ('Zakinthos', 406);
INSERT INTO island VALUES ('Kreta', 8331);
INSERT INTO island VALUES ('Chios', 843);
INSERT INTO island VALUES ('Samos', 478);
INSERT INTO island VALUES ('Ikaria', 255);
INSERT INTO island VALUES ('Lesbos', 1636);
INSERT INTO island VALUES ('Kos', 287);
INSERT INTO island VALUES ('Rhodos', 1401);
INSERT INTO island VALUES ('Cyprus', 9251);
INSERT INTO island VALUES ('Alicudi', 5.2);
INSERT INTO island VALUES ('Filicudi', 9.5);
INSERT INTO island VALUES ('Salina', 26.8);
INSERT INTO island VALUES ('Lipari', 37.5);
INSERT INTO island VALUES ('Vulcano', 21.2);
INSERT INTO island VALUES ('Panarea', 3.4);
INSERT INTO island VALUES ('Stromboli', 12.6);
INSERT INTO island VALUES ('Lampedusa', 20);
INSERT INTO island VALUES ('Linosa', 5);
INSERT INTO island VALUES ('Sicilia', 25462);
INSERT INTO island VALUES ('Malta', 246);
INSERT INTO island VALUES ('Gozo', 67);
INSERT INTO island VALUES ('Sardegna', 24090);
INSERT INTO island VALUES ('Corse', 8680);
INSERT INTO island VALUES ('Menorca', 760);
INSERT INTO island VALUES ('Mallorca', 3618);
INSERT INTO island VALUES ('Ibiza', 572);
INSERT INTO island VALUES ('Formentera', 83);
INSERT INTO island VALUES ('Lanzarote', 846);
INSERT INTO island VALUES ('Fuerteventura', 1660);
INSERT INTO island VALUES ('Gran Canaria', 1560);
INSERT INTO island VALUES ('Teneriffa', 2034);
INSERT INTO island VALUES ('Gomera', 369);
INSERT INTO island VALUES ('Hierro', 268);
INSERT INTO island VALUES ('La Palma', 708);
INSERT INTO island VALUES ('Madeira', 794);
INSERT INTO island VALUES ('Porto Santo', 42);
INSERT INTO island VALUES ('Sao Miguel', 747);
INSERT INTO island VALUES ('Santa Maria', 97);
INSERT INTO island VALUES ('Terceira', 400);
INSERT INTO island VALUES ('Sao Jorge', 233.5);
INSERT INTO island VALUES ('Pico', 442);
INSERT INTO island VALUES ('Faial', 172);
INSERT INTO island VALUES ('Graciosa', 61);
INSERT INTO island VALUES ('Flores', 143);
INSERT INTO island VALUES ('Corvo', 17.5);
INSERT INTO island VALUES ('Santiago', 991);
INSERT INTO island VALUES ('Fogo', 476);
INSERT INTO island VALUES ('Sao Tome', 859);
INSERT INTO island VALUES ('Principe', 142);
INSERT INTO island VALUES ('Bioko', 2017);
INSERT INTO island VALUES ('Saint Helena', 122);
INSERT INTO island VALUES ('Ascension', 91);
INSERT INTO island VALUES ('Tristan Da Cunha', 104);
INSERT INTO island VALUES ('West Falkland', 4532);
INSERT INTO island VALUES ('East Falkland', 6605);
INSERT INTO island VALUES ('Bahrain', 620);
INSERT INTO island VALUES ('Khark', 20.5);
INSERT INTO island VALUES ('Gheschm', 1491);
INSERT INTO island VALUES ('Lavan', 76);
INSERT INTO island VALUES ('Christmas Island', 135);
INSERT INTO island VALUES ('Pulau Panjang', 6.23);
INSERT INTO island VALUES ('Male', 2.74);
INSERT INTO island VALUES ('Kavaratti', 6);
INSERT INTO island VALUES ('Sri Lanka', 65610);
INSERT INTO island VALUES ('South Andaman Island', 1210);
INSERT INTO island VALUES ('Sokotra', 3579);
INSERT INTO island VALUES ('Sansibar', 1658);
INSERT INTO island VALUES ('Pemba', 984);
INSERT INTO island VALUES ('Mahe', 154);
INSERT INTO island VALUES ('Grand Comoro', 1148);
INSERT INTO island VALUES ('Anjouan', 424);
INSERT INTO island VALUES ('Mohilla', 290);
INSERT INTO island VALUES ('Mayotte', 374);
INSERT INTO island VALUES ('Reunion', 2510);
INSERT INTO island VALUES ('Mauritius', 1860);
INSERT INTO island VALUES ('Madagaskar', 587041);
INSERT INTO island VALUES ('Kotelny Island', 11665);
INSERT INTO island VALUES ('Paramuschir', 2042);
INSERT INTO island VALUES ('Olkhon', 730);
INSERT INTO island VALUES ('Sachalin', 76400);
INSERT INTO island VALUES ('Hokkaido', 83456);
INSERT INTO island VALUES ('Kyushu', 35640);
INSERT INTO island VALUES ('Shikoku', 18000);
INSERT INTO island VALUES ('Honshu', 230500);
INSERT INTO island VALUES ('Okinawa', 2255);
INSERT INTO island VALUES ('Jeju', 1845);
INSERT INTO island VALUES ('Taiwan', 35801);
INSERT INTO island VALUES ('Hainan', 34380);
INSERT INTO island VALUES ('Luzon', 108172);
INSERT INTO island VALUES ('Mindoro', 10244);
INSERT INTO island VALUES ('Negros', 13328);
INSERT INTO island VALUES ('Panay', 12297);
INSERT INTO island VALUES ('Bohol', 4117);
INSERT INTO island VALUES ('Leyte', 7368);
INSERT INTO island VALUES ('Samar', 13080);
INSERT INTO island VALUES ('Cebu', 5088);
INSERT INTO island VALUES ('Mindanao', 95581);
INSERT INTO island VALUES ('Palawan', 11785);
INSERT INTO island VALUES ('Singapore', 632.6);
INSERT INTO island VALUES ('Sumatra', 473000);
INSERT INTO island VALUES ('Samosir', 852);
INSERT INTO island VALUES ('Batam', 415);
INSERT INTO island VALUES ('Bangka', 11942);
INSERT INTO island VALUES ('Krakatau', NULL);
INSERT INTO island VALUES ('Java', 126650);
INSERT INTO island VALUES ('Borneo', 743122);
INSERT INTO island VALUES ('Bali', 5561);
INSERT INTO island VALUES ('Lombok', 4725);
INSERT INTO island VALUES ('Sumbawa', 15448);
INSERT INTO island VALUES ('Sulawesi', 189216);
INSERT INTO island VALUES ('Timor', 33850);
INSERT INTO island VALUES ('Ambon', 775);
INSERT INTO island VALUES ('Ceram', 17100);
INSERT INTO island VALUES ('New Guinea', 786000);
INSERT INTO island VALUES ('Bougainville', 8800);
INSERT INTO island VALUES ('Guadalcanal', 5358);
INSERT INTO island VALUES ('Grande Terre', 16372);
INSERT INTO island VALUES ('Cangaroo Island', 4405);
INSERT INTO island VALUES ('Melville Island', 5800);
INSERT INTO island VALUES ('Tasmania', 67800);
INSERT INTO island VALUES ('Victoria Island', 212291);
INSERT INTO island VALUES ('Banks Island', 70028);
INSERT INTO island VALUES ('Prince of Wales Island', 33339);
INSERT INTO island VALUES ('Baffin Island', 507451);
INSERT INTO island VALUES ('Southampton Island', 41214);
INSERT INTO island VALUES ('Ellesmere Island', 196236);
INSERT INTO island VALUES ('Saint Pierre', 26);
INSERT INTO island VALUES ('Miquelon-Langlade', 205);
INSERT INTO island VALUES ('Newfoundland', 108860);
INSERT INTO island VALUES ('Prince Edward Island', 5660);
INSERT INTO island VALUES ('Rene Levasseur Island', 2020);
INSERT INTO island VALUES ('Manitoulin', 2766);
INSERT INTO island VALUES ('Martha s Vineyard', 232);
INSERT INTO island VALUES ('Nantucket', 125);
INSERT INTO island VALUES ('Long Island', 3566);
INSERT INTO island VALUES ('Grand Bermuda', 53.3);
INSERT INTO island VALUES ('New Providence', 207);
INSERT INTO island VALUES ('Grand Turk', 14);
INSERT INTO island VALUES ('Providenciales', NULL);
INSERT INTO island VALUES ('North Caicos', NULL);
INSERT INTO island VALUES ('Cuba', 105806);
INSERT INTO island VALUES ('Jamaica', 10991);
INSERT INTO island VALUES ('Hispaniola', 76192);
INSERT INTO island VALUES ('Puerto Rico', 8870);
INSERT INTO island VALUES ('Tortola', 55);
INSERT INTO island VALUES ('Saint Thomas', 31);
INSERT INTO island VALUES ('Anguilla', 91);
INSERT INTO island VALUES ('St. Martin', 87);
INSERT INTO island VALUES ('Saint Kitts', 164);
INSERT INTO island VALUES ('Nevis', 93);
INSERT INTO island VALUES ('Barbuda', 161);
INSERT INTO island VALUES ('Antigua', 281);
INSERT INTO island VALUES ('Montserrat', 102);
INSERT INTO island VALUES ('Basse-Terre', 848);
INSERT INTO island VALUES ('Grande-Terre', 589);
INSERT INTO island VALUES ('Dominica', 746);
INSERT INTO island VALUES ('Martinique', 1128);
INSERT INTO island VALUES ('Saint Lucia', 616);
INSERT INTO island VALUES ('Saint Vincent', 346);
INSERT INTO island VALUES ('Barbados', 430);
INSERT INTO island VALUES ('Grenada', 344);
INSERT INTO island VALUES ('Trinidad', 4827);
INSERT INTO island VALUES ('Tobago', 301);
INSERT INTO island VALUES ('Curacao', 444);
INSERT INTO island VALUES ('Bonaire', 288);
INSERT INTO island VALUES ('Aruba', 193);
INSERT INTO island VALUES ('Grand Cayman', 197);
INSERT INTO island VALUES ('Little Cayman', 20);
INSERT INTO island VALUES ('Cayman Brac', 30);
INSERT INTO island VALUES ('Isla da Ometepe', 270);
INSERT INTO island VALUES ('Vancouver Island', 31285);
INSERT INTO island VALUES ('Santa Cruz Island', 245);
INSERT INTO island VALUES ('Santa Catalina Island', 194);
INSERT INTO island VALUES ('Santa Rosa Island', 215);
INSERT INTO island VALUES ('San Clemente Island', 147);
INSERT INTO island VALUES ('San Miguel Island', 37);
INSERT INTO island VALUES ('Isabela', 5436);
INSERT INTO island VALUES ('Niihau', 178);
INSERT INTO island VALUES ('Kauai', 1433);
INSERT INTO island VALUES ('Oahu', 1557);
INSERT INTO island VALUES ('Molokai', 676);
INSERT INTO island VALUES ('Lanai', 364);
INSERT INTO island VALUES ('Maui', 1883);
INSERT INTO island VALUES ('Hawaii', 10450);
INSERT INTO island VALUES ('Niue', 260);
INSERT INTO island VALUES ('Saipan', 115);
INSERT INTO island VALUES ('Tinian', 101);
INSERT INTO island VALUES ('Rota', 85);
INSERT INTO island VALUES ('Pitcairn', 4.5);
INSERT INTO island VALUES ('Uvea', 90);
INSERT INTO island VALUES ('Futuna', 64);
INSERT INTO island VALUES ('Tarawa', NULL);
INSERT INTO island VALUES ('Tongatapu', 260);
INSERT INTO island VALUES ('Viti Levu', 10429);
INSERT INTO island VALUES ('Vanua Levu', 5500);
INSERT INTO island VALUES ('Norfolk Island', 34);
INSERT INTO island VALUES ('Nauru', 21);
INSERT INTO island VALUES ('Koror', 8);
INSERT INTO island VALUES ('Babelthuap', 8);
INSERT INTO island VALUES ('Fongafale', 2.8);
INSERT INTO island VALUES ('Efate', 900);
INSERT INTO island VALUES ('Upolu', 1125);
INSERT INTO island VALUES ('Savaii', 1707);
INSERT INTO island VALUES ('Tutuila', 135);
INSERT INTO island VALUES ('Rarotonga', 67);
INSERT INTO island VALUES ('Tahiti', 1045);
INSERT INTO island VALUES ('Guam', 541);
INSERT INTO island VALUES ('Majuro', 9.2);
INSERT INTO island VALUES ('Ponape', 336);
INSERT INTO island VALUES ('Osterinsel', 163);
INSERT INTO island VALUES ('Te Ika-a-Maui (North Island)', 114597);
INSERT INTO island VALUES ('Te Waka-a-Maui (South Island)', 151757);
INSERT INTO city_island VALUES ('Iraklion_Kriti_GR', 'Kreta');
INSERT INTO city_island VALUES ('Mytilini_Voreion Aiyaion_GR', 'Lesbos');
INSERT INTO city_island VALUES ('Ajaccio_Corse_F', 'Corse');
INSERT INTO city_island VALUES ('Palma de Mallorca_Balearic Islands_E', 'Mallorca');
INSERT INTO city_island VALUES ('Santa Cruz de Tenerife_Canary Islands_E', 'Teneriffa');
INSERT INTO city_island VALUES ('Las Palmas de Gran Canaria_Canary Islands_E', 'Gran Canaria');
INSERT INTO city_island VALUES ('La Laguna_Canary Islands_E', 'Teneriffa');
INSERT INTO city_island VALUES ('Palermo_Sicilia_I', 'Sicilia');
INSERT INTO city_island VALUES ('Messina_Sicilia_I', 'Sicilia');
INSERT INTO city_island VALUES ('Catania_Sicilia_I', 'Sicilia');
INSERT INTO city_island VALUES ('Siracusa_Sicilia_I', 'Sicilia');
INSERT INTO city_island VALUES ('Cagliari_Sardegna_I', 'Sardegna');
INSERT INTO city_island VALUES ('Sassari_Sardegna_I', 'Sardegna');
INSERT INTO city_island VALUES ('Yuzhno Sakhalinsk_Sakhalinskaya oblast_R', 'Sachalin');
INSERT INTO city_island VALUES ('Copenhagen_Denmark_DK', 'Seeland');
INSERT INTO city_island VALUES ('Odense_Denmark_DK', 'Fuenen');
INSERT INTO city_island VALUES ('Torshavn_Faroe Islands_FARX', 'Streymoy');
INSERT INTO city_island VALUES ('Saint Peter Port_Guernsey_GBG', 'Guernsey');
INSERT INTO city_island VALUES ('Reykjavik_Iceland_IS', 'Iceland');
INSERT INTO city_island VALUES ('Keflavik_Iceland_IS', 'Iceland');
INSERT INTO city_island VALUES ('Hafnarfjoerdur_Iceland_IS', 'Iceland');
INSERT INTO city_island VALUES ('Akureyri_Iceland_IS', 'Iceland');
INSERT INTO city_island VALUES ('Dublin_Ireland_IRL', 'Ireland');
INSERT INTO city_island VALUES ('Saint Helier_Jersey_GBJ', 'Jersey');
INSERT INTO city_island VALUES ('Valletta_Malta_M', 'Malta');
INSERT INTO city_island VALUES ('Victoria_Malta_M', 'Gozo');
INSERT INTO city_island VALUES ('Douglas_Man_GBM', 'Isle of Man');
INSERT INTO city_island VALUES ('Ponta Delgada_Azores_P', 'Sao Miguel');
INSERT INTO city_island VALUES ('Funchal_Madeira_P', 'Madeira');
INSERT INTO city_island VALUES ('Longyearbyen_Svalbard_SVAX', 'Svalbard');
INSERT INTO city_island VALUES ('Bristol_Avon_GB', 'Great Britain');
INSERT INTO city_island VALUES ('Bedford_Bedfordshire_GB', 'Great Britain');
INSERT INTO city_island VALUES ('Luton_Bedfordshire_GB', 'Great Britain');
INSERT INTO city_island VALUES ('Reading_Berkshire_GB', 'Great Britain');
INSERT INTO city_island VALUES ('Wokingham_Berkshire_GB', 'Great Britain');
INSERT INTO city_island VALUES ('Newbury_Berkshire_GB', 'Great Britain');
INSERT INTO city_island VALUES ('Windsor_Berkshire_GB', 'Great Britain');
INSERT INTO city_island VALUES ('Slough_Berkshire_GB', 'Great Britain');
INSERT INTO city_island VALUES ('Bracknell_Berkshire_GB', 'Great Britain');
INSERT INTO city_island VALUES ('Aylesbury_Buckinghamshire_GB', 'Great Britain');
INSERT INTO city_island VALUES ('Milton Keynes_Buckinghamshire_GB', 'Great Britain');
INSERT INTO city_island VALUES ('Wycombe_Buckinghamshire_GB', 'Great Britain');
INSERT INTO city_island VALUES ('Cambridge_Cambridgeshire_GB', 'Great Britain');
INSERT INTO city_island VALUES ('Peterborough_Cambridgeshire_GB', 'Great Britain');
INSERT INTO city_island VALUES ('Huntingdon_Cambridgeshire_GB', 'Great Britain');
INSERT INTO city_island VALUES ('Chester_Cheshire_GB', 'Great Britain');
INSERT INTO city_island VALUES ('Warrington_Cheshire_GB', 'Great Britain');
INSERT INTO city_island VALUES ('Macclesfield_Cheshire_GB', 'Great Britain');
INSERT INTO city_island VALUES ('Crewe_Cheshire_GB', 'Great Britain');
INSERT INTO city_island VALUES ('Middlesbrough_Cleveland_GB', 'Great Britain');
INSERT INTO city_island VALUES ('Stockton on Tees_Cleveland_GB', 'Great Britain');
INSERT INTO city_island VALUES ('Truro_Cornwall_GB', 'Great Britain');
INSERT INTO city_island VALUES ('Carlisle_Cumbria_GB', 'Great Britain');
INSERT INTO city_island VALUES ('Derby_Derbyshire_GB', 'Great Britain');
INSERT INTO city_island VALUES ('Sutton in Ashfield_Derbyshire_GB', 'Great Britain');
INSERT INTO city_island VALUES ('Chesterfield_Derbyshire_GB', 'Great Britain');
INSERT INTO city_island VALUES ('Matlock_Derbyshire_GB', 'Great Britain');
INSERT INTO city_island VALUES ('Plymouth_Devon_GB', 'Great Britain');
INSERT INTO city_island VALUES ('Exeter_Devon_GB', 'Great Britain');
INSERT INTO city_island VALUES ('Bournemouth_Dorset_GB', 'Great Britain');
INSERT INTO city_island VALUES ('Poole_Dorset_GB', 'Great Britain');
INSERT INTO city_island VALUES ('Dorchester_Dorset_GB', 'Great Britain');
INSERT INTO city_island VALUES ('Darlington_Durham_GB', 'Great Britain');
INSERT INTO city_island VALUES ('Durham_Durham_GB', 'Great Britain');
INSERT INTO city_island VALUES ('Brighton_East Sussex_GB', 'Great Britain');
INSERT INTO city_island VALUES ('Lewes_East Sussex_GB', 'Great Britain');
INSERT INTO city_island VALUES ('Chelmsford_Essex_GB', 'Great Britain');
INSERT INTO city_island VALUES ('Southend on Sea_Essex_GB', 'Great Britain');
INSERT INTO city_island VALUES ('Basildon_Essex_GB', 'Great Britain');
INSERT INTO city_island VALUES ('Colchester_Essex_GB', 'Great Britain');
INSERT INTO city_island VALUES ('Braintree_Essex_GB', 'Great Britain');
INSERT INTO city_island VALUES ('Epping Forest_Essex_GB', 'Great Britain');
INSERT INTO city_island VALUES ('Cheltenham_Gloucestershire_GB', 'Great Britain');
INSERT INTO city_island VALUES ('Stroud_Gloucestershire_GB', 'Great Britain');
INSERT INTO city_island VALUES ('Gloucester_Gloucestershire_GB', 'Great Britain');
INSERT INTO city_island VALUES ('London_Greater London_GB', 'Great Britain');
INSERT INTO city_island VALUES ('Manchester_Greater Manchester_GB', 'Great Britain');
INSERT INTO city_island VALUES ('Wigan_Greater Manchester_GB', 'Great Britain');
INSERT INTO city_island VALUES ('Stockport_Greater Manchester_GB', 'Great Britain');
INSERT INTO city_island VALUES ('Bolton_Greater Manchester_GB', 'Great Britain');
INSERT INTO city_island VALUES ('Salford_Greater Manchester_GB', 'Great Britain');
INSERT INTO city_island VALUES ('Tameside_Greater Manchester_GB', 'Great Britain');
INSERT INTO city_island VALUES ('Oldham_Greater Manchester_GB', 'Great Britain');
INSERT INTO city_island VALUES ('Trafford_Greater Manchester_GB', 'Great Britain');
INSERT INTO city_island VALUES ('Rochdale_Greater Manchester_GB', 'Great Britain');
INSERT INTO city_island VALUES ('Bury_Greater Manchester_GB', 'Great Britain');
INSERT INTO city_island VALUES ('Winchester_Hampshire_GB', 'Great Britain');
INSERT INTO city_island VALUES ('Southampton_Hampshire_GB', 'Great Britain');
INSERT INTO city_island VALUES ('Portsmouth_Hampshire_GB', 'Great Britain');
INSERT INTO city_island VALUES ('Basingstoke_Hampshire_GB', 'Great Britain');
INSERT INTO city_island VALUES ('Havant_Hampshire_GB', 'Great Britain');
INSERT INTO city_island VALUES ('Eastleigh_Hampshire_GB', 'Great Britain');
INSERT INTO city_island VALUES ('Fareham_Hampshire_GB', 'Great Britain');
INSERT INTO city_island VALUES ('Worcester_Hereford and Worcester_GB', 'Great Britain');
INSERT INTO city_island VALUES ('Saint Albans_Hertfordshire_GB', 'Great Britain');
INSERT INTO city_island VALUES ('Hertford_Hertfordshire_GB', 'Great Britain');
INSERT INTO city_island VALUES ('Kingston upon Hull_Humberside_GB', 'Great Britain');
INSERT INTO city_island VALUES ('Beverley_Humberside_GB', 'Great Britain');
INSERT INTO city_island VALUES ('Hull_Humberside_GB', 'Great Britain');
INSERT INTO city_island VALUES ('Maidstone_Kent_GB', 'Great Britain');
INSERT INTO city_island VALUES ('Rochester upon Medway_Kent_GB', 'Great Britain');
INSERT INTO city_island VALUES ('Canterbury_Kent_GB', 'Great Britain');
INSERT INTO city_island VALUES ('Swale_Kent_GB', 'Great Britain');
INSERT INTO city_island VALUES ('Sevenoaks_Kent_GB', 'Great Britain');
INSERT INTO city_island VALUES ('Dover_Kent_GB', 'Great Britain');
INSERT INTO city_island VALUES ('Tonbridge_Kent_GB', 'Great Britain');
INSERT INTO city_island VALUES ('Tunbridge Wells_Kent_GB', 'Great Britain');
INSERT INTO city_island VALUES ('Preston_Lancashire_GB', 'Great Britain');
INSERT INTO city_island VALUES ('Blackpool_Lancashire_GB', 'Great Britain');
INSERT INTO city_island VALUES ('Blackburn_Lancashire_GB', 'Great Britain');
INSERT INTO city_island VALUES ('Lancaster_Lancashire_GB', 'Great Britain');
INSERT INTO city_island VALUES ('Leichester_Leicestershire_GB', 'Great Britain');
INSERT INTO city_island VALUES ('Lincoln_Lincolnshire_GB', 'Great Britain');
INSERT INTO city_island VALUES ('Liverpool_Merseyside_GB', 'Great Britain');
INSERT INTO city_island VALUES ('Wiral_Merseyside_GB', 'Great Britain');
INSERT INTO city_island VALUES ('Sefton_Merseyside_GB', 'Great Britain');
INSERT INTO city_island VALUES ('Saint Helens_Merseyside_GB', 'Great Britain');
INSERT INTO city_island VALUES ('Knowsley_Merseyside_GB', 'Great Britain');
INSERT INTO city_island VALUES ('Norwich_Norfolk_GB', 'Great Britain');
INSERT INTO city_island VALUES ('Kings Lynn_Norfolk_GB', 'Great Britain');
INSERT INTO city_island VALUES ('Northampton_Northamptonshire_GB', 'Great Britain');
INSERT INTO city_island VALUES ('Harrogate_North Yorkshire_GB', 'Great Britain');
INSERT INTO city_island VALUES ('Scarborough_North Yorkshire_GB', 'Great Britain');
INSERT INTO city_island VALUES ('York_North Yorkshire_GB', 'Great Britain');
INSERT INTO city_island VALUES ('Northallerton_North Yorkshire_GB', 'Great Britain');
INSERT INTO city_island VALUES ('Nottingham_Nottinghamshire_GB', 'Great Britain');
INSERT INTO city_island VALUES ('Newark on Trent_Nottinghamshire_GB', 'Great Britain');
INSERT INTO city_island VALUES ('Mansfield_Nottinghamshire_GB', 'Great Britain');
INSERT INTO city_island VALUES ('Oxford_Oxfordshire_GB', 'Great Britain');
INSERT INTO city_island VALUES ('Shrewsbury_Shropshire_GB', 'Great Britain');
INSERT INTO city_island VALUES ('Taunton_Somerset_GB', 'Great Britain');
INSERT INTO city_island VALUES ('Barnsley_South Yorkshire_GB', 'Great Britain');
INSERT INTO city_island VALUES ('Sheffield_South Yorkshire_GB', 'Great Britain');
INSERT INTO city_island VALUES ('Doncaster_South Yorkshire_GB', 'Great Britain');
INSERT INTO city_island VALUES ('Rotherham_South Yorkshire_GB', 'Great Britain');
INSERT INTO city_island VALUES ('Stafford_Staffordshire_GB', 'Great Britain');
INSERT INTO city_island VALUES ('Stoke on Trent_Staffordshire_GB', 'Great Britain');
INSERT INTO city_island VALUES ('Newcastle under Lyme_Staffordshire_GB', 'Great Britain');
INSERT INTO city_island VALUES ('Ipswich_Suffolk_GB', 'Great Britain');
INSERT INTO city_island VALUES ('Guildford_Surrey_GB', 'Great Britain');
INSERT INTO city_island VALUES ('Reigate_Surrey_GB', 'Great Britain');
INSERT INTO city_island VALUES ('Elmbridge_Surrey_GB', 'Great Britain');
INSERT INTO city_island VALUES ('Kingston_Surrey_GB', 'Great Britain');
INSERT INTO city_island VALUES ('Sunderland_Tyne and Wear_GB', 'Great Britain');
INSERT INTO city_island VALUES ('Newcastle upon Tyne_Tyne and Wear_GB', 'Great Britain');
INSERT INTO city_island VALUES ('Gateshead_Tyne and Wear_GB', 'Great Britain');
INSERT INTO city_island VALUES ('Warwick_Warwickshire_GB', 'Great Britain');
INSERT INTO city_island VALUES ('Nuneaton_Warwickshire_GB', 'Great Britain');
INSERT INTO city_island VALUES ('Stratford on Avon_Warwickshire_GB', 'Great Britain');
INSERT INTO city_island VALUES ('Birmingham_West Midlands_GB', 'Great Britain');
INSERT INTO city_island VALUES ('Dudley_West Midlands_GB', 'Great Britain');
INSERT INTO city_island VALUES ('Coventry_West Midlands_GB', 'Great Britain');
INSERT INTO city_island VALUES ('Walsall_West Midlands_GB', 'Great Britain');
INSERT INTO city_island VALUES ('Wolverhampton_West Midlands_GB', 'Great Britain');
INSERT INTO city_island VALUES ('Solihull_West Midlands_GB', 'Great Britain');
INSERT INTO city_island VALUES ('West Bromwich_West Midlands_GB', 'Great Britain');
INSERT INTO city_island VALUES ('Sandwell_West Midlands_GB', 'Great Britain');
INSERT INTO city_island VALUES ('Chichester_West Sussex_GB', 'Great Britain');
INSERT INTO city_island VALUES ('Horsham_West Sussex_GB', 'Great Britain');
INSERT INTO city_island VALUES ('Wakefield_West Yorkshire_GB', 'Great Britain');
INSERT INTO city_island VALUES ('Leeds_West Yorkshire_GB', 'Great Britain');
INSERT INTO city_island VALUES ('Bradford_West Yorkshire_GB', 'Great Britain');
INSERT INTO city_island VALUES ('Kirklees_West Yorkshire_GB', 'Great Britain');
INSERT INTO city_island VALUES ('Huddersfield_West Yorkshire_GB', 'Great Britain');
INSERT INTO city_island VALUES ('Salisbury_Wiltshire_GB', 'Great Britain');
INSERT INTO city_island VALUES ('Trowbridge_Wiltshire_GB', 'Great Britain');
INSERT INTO city_island VALUES ('Newtown St. Boswells_Borders_GB', 'Great Britain');
INSERT INTO city_island VALUES ('Stirling_Central_GB', 'Great Britain');
INSERT INTO city_island VALUES ('Dumfries_Dumfries and Galloway_GB', 'Great Britain');
INSERT INTO city_island VALUES ('Glenrothes_Fife_GB', 'Great Britain');
INSERT INTO city_island VALUES ('Aberdeen_Grampian_GB', 'Great Britain');
INSERT INTO city_island VALUES ('Inverness_Highland_GB', 'Great Britain');
INSERT INTO city_island VALUES ('Edinburgh_Lothian_GB', 'Great Britain');
INSERT INTO city_island VALUES ('Glasgow_Strathclyde_GB', 'Great Britain');
INSERT INTO city_island VALUES ('Renfrew_Strathclyde_GB', 'Great Britain');
INSERT INTO city_island VALUES ('Dundee_Tayside_GB', 'Great Britain');
INSERT INTO city_island VALUES ('Colwyn Bay_Aberconwy and Colwyn_GB', 'Great Britain');
INSERT INTO city_island VALUES ('Llangefni_Anglesey_GB', 'Anglesey');
INSERT INTO city_island VALUES ('Ebbw Vale_Blaenau Gwent_GB', 'Great Britain');
INSERT INTO city_island VALUES ('Bridgend_Bridgend_GB', 'Great Britain');
INSERT INTO city_island VALUES ('Ystrad Fawr_Caerphilly_GB', 'Great Britain');
INSERT INTO city_island VALUES ('Cardiff_Cardiff_GB', 'Great Britain');
INSERT INTO city_island VALUES ('Carmarthen_Carmarthenshire_GB', 'Great Britain');
INSERT INTO city_island VALUES ('Aberystwyth_Ceredigion_GB', 'Great Britain');
INSERT INTO city_island VALUES ('Ruthin_Denbighshire_GB', 'Great Britain');
INSERT INTO city_island VALUES ('Mold_Flintshire_GB', 'Great Britain');
INSERT INTO city_island VALUES ('Caernarfon_Gwynedd_GB', 'Great Britain');
INSERT INTO city_island VALUES ('Merthyr Tydfil_Merthyr Tydfil_GB', 'Great Britain');
INSERT INTO city_island VALUES ('Cwmbran_Monmouthshire_GB', 'Great Britain');
INSERT INTO city_island VALUES ('Port Talbot_Neath and Port Talbot_GB', 'Great Britain');
INSERT INTO city_island VALUES ('Newport_Newport_GB', 'Great Britain');
INSERT INTO city_island VALUES ('Haverfordwest_Pembrokeshire_GB', 'Great Britain');
INSERT INTO city_island VALUES ('Llandrindod Wells_Powys_GB', 'Great Britain');
INSERT INTO city_island VALUES ('Rhondda_Rhondda Cynon Taff_GB', 'Great Britain');
INSERT INTO city_island VALUES ('Swansea_Swansea_GB', 'Great Britain');
INSERT INTO city_island VALUES ('Pontypool_Torfaen_GB', 'Great Britain');
INSERT INTO city_island VALUES ('Rhymney Valley_Vale of Glamorgan_GB', 'Great Britain');
INSERT INTO city_island VALUES ('Barry_Vale of Glamorgan_GB', 'Great Britain');
INSERT INTO city_island VALUES ('Wrexham_Wrexham_GB', 'Great Britain');
INSERT INTO city_island VALUES ('Belfast_Northern Ireland_GB', 'Ireland');
INSERT INTO city_island VALUES ('Kirkwall_Orkneys_GB', 'Orkney Mainland');
INSERT INTO city_island VALUES ('Stornoway_Outer Hebrides_GB', 'Lewis and Harris');
INSERT INTO city_island VALUES ('Lerwick_Shetland_GB', 'Shetland Mainland');
INSERT INTO city_island VALUES ('Haikou_Hainan_TJ', 'Hainan');
INSERT INTO city_island VALUES ('Sanya_Hainan_TJ', 'Hainan');
INSERT INTO city_island VALUES ('Manama_Bahrain_BRN', 'Bahrain');
INSERT INTO city_island VALUES ('Port Blair_Andaman and Nicobar Is._IND', 'South Andaman Island');
INSERT INTO city_island VALUES ('Kavaratti_Lakshadweep Is._IND', 'Kavaratti');
INSERT INTO city_island VALUES ('Bandar Seri Begawan_Brunei_BRU', 'Borneo');
INSERT INTO city_island VALUES ('Kota Kinabalu_Sabah_MAL', 'Borneo');
INSERT INTO city_island VALUES ('Tawai_Sabah_MAL', 'Borneo');
INSERT INTO city_island VALUES ('Sandakan_Sabah_MAL', 'Borneo');
INSERT INTO city_island VALUES ('Kuching_Sarawak_MAL', 'Borneo');
INSERT INTO city_island VALUES ('Sibu_Sarawak_MAL', 'Borneo');
INSERT INTO city_island VALUES ('Flying Fish Cove_Christmas Island_XMAS', 'Christmas Island');
INSERT INTO city_island VALUES ('West Island_Cocos Islands_COCO', 'Pulau Panjang');
INSERT INTO city_island VALUES ('Nicosia_Cyprus_CY', 'Cyprus');
INSERT INTO city_island VALUES ('Jakarta_Indonesia_RI', 'Java');
INSERT INTO city_island VALUES ('Bandung_Indonesia_RI', 'Java');
INSERT INTO city_island VALUES ('Semarang_Indonesia_RI', 'Java');
INSERT INTO city_island VALUES ('Surabaya_Indonesia_RI', 'Java');
INSERT INTO city_island VALUES ('Yogyakarta_Indonesia_RI', 'Java');
INSERT INTO city_island VALUES ('Banda Aceh_Indonesia_RI', 'Sumatra');
INSERT INTO city_island VALUES ('Bengkulu_Indonesia_RI', 'Sumatra');
INSERT INTO city_island VALUES ('Jambi_Indonesia_RI', 'Sumatra');
INSERT INTO city_island VALUES ('Bandar Lampung_Indonesia_RI', 'Sumatra');
INSERT INTO city_island VALUES ('Padang_Indonesia_RI', 'Sumatra');
INSERT INTO city_island VALUES ('Palembang_Indonesia_RI', 'Sumatra');
INSERT INTO city_island VALUES ('Medan_Indonesia_RI', 'Sumatra');
INSERT INTO city_island VALUES ('Pontianak_Indonesia_RI', 'Borneo');
INSERT INTO city_island VALUES ('Banjarmasin_Indonesia_RI', 'Borneo');
INSERT INTO city_island VALUES ('Palangkaraya_Indonesia_RI', 'Borneo');
INSERT INTO city_island VALUES ('Samarinda_Indonesia_RI', 'Borneo');
INSERT INTO city_island VALUES ('Ujung Pandang_Indonesia_RI', 'Sulawesi');
INSERT INTO city_island VALUES ('Ambon_Indonesia_RI', 'Ambon');
INSERT INTO city_island VALUES ('Malang_Indonesia_RI', 'Java');
INSERT INTO city_island VALUES ('Surakarta_Indonesia_RI', 'Java');
INSERT INTO city_island VALUES ('Pekan Baru_Indonesia_RI', 'Sumatra');
INSERT INTO city_island VALUES ('Balikpapan_Indonesia_RI', 'Borneo');
INSERT INTO city_island VALUES ('Manado_Indonesia_RI', 'Sulawesi');
INSERT INTO city_island VALUES ('Bogor_Indonesia_RI', 'Java');
INSERT INTO city_island VALUES ('Cirebon_Indonesia_RI', 'Java');
INSERT INTO city_island VALUES ('Kediri_Indonesia_RI', 'Java');
INSERT INTO city_island VALUES ('Pekalongan_Indonesia_RI', 'Java');
INSERT INTO city_island VALUES ('Tegal_Indonesia_RI', 'Java');
INSERT INTO city_island VALUES ('Pematang Siantar_Indonesia_RI', 'Sumatra');
INSERT INTO city_island VALUES ('Binjai_Indonesia_RI', 'Sumatra');
INSERT INTO city_island VALUES ('Probolinggo_Indonesia_RI', 'Java');
INSERT INTO city_island VALUES ('Madiun_Indonesia_RI', 'Java');
INSERT INTO city_island VALUES ('Pasuruan_Indonesia_RI', 'Java');
INSERT INTO city_island VALUES ('Magelang_Indonesia_RI', 'Java');
INSERT INTO city_island VALUES ('Sukabumi_Indonesia_RI', 'Java');
INSERT INTO city_island VALUES ('Gorontalo_Indonesia_RI', 'Sulawesi');
INSERT INTO city_island VALUES ('Blitar_Indonesia_RI', 'Java');
INSERT INTO city_island VALUES ('Tebing Tinggi_Indonesia_RI', 'Sumatra');
INSERT INTO city_island VALUES ('Pangkal Pinang_Indonesia_RI', 'Bangka');
INSERT INTO city_island VALUES ('Tanjung Balai_Indonesia_RI', 'Sumatra');
INSERT INTO city_island VALUES ('Batam_Indonesia_RI', 'Batam');
INSERT INTO city_island VALUES ('Pare Pare_Indonesia_RI', 'Sulawesi');
INSERT INTO city_island VALUES ('Dili_Timor-Leste_TL', 'Timor');
INSERT INTO city_island VALUES ('Port Moresby_Papua New Guinea_PNG', 'New Guinea');
INSERT INTO city_island VALUES ('Sapporo_Hokkaido_J', 'Hokkaido');
INSERT INTO city_island VALUES ('Hakodate_Hokkaido_J', 'Hokkaido');
INSERT INTO city_island VALUES ('Aomori_Aomori_J', 'Honshu');
INSERT INTO city_island VALUES ('Morioka_Iwate_J', 'Honshu');
INSERT INTO city_island VALUES ('Sendai_Miyagi_J', 'Honshu');
INSERT INTO city_island VALUES ('Akita_Akita_J', 'Honshu');
INSERT INTO city_island VALUES ('Yamagata_Yamagata_J', 'Honshu');
INSERT INTO city_island VALUES ('Fukushima_Fukushima_J', 'Honshu');
INSERT INTO city_island VALUES ('Mito_Ibaraki_J', 'Honshu');
INSERT INTO city_island VALUES ('Utsonomiya_Tochigi_J', 'Honshu');
INSERT INTO city_island VALUES ('Maebashi_Gumma_J', 'Honshu');
INSERT INTO city_island VALUES ('Urawa_Saitama_J', 'Honshu');
INSERT INTO city_island VALUES ('Chiba_Chiba_J', 'Honshu');
INSERT INTO city_island VALUES ('Tokyo_Tokyo_J', 'Honshu');
INSERT INTO city_island VALUES ('Yokohama_Kanagawa_J', 'Honshu');
INSERT INTO city_island VALUES ('Kawasaki_Kanagawa_J', 'Honshu');
INSERT INTO city_island VALUES ('Niigata_Niigata_J', 'Honshu');
INSERT INTO city_island VALUES ('Toyama_Toyama_J', 'Honshu');
INSERT INTO city_island VALUES ('Kanazawa_Ishikawa_J', 'Honshu');
INSERT INTO city_island VALUES ('Fukui_Fukui_J', 'Honshu');
INSERT INTO city_island VALUES ('Kofu_Yamanashi_J', 'Honshu');
INSERT INTO city_island VALUES ('Nagano_Nagano_J', 'Honshu');
INSERT INTO city_island VALUES ('Gifu_Gifu_J', 'Honshu');
INSERT INTO city_island VALUES ('Shizuoka_Shizuoka_J', 'Honshu');
INSERT INTO city_island VALUES ('Nagoya_Aichi_J', 'Honshu');
INSERT INTO city_island VALUES ('Tsu_Mie_J', 'Honshu');
INSERT INTO city_island VALUES ('Otsu_Shiga_J', 'Honshu');
INSERT INTO city_island VALUES ('Kyoto_Kyoto_J', 'Honshu');
INSERT INTO city_island VALUES ('Osaka_Osaka_J', 'Honshu');
INSERT INTO city_island VALUES ('Kobe_Hyogo_J', 'Honshu');
INSERT INTO city_island VALUES ('Nara_Nara_J', 'Honshu');
INSERT INTO city_island VALUES ('Wakayama_Wakayama_J', 'Honshu');
INSERT INTO city_island VALUES ('Tottori_Tottori_J', 'Honshu');
INSERT INTO city_island VALUES ('Matsue_Shimane_J', 'Honshu');
INSERT INTO city_island VALUES ('Okayama_Okayama_J', 'Honshu');
INSERT INTO city_island VALUES ('Hiroshima_Hiroshima_J', 'Honshu');
INSERT INTO city_island VALUES ('Yamaguchi_Yamaguchi_J', 'Honshu');
INSERT INTO city_island VALUES ('Tokushima_Tokushima_J', 'Shikoku');
INSERT INTO city_island VALUES ('Takamatsu_Kagawa_J', 'Shikoku');
INSERT INTO city_island VALUES ('Matsuyama_Ehime_J', 'Shikoku');
INSERT INTO city_island VALUES ('Kochi_Kochi_J', 'Shikoku');
INSERT INTO city_island VALUES ('Fukuoka_Fukuoka_J', 'Kyushu');
INSERT INTO city_island VALUES ('Kita Kyushu_Fukuoka_J', 'Kyushu');
INSERT INTO city_island VALUES ('Saga_Saga_J', 'Kyushu');
INSERT INTO city_island VALUES ('Nagasaki_Nagasaki_J', 'Kyushu');
INSERT INTO city_island VALUES ('Kumamoto_Kumamoto_J', 'Kyushu');
INSERT INTO city_island VALUES ('Oita_Oita_J', 'Kyushu');
INSERT INTO city_island VALUES ('Miyazaki_Miyazaki_J', 'Kyushu');
INSERT INTO city_island VALUES ('Kagoshima_Kagoshima_J', 'Kyushu');
INSERT INTO city_island VALUES ('Naha_Okinawa_J', 'Okinawa');
INSERT INTO city_island VALUES ('Male_Maldives_MV', 'Male');
INSERT INTO city_island VALUES ('Manila_Philippines_RP', 'Luzon');
INSERT INTO city_island VALUES ('Quezon_Philippines_RP', 'Luzon');
INSERT INTO city_island VALUES ('Kalookan_Philippines_RP', 'Luzon');
INSERT INTO city_island VALUES ('Davao_Philippines_RP', 'Mindanao');
INSERT INTO city_island VALUES ('Cebu_Philippines_RP', 'Cebu');
INSERT INTO city_island VALUES ('Zamboanga_Philippines_RP', 'Mindanao');
INSERT INTO city_island VALUES ('Makati_Philippines_RP', 'Luzon');
INSERT INTO city_island VALUES ('Pasig_Philippines_RP', 'Luzon');
INSERT INTO city_island VALUES ('Cagayan de Oro_Philippines_RP', 'Mindanao');
INSERT INTO city_island VALUES ('Pasay_Philippines_RP', 'Luzon');
INSERT INTO city_island VALUES ('Singapore_Singapore_SGP', 'Singapore');
INSERT INTO city_island VALUES ('Colombo_Sri Lanka_CL', 'Sri Lanka');
INSERT INTO city_island VALUES ('Changhua_Taiwan_RC', 'Taiwan');
INSERT INTO city_island VALUES ('Hualien_Taiwan_RC', 'Taiwan');
INSERT INTO city_island VALUES ('Fengshan_Taiwan_RC', 'Taiwan');
INSERT INTO city_island VALUES ('Pingtung_Taiwan_RC', 'Taiwan');
INSERT INTO city_island VALUES ('Fengyuan_Taiwan_RC', 'Taiwan');
INSERT INTO city_island VALUES ('Panchiao_Taiwan_RC', 'Taiwan');
INSERT INTO city_island VALUES ('Chungho_Taiwan_RC', 'Taiwan');
INSERT INTO city_island VALUES ('Sanchuung_Taiwan_RC', 'Taiwan');
INSERT INTO city_island VALUES ('Hsinchuang_Taiwan_RC', 'Taiwan');
INSERT INTO city_island VALUES ('Yungho_Taiwan_RC', 'Taiwan');
INSERT INTO city_island VALUES ('Hsintien_Taiwan_RC', 'Taiwan');
INSERT INTO city_island VALUES ('Taitung_Taiwan_RC', 'Taiwan');
INSERT INTO city_island VALUES ('Taoyuan_Taiwan_RC', 'Taiwan');
INSERT INTO city_island VALUES ('Chungli_Taiwan_RC', 'Taiwan');
INSERT INTO city_island VALUES ('Chiai_Taiwan_RC', 'Taiwan');
INSERT INTO city_island VALUES ('Chilung_Taiwan_RC', 'Taiwan');
INSERT INTO city_island VALUES ('Hsinchu_Taiwan_RC', 'Taiwan');
INSERT INTO city_island VALUES ('Kaohsiung_Taiwan_RC', 'Taiwan');
INSERT INTO city_island VALUES ('Taichung_Taiwan_RC', 'Taiwan');
INSERT INTO city_island VALUES ('Tainan_Taiwan_RC', 'Taiwan');
INSERT INTO city_island VALUES ('Taipei_Taiwan_RC', 'Taiwan');
INSERT INTO city_island VALUES ('The Valley_Anguilla_AXA', 'Anguilla');
INSERT INTO city_island VALUES ('Saint Johns_Antigua and Barbuda_AG', 'Antigua');
INSERT INTO city_island VALUES ('Oranjestad_Aruba_ARU', 'Aruba');
INSERT INTO city_island VALUES ('Nassau_Bahamas_BS', 'New Providence');
INSERT INTO city_island VALUES ('Bridgetown_Barbados_BDS', 'Barbados');
INSERT INTO city_island VALUES ('Hamilton_Bermuda_BERM', 'Grand Bermuda');
INSERT INTO city_island VALUES ('Road Town_British Virgin Islands_BVIR', 'Tortola');
INSERT INTO city_island VALUES ('Victoria_British Columbia_CDN', 'Vancouver Island');
INSERT INTO city_island VALUES ('Saint Johns_Newfoundland_CDN', 'Newfoundland');
INSERT INTO city_island VALUES ('George Town_Cayman Islands_CAYM', 'Grand Cayman');
INSERT INTO city_island VALUES ('Camaguey_Camaguey_C', 'Cuba');
INSERT INTO city_island VALUES ('Ciego de Avila_Ciego de Avila_C', 'Cuba');
INSERT INTO city_island VALUES ('Cienfuegos_Cienfuegos_C', 'Cuba');
INSERT INTO city_island VALUES ('Havana_Ciudad de la Habana_C', 'Cuba');
INSERT INTO city_island VALUES ('Bayamo_Granma_C', 'Cuba');
INSERT INTO city_island VALUES ('Manzanillo_Granma_C', 'Cuba');
INSERT INTO city_island VALUES ('Guantanamo_Guantanamo_C', 'Cuba');
INSERT INTO city_island VALUES ('Holguin_Holguin_C', 'Cuba');
INSERT INTO city_island VALUES ('Victoria de las Tunas_Las Tunas_C', 'Cuba');
INSERT INTO city_island VALUES ('Matanzas_Matanzas_C', 'Cuba');
INSERT INTO city_island VALUES ('Pinar del Rio_Pinar del Rio_C', 'Cuba');
INSERT INTO city_island VALUES ('Sancti Spiritus_Sancti Spiritus_C', 'Cuba');
INSERT INTO city_island VALUES ('Santiago de Cuba_Santiago de Cuba_C', 'Cuba');
INSERT INTO city_island VALUES ('Santa Clara_Villa Clara_C', 'Cuba');
INSERT INTO city_island VALUES ('Nueva Gerona_Isla de la Juventud_C', 'Cuba');
INSERT INTO city_island VALUES ('Roseau_Dominica_WD', 'Dominica');
INSERT INTO city_island VALUES ('Santo Domingo_Dominican Republic_DOM', 'Hispaniola');
INSERT INTO city_island VALUES ('Port-au-Prince_Haiti_RH', 'Hispaniola');
INSERT INTO city_island VALUES ('Nuuk_Greenland_GROX', 'Greenland');
INSERT INTO city_island VALUES ('Saint Georges_Grenada_WG', 'Grenada');
INSERT INTO city_island VALUES ('Basse-Terre_Guadeloupe_GUAD', 'Basse-Terre');
INSERT INTO city_island VALUES ('Kingston_Jamaica_JA', 'Jamaica');
INSERT INTO city_island VALUES ('Fort-de-France_Martinique_MART', 'Martinique');
INSERT INTO city_island VALUES ('Plymouth_Montserrat_MNTS', 'Montserrat');
INSERT INTO city_island VALUES ('Willemstad_Netherlands Antilles_NA', 'Curacao');
INSERT INTO city_island VALUES ('Marigot_Saint Martin_SMAR', 'St. Martin');
INSERT INTO city_island VALUES ('San Juan_Puerto Rico_PR', 'Puerto Rico');
INSERT INTO city_island VALUES ('Basseterre_Saint Kitts and Nevis_KN', 'Saint Kitts');
INSERT INTO city_island VALUES ('Castries_Saint Lucia_WL', 'Saint Lucia');
INSERT INTO city_island VALUES ('Saint-Pierre_Saint Pierre and Miquelon_SPMI', 'Saint Pierre');
INSERT INTO city_island VALUES ('Kingstown_Saint Vincent and the Grenadines_WV', 'Saint Vincent');
INSERT INTO city_island VALUES ('Port-of-Spain_Trinidad and Tobago_TT', 'Trinidad');
INSERT INTO city_island VALUES ('Grand Turk_Turks and Caicos Islands_TUCA', 'Grand Turk');
INSERT INTO city_island VALUES ('Charlotte Amalie_Virgin Islands_VIRG', 'Saint Thomas');
INSERT INTO city_island VALUES ('Pago Pago_American Samoa_AMSA', 'Tutuila');
INSERT INTO city_island VALUES ('Hobart_Tasmania_AUS', 'Tasmania');
INSERT INTO city_island VALUES ('Avarua_Cook Islands_COOK', 'Rarotonga');
INSERT INTO city_island VALUES ('Suva_Fiji_FJI', 'Viti Levu');
INSERT INTO city_island VALUES ('Papeete_French Polynesia_FPOL', 'Tahiti');
INSERT INTO city_island VALUES ('Agana_Guam_GUAM', 'Guam');
INSERT INTO city_island VALUES ('Dededo_Guam_GUAM', 'Guam');
INSERT INTO city_island VALUES ('Tarawa_Kiribati_KIR', 'Tarawa');
INSERT INTO city_island VALUES ('Majuro_Marshall Islands_MH', 'Majuro');
INSERT INTO city_island VALUES ('Kolonia_Micronesia_FSM', 'Ponape');
INSERT INTO city_island VALUES ('Palikir_Micronesia_FSM', 'Ponape');
INSERT INTO city_island VALUES ('Yaren_Nauru_NAU', 'Nauru');
INSERT INTO city_island VALUES ('Noumea_New Caledonia_NCA', 'Grande Terre');
INSERT INTO city_island VALUES ('Wellington_New Zealand_NZ', 'Te Ika-a-Maui (North Island)');
INSERT INTO city_island VALUES ('Auckland_New Zealand_NZ', 'Te Ika-a-Maui (North Island)');
INSERT INTO city_island VALUES ('Christchurch_New Zealand_NZ', 'Te Waka-a-Maui (South Island)');
INSERT INTO city_island VALUES ('Alofi_Niue_NIUE', 'Niue');
INSERT INTO city_island VALUES ('Kingston_Norfolk Island_NORF', 'Norfolk Island');
INSERT INTO city_island VALUES ('Saipan_Northern Mariana Islands_NMIS', 'Saipan');
INSERT INTO city_island VALUES ('Koror_Palau_PAL', 'Koror');
INSERT INTO city_island VALUES ('Melekeok_Palau_PAL', 'Babelthuap');
INSERT INTO city_island VALUES ('Adamstown_Pitcairn Islands_PITC', 'Pitcairn');
INSERT INTO city_island VALUES ('Honiara_Solomon Islands_SLB', 'Guadalcanal');
INSERT INTO city_island VALUES ('Nukualofa_Tonga_TO', 'Tongatapu');
INSERT INTO city_island VALUES ('Funafuti_Tuvalu_TUV', 'Fongafale');
INSERT INTO city_island VALUES ('Port-Vila_Vanuatu_VU', 'Efate');
INSERT INTO city_island VALUES ('Mata-Utu_Wallis and Futuna_WAFU', 'Uvea');
INSERT INTO city_island VALUES ('Apia_Samoa_WS', 'Upolu');
INSERT INTO city_island VALUES ('Stanley_Falkland Islands_FALK', 'East Falkland');
INSERT INTO city_island VALUES ('Malabo_Equatorial Guinea_GQ', 'Bioko');
INSERT INTO city_island VALUES ('Praia_Cape Verde_CV', 'Santiago');
INSERT INTO city_island VALUES ('Moroni_Comoros_COM', 'Grand Comoro');
INSERT INTO city_island VALUES ('Antsiranana_Antsiranana_RM', 'Madagaskar');
INSERT INTO city_island VALUES ('Antananarivo_Antananarivo_RM', 'Madagaskar');
INSERT INTO city_island VALUES ('Antsirabe_Antananarivo_RM', 'Madagaskar');
INSERT INTO city_island VALUES ('Fianarantsoa_Fianarantsoa_RM', 'Madagaskar');
INSERT INTO city_island VALUES ('Majunga_Mahajanga_RM', 'Madagaskar');
INSERT INTO city_island VALUES ('Tamatave_Toamasina_RM', 'Madagaskar');
INSERT INTO city_island VALUES ('Toliara_Toliara_RM', 'Madagaskar');
INSERT INTO city_island VALUES ('Port Louis_Mauritius_MS', 'Mauritius');
INSERT INTO city_island VALUES ('Mamoutzou_Mayotte_MAYO', 'Mayotte');
INSERT INTO city_island VALUES ('Saint-Denis_Reunion_REUN', 'Reunion');
INSERT INTO city_island VALUES ('Jamestown_Saint Helena_HELX', 'Saint Helena');
INSERT INTO city_island VALUES ('Sao Tome_Sao Tome and Principe_STP', 'Sao Tome');
INSERT INTO city_island VALUES ('Victoria_Seychelles_SY', 'Mahe');
INSERT INTO lake VALUES ('Inari', 1040, 92, 119);
INSERT INTO lake VALUES ('Oulujaervi', 928, 35, 123);
INSERT INTO lake VALUES ('Kallavesi', 472, NULL, NULL);
INSERT INTO lake VALUES ('Saimaa', 4370, 85, 76);
INSERT INTO lake VALUES ('Paeijaenne', 1118, 95, 78);
INSERT INTO lake VALUES ('Mjoesa-See', 368, 449, 123);
INSERT INTO lake VALUES ('Storuman', 173, 139, 419);
INSERT INTO lake VALUES ('Siljan', 290, 134, 161);
INSERT INTO lake VALUES ('Maelaren', 1140, 66, 0.7);
INSERT INTO lake VALUES ('Vaenern', 5648, 106, 44);
INSERT INTO lake VALUES ('Vaettern', 1900, 119, 88);
INSERT INTO lake VALUES ('Arresoe', 40.2, 5.6, NULL);
INSERT INTO lake VALUES ('Loch Ness', 56, 226, 16);
INSERT INTO lake VALUES ('Loch Lomond', 71, 190, 7.9);
INSERT INTO lake VALUES ('Bodensee', 538.5, 254, 395);
INSERT INTO lake VALUES ('Chiemsee', 80, 73, 518);
INSERT INTO lake VALUES ('Starnberger See', 56.36, 127.7, 584);
INSERT INTO lake VALUES ('Ammersee', 46.6, 81.1, 533);
INSERT INTO lake VALUES ('Laacher Maar', 3.3, 53, 275);
INSERT INTO lake VALUES ('Lac Leman', 581, 310, 372);
INSERT INTO lake VALUES ('Zurichsee', 88, 136, 406);
INSERT INTO lake VALUES ('Thunersee', 48.3, 217, 558);
INSERT INTO lake VALUES ('Brienzersee', 29.8, 260, 564);
INSERT INTO lake VALUES ('Vierwaldstattersee', 113.7, 214, 434);
INSERT INTO lake VALUES ('Lago di Garda ', 370, 346, 65);
INSERT INTO lake VALUES ('Lago Maggiore', 216, 372, 193);
INSERT INTO lake VALUES ('Lago di Como', 146, 425, 197);
INSERT INTO lake VALUES ('Lago Trasimeno', 128, 7, 259);
INSERT INTO lake VALUES ('Lago di Bolsena', 114, 151, 335);
INSERT INTO lake VALUES ('Lago di Bracciano', 57, 160, 164);
INSERT INTO lake VALUES ('Neusiedlersee', 320, 1.8, 115.5);
INSERT INTO lake VALUES ('Balaton', 594, 12.5, 104);
INSERT INTO lake VALUES ('Lake Skutari', 368, 44, 7);
INSERT INTO lake VALUES ('Lake Prespa', 273, 54, 849);
INSERT INTO lake VALUES ('Lake Ohrid', 367, 289, 695);
INSERT INTO lake VALUES ('Dead Sea', 41650, 378, -422);
INSERT INTO lake VALUES ('Lake Genezareth', 165, 46, -212);
INSERT INTO lake VALUES ('Lake Van', 3740, 457, 1719);
INSERT INTO lake VALUES ('Lake Keban', 675, NULL, NULL);
INSERT INTO lake VALUES ('Lake Urmia', 5470, 7, 1280);
INSERT INTO lake VALUES ('Daryacheh ye Namak', 1800, 1, 790);
INSERT INTO lake VALUES ('Hamun e Jaz Murian', 1600, NULL, 500);
INSERT INTO lake VALUES ('Caspian Sea', 386400, 995, -28);
INSERT INTO lake VALUES ('Ozero Aral', 17160, 35, 31);
INSERT INTO lake VALUES ('Ozero Balchash', 18428, 26, 342);
INSERT INTO lake VALUES ('Issyk-Kul', 6236, 668, 1609);
INSERT INTO lake VALUES ('Lop Nor', 5000, 0, 780);
INSERT INTO lake VALUES ('Lake Toba', 1103, 505, 905);
INSERT INTO lake VALUES ('Ozero Ladoga', 18400, 225, 4);
INSERT INTO lake VALUES ('Ozero Onega', 9.616, 127, 33);
INSERT INTO lake VALUES ('Ozero Pskovskoje', 3555, 14.6, 30);
INSERT INTO lake VALUES ('Ozero Baikal', 31492, 1637, 455);
INSERT INTO lake VALUES ('Ozero Taimyr', 4560, 26, 5);
INSERT INTO lake VALUES ('Ozero Chanka', 4400, NULL, NULL);
INSERT INTO lake VALUES ('Ozero Tschany', 2500, 106, 10);
INSERT INTO lake VALUES ('Qinghai Lake', 4583, NULL, 3195);
INSERT INTO lake VALUES ('Nam Co', 1855, 125, 4718);
INSERT INTO lake VALUES ('Lake Nasser', 5250, 180, 183);
INSERT INTO lake VALUES ('Lake Volta', 8502, 130, NULL);
INSERT INTO lake VALUES ('Lake Bosumtwi', 49, 81, 107);
INSERT INTO lake VALUES ('Lake Kainji', 1243, NULL, NULL);
INSERT INTO lake VALUES ('Chad Lake', 23000, 7, 250);
INSERT INTO lake VALUES ('Barrage de Mbakaou', NULL, NULL, NULL);
INSERT INTO lake VALUES ('Lake Nyos', NULL, 208, NULL);
INSERT INTO lake VALUES ('Lac Assal', 54, NULL, -155);
INSERT INTO lake VALUES ('Lake Abbe', 320, 37, 243);
INSERT INTO lake VALUES ('Lake Abaya', 1285, 13, 619);
INSERT INTO lake VALUES ('Chew Bahir', 800, 7.5, 520);
INSERT INTO lake VALUES ('Lake Turkana', 6405, 73, 375);
INSERT INTO lake VALUES ('Lake Tana', 3000, 14, 1830);
INSERT INTO lake VALUES ('Lake Sese Seko/Albertsee', 5347, 48, 619);
INSERT INTO lake VALUES ('Rutanzige/Eduardsee', 2325, 112, 920);
INSERT INTO lake VALUES ('Lake Kioga', 1720, 5.7, 914);
INSERT INTO lake VALUES ('Lake Victoria', 68870, 85, 1134);
INSERT INTO lake VALUES ('Lake Kivu', 2650, 450, 1462);
INSERT INTO lake VALUES ('Lake Tanganjika', 32893, 1470, 782);
INSERT INTO lake VALUES ('Lake Mweru', 5120, 27, 931);
INSERT INTO lake VALUES ('Lake Bangweulu', 10000, 4, 1140);
INSERT INTO lake VALUES ('Lake Rukwa', 5760, 5, 800);
INSERT INTO lake VALUES ('Lake Eyasi', 1050, NULL, 1030);
INSERT INTO lake VALUES ('Lake Natron', 1040, 2, 600);
INSERT INTO lake VALUES ('Lake Malawi', 29600, 704, 474);
INSERT INTO lake VALUES ('Lake Chilwa', 687, 2, 474);
INSERT INTO lake VALUES ('Lake Mai Ndombe', 8200, 10, 300);
INSERT INTO lake VALUES ('Lake Cabora-Bassa', 2800, NULL, 326);
INSERT INTO lake VALUES ('Lake Kariba', 5580, 32, NULL);
INSERT INTO lake VALUES ('Lake Ngami', 770, 2, NULL);
INSERT INTO lake VALUES ('Etoscha Salt Pan', 6133, 0, 1000);
INSERT INTO lake VALUES ('Makarikari Salt Pan', 12000, 0, NULL);
INSERT INTO lake VALUES ('Great Bear Lake', 31792, 446, 156);
INSERT INTO lake VALUES ('Great Slave Lake', 28568, 614, 156);
INSERT INTO lake VALUES ('Atlin Lake', 798, 283, 668);
INSERT INTO lake VALUES ('Lake Winnipeg', 24420, 18, 218);
INSERT INTO lake VALUES ('Lake Nipigon', 4848, 165, 260);
INSERT INTO lake VALUES ('Lake Manicouagan', 1942, NULL, 350);
INSERT INTO lake VALUES ('Lake Ontario', 18960, 244, 75);
INSERT INTO lake VALUES ('Lake Erie', 25745, 64, 174);
INSERT INTO lake VALUES ('Lake Huron', 59600, 229, 176);
INSERT INTO lake VALUES ('Lake Manitou', 104, NULL, NULL);
INSERT INTO lake VALUES ('Lake Michigan', 57800, 281, 176);
INSERT INTO lake VALUES ('Lake Superior', 82103, 405, 184);
INSERT INTO lake VALUES ('Lake Champlain', 1130, 121, 30);
INSERT INTO lake VALUES ('Lake Winnipesaukee', 186, 55, 153);
INSERT INTO lake VALUES ('Lake Okeechobee', 1890, 4, NULL);
INSERT INTO lake VALUES ('Kentucky Lake', 648, NULL, NULL);
INSERT INTO lake VALUES ('Chickamauga Lake', 147, NULL, NULL);
INSERT INTO lake VALUES ('Franklin. D. Roosevelt Lake', 337, NULL, NULL);
INSERT INTO lake VALUES ('Crater Lake', 53.2, 594, 1883);
INSERT INTO lake VALUES ('Great Salt Lake', 4400, 10, 1279);
INSERT INTO lake VALUES ('Lake Tahoe', 497, 501, 1900);
INSERT INTO lake VALUES ('Pyramid Lake', 487, 108, 1155);
INSERT INTO lake VALUES ('Lake Powell', 645, 171, 1127);
INSERT INTO lake VALUES ('Lake Mead', 640, 180, 372);
INSERT INTO lake VALUES ('Fort Peck Lake', 981, 67, NULL);
INSERT INTO lake VALUES ('Lake Sakakawea', 1578, 55, NULL);
INSERT INTO lake VALUES ('Lake Oahe', 1453, NULL, NULL);
INSERT INTO lake VALUES ('Lago de Chapala', 1685, 12, 1520);
INSERT INTO lake VALUES ('Lake Nicaragua', 8157, 45, 31);
INSERT INTO lake VALUES ('Lake Managua', 1035, 20, 39);
INSERT INTO lake VALUES ('Lake Irazu', 1, NULL, 3200);
INSERT INTO lake VALUES ('Lake Maracaibo', 13000, 50, 0);
INSERT INTO lake VALUES ('Lago de Sobradinho', 4214, NULL, NULL);
INSERT INTO lake VALUES ('Lake Titicaca', 8372, 281, 3812);
INSERT INTO lake VALUES ('Poopo', 1340, 4, 3686);
INSERT INTO lake VALUES ('Salar de Uyuni', 10582, 0, 3650);
INSERT INTO lake VALUES ('Licancabur Crater Lake', 0.005, NULL, 5600);
INSERT INTO lake VALUES ('Laguna Mar Chiquita', 5770, 19, 71);
INSERT INTO lake VALUES ('Lake Eyre', 9500, 4, -17);
INSERT INTO lake VALUES ('Lake Burley Griffin', 6.64, NULL, 556);
INSERT INTO lake VALUES ('Lake Hume', 202, NULL, NULL);
INSERT INTO city_lake VALUES ('Luzern_Luzern_CH', 'Vierwaldstattersee');
INSERT INTO city_lake VALUES ('Shkoder_Albania_AL', 'Lake Skutari');
INSERT INTO city_lake VALUES ('Aqtau_Mangghystau_KAZ', 'Caspian Sea');
INSERT INTO city_lake VALUES ('Cleveland_Ohio_USA', 'Lake Erie');
INSERT INTO city_lake VALUES ('Bismarck_North Dakota_USA', 'Lake Oahe');
INSERT INTO city_lake VALUES ('Jonkoping_Jonkoping_S', 'Vaettern');
INSERT INTO city_lake VALUES ('Goma_Kivu_ZRE', 'Lake Kivu');
INSERT INTO city_lake VALUES ('Jyvaeskylae_Suomi_SF', 'Paeijaenne');
INSERT INTO city_lake VALUES ('Bregenz_Vorarlberg_A', 'Bodensee');
INSERT INTO city_lake VALUES ('Kuopio_Kuopio_SF', 'Kallavesi');
INSERT INTO city_lake VALUES ('Hamilton_Ontario_CDN', 'Lake Ontario');
INSERT INTO city_lake VALUES ('Lillehammer_Oppland_N', 'Mjoesa-See');
INSERT INTO city_lake VALUES ('Saint Catharines_Ontario_CDN', 'Lake Ontario');
INSERT INTO city_lake VALUES ('Yellowknife_Northwest Territories_CDN', 'Great Slave Lake');
INSERT INTO city_lake VALUES ('Milwaukee_Wisconsin_USA', 'Lake Michigan');
INSERT INTO city_lake VALUES ('Gary_Indiana_USA', 'Lake Michigan');
INSERT INTO city_lake VALUES ('Atyrau_Atyrau_KAZ', 'Caspian Sea');
INSERT INTO city_lake VALUES ('Zurich_Zurich_CH', 'Zurichsee');
INSERT INTO city_lake VALUES ('Erie_Pennsylvania_USA', 'Lake Erie');
INSERT INTO city_lake VALUES ('Pierre_South Dakota_USA', 'Lake Oahe');
INSERT INTO city_lake VALUES ('Canberra_Australia Capital Territory_AUS', 'Lake Burley Griffin');
INSERT INTO city_lake VALUES ('Stockholm_Stockholm_S', 'Maelaren');
INSERT INTO city_lake VALUES ('Bujumbura_Burundi_BI', 'Lake Tanganjika');
INSERT INTO city_lake VALUES ('Oshawa_Ontario_CDN', 'Lake Ontario');
INSERT INTO city_lake VALUES ('Hamar_Hedmark_N', 'Mjoesa-See');
INSERT INTO city_lake VALUES ('Thunder Bay_Ontario_CDN', 'Lake Superior');
INSERT INTO city_lake VALUES ('Toledo_Ohio_USA', 'Lake Erie');
INSERT INTO city_lake VALUES ('Mikkeli_Mikkeli_SF', 'Saimaa');
INSERT INTO city_lake VALUES ('Salt Lake City_Utah_USA', 'Great Salt Lake');
INSERT INTO city_lake VALUES ('Kalemie_Shaba/Katanga_ZRE', 'Lake Tanganjika');
INSERT INTO city_lake VALUES ('Vasteras_Vastmanland_S', 'Maelaren');
INSERT INTO city_lake VALUES ('Toronto_Ontario_CDN', 'Lake Ontario');
INSERT INTO city_lake VALUES ('Bukavu_Kivu_ZRE', 'Lake Kivu');
INSERT INTO city_lake VALUES ('Managua_Nicaragua_NIC', 'Lake Managua');
INSERT INTO city_lake VALUES ('Uvira_Kivu_ZRE', 'Lake Tanganjika');
INSERT INTO city_lake VALUES ('Granada_Nicaragua_NIC', 'Lake Nicaragua');
INSERT INTO city_lake VALUES ('Rochester_New York_USA', 'Lake Ontario');
INSERT INTO city_lake VALUES ('Lahti_Haeme_SF', 'Paeijaenne');
INSERT INTO city_lake VALUES ('Chicago_Illinois_USA', 'Lake Michigan');
INSERT INTO city_lake VALUES ('Vanersborg_Alvsborg_S', 'Vaenern');
INSERT INTO city_lake VALUES ('Baku_Azerbaijan_AZ', 'Caspian Sea');
INSERT INTO city_lake VALUES ('Geneva_Geneve_CH', 'Lac Leman');
INSERT INTO city_lake VALUES ('Maracaibo_Zulia_YV', 'Lake Maracaibo');
INSERT INTO city_lake VALUES ('Lausanne_Vaud_CH', 'Lac Leman');
INSERT INTO city_lake VALUES ('Lappeenrenta_Kymi_SF', 'Saimaa');
INSERT INTO city_lake VALUES ('Buffalo_New York_USA', 'Lake Erie');
INSERT INTO city_lake VALUES ('Kampala_Uganda_EAU', 'Lake Victoria');
INSERT INTO city_lake VALUES ('Mariestad_Skaraborg_S', 'Vaenern');
INSERT INTO city_lake VALUES ('Karlstad_Varmland_S', 'Vaenern');
INSERT INTO river VALUES ('Thjorsa', 230);
INSERT INTO river VALUES ('Joekulsa a Fjoellum', 206);
INSERT INTO river VALUES ('Glomma', 604);
INSERT INTO river VALUES ('Lagen', 322);
INSERT INTO river VALUES ('Goetaaelv', 93);
INSERT INTO river VALUES ('Klaraelv', 460);
INSERT INTO river VALUES ('Umeaelv', 470);
INSERT INTO river VALUES ('Dalaelv', 520);
INSERT INTO river VALUES ('Vaesterdalaelv', 320);
INSERT INTO river VALUES ('Oesterdalaelv', 241);
INSERT INTO river VALUES ('Paatsjoki', 145);
INSERT INTO river VALUES ('Ounasjoki', 300);
INSERT INTO river VALUES ('Kemijoki', 550);
INSERT INTO river VALUES ('Oulujoki', 107);
INSERT INTO river VALUES ('Kymijoki', 203);
INSERT INTO river VALUES ('Kokemaeenjoki', 121);
INSERT INTO river VALUES ('Vuoksi', 162);
INSERT INTO river VALUES ('Thames', 346);
INSERT INTO river VALUES ('Maas', 925);
INSERT INTO river VALUES ('Loire', 1013);
INSERT INTO river VALUES ('Garonne', 647);
INSERT INTO river VALUES ('Rhone', 812);
INSERT INTO river VALUES ('Saone', 480);
INSERT INTO river VALUES ('Doubs', 453);
INSERT INTO river VALUES ('Isere', 290);
INSERT INTO river VALUES ('Seine', 776);
INSERT INTO river VALUES ('Marne', 514);
INSERT INTO river VALUES ('Tajo', 1007);
INSERT INTO river VALUES ('Douro', 897);
INSERT INTO river VALUES ('Guadiana', 742);
INSERT INTO river VALUES ('Guadalquivir', 657);
INSERT INTO river VALUES ('Ebro', 925);
INSERT INTO river VALUES ('Po', 652);
INSERT INTO river VALUES ('Ticino', 248);
INSERT INTO river VALUES ('Adda', 313);
INSERT INTO river VALUES ('Mincio', 75);
INSERT INTO river VALUES ('Etsch', 415);
INSERT INTO river VALUES ('Tiber', 405);
INSERT INTO river VALUES ('Arno', 240);
INSERT INTO river VALUES ('Donau', 2845);
INSERT INTO river VALUES ('Breg', 45.9);
INSERT INTO river VALUES ('Brigach', 43);
INSERT INTO river VALUES ('Iller', 147);
INSERT INTO river VALUES ('Lech', 264);
INSERT INTO river VALUES ('Isar', 295);
INSERT INTO river VALUES ('Ammer', 168);
INSERT INTO river VALUES ('Wurm', 35);
INSERT INTO river VALUES ('Inn', 517);
INSERT INTO river VALUES ('Alz', 150);
INSERT INTO river VALUES ('Salzach', 225);
INSERT INTO river VALUES ('Enns', 254);
INSERT INTO river VALUES ('March', 358);
INSERT INTO river VALUES ('Raab', 250);
INSERT INTO river VALUES ('Waag', 403);
INSERT INTO river VALUES ('Drau', 749);
INSERT INTO river VALUES ('Mur', 453);
INSERT INTO river VALUES ('Theiss', 1308);
INSERT INTO river VALUES ('Save', 945);
INSERT INTO river VALUES ('Morava', 185);
INSERT INTO river VALUES ('Western Morava', 308);
INSERT INTO river VALUES ('Southern Morava', 295);
INSERT INTO river VALUES ('Olt', 615);
INSERT INTO river VALUES ('Pruth', 953);
INSERT INTO river VALUES ('Dnjestr', 1352);
INSERT INTO river VALUES ('Weser', 440);
INSERT INTO river VALUES ('Aller', 211);
INSERT INTO river VALUES ('Leine', 281);
INSERT INTO river VALUES ('Werra', 292);
INSERT INTO river VALUES ('Fulda', 221);
INSERT INTO river VALUES ('Elbe', 1091);
INSERT INTO river VALUES ('Moldau', 440);
INSERT INTO river VALUES ('Rhein', 1324);
INSERT INTO river VALUES ('Main', 524);
INSERT INTO river VALUES ('Mosel', 544);
INSERT INTO river VALUES ('Saar', 227);
INSERT INTO river VALUES ('Neckar', 367);
INSERT INTO river VALUES ('Aare', 288);
INSERT INTO river VALUES ('Reuss', 164);
INSERT INTO river VALUES ('Limmat', 36.3);
INSERT INTO river VALUES ('Oder', 866);
INSERT INTO river VALUES ('Weichsel', 1047);
INSERT INTO river VALUES ('Drin', 152);
INSERT INTO river VALUES ('White Drin', 175);
INSERT INTO river VALUES ('Black Drin', 133);
INSERT INTO river VALUES ('Jordan', 251);
INSERT INTO river VALUES ('Kura', 1364);
INSERT INTO river VALUES ('Schatt al Arab', 193);
INSERT INTO river VALUES ('Tigris', 1900);
INSERT INTO river VALUES ('Euphrat', 2736);
INSERT INTO river VALUES ('Murat', 720);
INSERT INTO river VALUES ('Karasu', 720);
INSERT INTO river VALUES ('Karun', 950);
INSERT INTO river VALUES ('Northern Dwina', 740);
INSERT INTO river VALUES ('Suchona', 558);
INSERT INTO river VALUES ('Petschora', 1809);
INSERT INTO river VALUES ('Newa', 74);
INSERT INTO river VALUES ('Swir', 224);
INSERT INTO river VALUES ('Narva', 78);
INSERT INTO river VALUES ('Western Dwina', 1020);
INSERT INTO river VALUES ('Volga', 3531);
INSERT INTO river VALUES ('Oka', 1480);
INSERT INTO river VALUES ('Don', 1870);
INSERT INTO river VALUES ('Dnepr', 2201);
INSERT INTO river VALUES ('Ural', 2428);
INSERT INTO river VALUES ('Ob', 3650);
INSERT INTO river VALUES ('Irtysch', 4248);
INSERT INTO river VALUES ('Tobol', 1591);
INSERT INTO river VALUES ('Ischim', 2450);
INSERT INTO river VALUES ('Katun', 688);
INSERT INTO river VALUES ('Jenissej', 4092);
INSERT INTO river VALUES ('Angara', 1779);
INSERT INTO river VALUES ('Chatanga', 1636);
INSERT INTO river VALUES ('Lena', 4400);
INSERT INTO river VALUES ('Amur', 2824);
INSERT INTO river VALUES ('Schilka', 560);
INSERT INTO river VALUES ('Argun', 1620);
INSERT INTO river VALUES ('Kolyma', 2129);
INSERT INTO river VALUES ('Syrdarja', 2129);
INSERT INTO river VALUES ('Naryn', 807);
INSERT INTO river VALUES ('Amudarja', 1415);
INSERT INTO river VALUES ('Pjandsh', 1125);
INSERT INTO river VALUES ('Hwangho', 4845);
INSERT INTO river VALUES ('Jangtse', 6380);
INSERT INTO river VALUES ('Mekong', 4350);
INSERT INTO river VALUES ('Saluen', 2980);
INSERT INTO river VALUES ('Irawaddy', 2170);
INSERT INTO river VALUES ('Ganges', 2511);
INSERT INTO river VALUES ('Brahmaputra', 2896);
INSERT INTO river VALUES ('Indus', 3180);
INSERT INTO river VALUES ('Asahan', 150);
INSERT INTO river VALUES ('Yukon River', 3185);
INSERT INTO river VALUES ('Mackenzie River', 1903);
INSERT INTO river VALUES ('Nelson River', 664);
INSERT INTO river VALUES ('Saskatchewan River', 1392);
INSERT INTO river VALUES ('Saint Lawrence River', 1197);
INSERT INTO river VALUES ('Niagara River', 58);
INSERT INTO river VALUES ('Detroit River', 200);
INSERT INTO river VALUES ('Manicouagan', 560);
INSERT INTO river VALUES ('Riviere Richelieu', 124);
INSERT INTO river VALUES ('Merrimack River', 177);
INSERT INTO river VALUES ('Connecticut River', 655);
INSERT INTO river VALUES ('Hudson River', 493);
INSERT INTO river VALUES ('Mississippi', 3778);
INSERT INTO river VALUES ('Missouri', 4130);
INSERT INTO river VALUES ('Arkansas', 2334);
INSERT INTO river VALUES ('Ohio River', 1579);
INSERT INTO river VALUES ('Allegheny River', 523);
INSERT INTO river VALUES ('Tennessee', 1049);
INSERT INTO river VALUES ('Columbia River', 1953);
INSERT INTO river VALUES ('Truckee River', 225);
INSERT INTO river VALUES ('Colorado', 2330);
INSERT INTO river VALUES ('Rio Grande', 3034);
INSERT INTO river VALUES ('Rio Lerma', 965);
INSERT INTO river VALUES ('Rio San Juan', 199);
INSERT INTO river VALUES ('Rio Desaguadero', 383);
INSERT INTO river VALUES ('Rio Magdalena', 1538);
INSERT INTO river VALUES ('Orinoco', 2140);
INSERT INTO river VALUES ('Amazonas', 6448);
INSERT INTO river VALUES ('Rio Negro', 2253);
INSERT INTO river VALUES ('Rio Madeira', 1450);
INSERT INTO river VALUES ('Rio Mamore', 1931);
INSERT INTO river VALUES ('Tocantins', 2640);
INSERT INTO river VALUES ('Rio Sao Francisco', 2830);
INSERT INTO river VALUES ('Parana', 3998);
INSERT INTO river VALUES ('Paraguay', 2549);
INSERT INTO river VALUES ('Uruguay', 1790);
INSERT INTO river VALUES ('Gambia', 1120);
INSERT INTO river VALUES ('Senegal', 1430);
INSERT INTO river VALUES ('Volta', 1500);
INSERT INTO river VALUES ('Niger', 4184);
INSERT INTO river VALUES ('Bani', 430);
INSERT INTO river VALUES ('Benue', 1400);
INSERT INTO river VALUES ('Schari', 1400);
INSERT INTO river VALUES ('Nile', NULL);
INSERT INTO river VALUES ('Atbara', 1120);
INSERT INTO river VALUES ('Blue Nile', 1783);
INSERT INTO river VALUES ('White Nile', NULL);
INSERT INTO river VALUES ('Sobat', 740);
INSERT INTO river VALUES ('Pibor', NULL);
INSERT INTO river VALUES ('Baro', NULL);
INSERT INTO river VALUES ('Bahr el-Ghasal', 716);
INSERT INTO river VALUES ('Bahr el-Djebel/Albert-Nil', NULL);
INSERT INTO river VALUES ('Semliki', 230);
INSERT INTO river VALUES ('Victoria Nile', NULL);
INSERT INTO river VALUES ('Akagera', 275);
INSERT INTO river VALUES ('Jubba', 1658);
INSERT INTO river VALUES ('Shabelle', 1820);
INSERT INTO river VALUES ('Sanaga', 918);
INSERT INTO river VALUES ('Zaire', 4374);
INSERT INTO river VALUES ('Sanga', 530);
INSERT INTO river VALUES ('Ubangi', 1120);
INSERT INTO river VALUES ('Bomu', 280);
INSERT INTO river VALUES ('Uelle', 1130);
INSERT INTO river VALUES ('Kwa', 100);
INSERT INTO river VALUES ('Fimi', 200);
INSERT INTO river VALUES ('Lukenie', 900);
INSERT INTO river VALUES ('Kasai', 1983);
INSERT INTO river VALUES ('Cuango', 1100);
INSERT INTO river VALUES ('Cuilo', 970);
INSERT INTO river VALUES ('Ruki', 130);
INSERT INTO river VALUES ('Busira', 830);
INSERT INTO river VALUES ('Tshuapa', 1300);
INSERT INTO river VALUES ('Lulua', 970);
INSERT INTO river VALUES ('Lomami', 1450);
INSERT INTO river VALUES ('Aruwimi', 1287);
INSERT INTO river VALUES ('Lualaba', NULL);
INSERT INTO river VALUES ('Lukuga', 350);
INSERT INTO river VALUES ('Ruzizi', 104);
INSERT INTO river VALUES ('Luvua', 350);
INSERT INTO river VALUES ('Luapula', 300);
INSERT INTO river VALUES ('Zambezi', 2574);
INSERT INTO river VALUES ('Chire', 402);
INSERT INTO river VALUES ('Limpopo', 1750);
INSERT INTO river VALUES ('Oranje', 2160);
INSERT INTO river VALUES ('Vaal', 1251);
INSERT INTO river VALUES ('Murray River', 2589);
INSERT INTO river VALUES ('Darling River', 2739);
INSERT INTO river VALUES ('Murrumbidgee River', 1579);
INSERT INTO city_river VALUES ('Quebec_Quebec_CDN', 'Saint Lawrence River');
INSERT INTO city_river VALUES ('Louisville_Kentucky_USA', 'Ohio River');
INSERT INTO city_river VALUES ('Nancy_Lorraine_F', 'Mosel');
INSERT INTO city_river VALUES ('Cherkasy_Cherkaska_UA', 'Dnepr');
INSERT INTO city_river VALUES ('Tulsa_Oklahoma_USA', 'Arkansas');
INSERT INTO city_river VALUES ('Schaffhausen_Schaffhausen_CH', 'Rhein');
INSERT INTO city_river VALUES ('Uruguaiana_Rio Grande do Sul_BR', 'Uruguay');
INSERT INTO city_river VALUES ('Gauhati_Assam_IND', 'Brahmaputra');
INSERT INTO city_river VALUES ('Little Rock_Arkansas_USA', 'Arkansas');
INSERT INTO city_river VALUES ('Krefeld_Nordrhein Westfalen_D', 'Rhein');
INSERT INTO city_river VALUES ('Duisburg_Nordrhein Westfalen_D', 'Rhein');
INSERT INTO city_river VALUES ('Maanshan_Anhui_TJ', 'Jangtse');
INSERT INTO city_river VALUES ('Arkhangelsk_Arkhangelskaya oblast_R', 'Northern Dwina');
INSERT INTO city_river VALUES ('Graz_Steiermark_A', 'Mur');
INSERT INTO city_river VALUES ('Bremerhaven_Bremen_D', 'Weser');
INSERT INTO city_river VALUES ('Huangshi_Hubei_TJ', 'Jangtse');
INSERT INTO city_river VALUES ('ad Damir_ash Shamaliyah_SUD', 'Nile');
INSERT INTO city_river VALUES ('Volgograd_Volgogradskaya oblast_R', 'Volga');
INSERT INTO city_river VALUES ('Evansville_Indiana_USA', 'Ohio River');
INSERT INTO city_river VALUES ('Altdorf_Uri_CH', 'Reuss');
INSERT INTO city_river VALUES ('Vanersborg_Alvsborg_S', 'Goetaaelv');
INSERT INTO city_river VALUES ('Namangan_Namangan_UZB', 'Syrdarja');
INSERT INTO city_river VALUES ('Chalons en Champagne_Champagne Ardenne_F', 'Marne');
INSERT INTO city_river VALUES ('Gdansk_Gdanskie_PL', 'Weichsel');
INSERT INTO city_river VALUES ('Szolnok_Szolnok_H', 'Theiss');
INSERT INTO city_river VALUES ('Lanzhou_Gansu_TJ', 'Hwangho');
INSERT INTO city_river VALUES ('Kotka_Kymi_SF', 'Kymijoki');
INSERT INTO city_river VALUES ('Smolensk_Smolenskaya oblast_R', 'Dnepr');
INSERT INTO city_river VALUES ('Tbilisi_Georgia_GE', 'Kura');
INSERT INTO city_river VALUES ('Concordia_Entre Rios_RA', 'Uruguay');
INSERT INTO city_river VALUES ('Hyderabad_Pakistan_PK', 'Indus');
INSERT INTO city_river VALUES ('Dniprodzerzhynsk_Dnipropetrovska_UA', 'Dnepr');
INSERT INTO city_river VALUES ('Zaporizhzhya_Zaporizka_UA', 'Dnepr');
INSERT INTO city_river VALUES ('Porto Velho_Rondonia_BR', 'Rio Madeira');
INSERT INTO city_river VALUES ('Khartoum_al Khartum_SUD', 'Nile');
INSERT INTO city_river VALUES ('St. Louis_Missouri_USA', 'Mississippi');
INSERT INTO city_river VALUES ('Al Kut_Wasit_IRQ', 'Tigris');
INSERT INTO city_river VALUES ('Oulu_Oulu_SF', 'Oulujoki');
INSERT INTO city_river VALUES ('Kansas City_Missouri_USA', 'Missouri');
INSERT INTO city_river VALUES ('Dhaka_Bangladesh_BD', 'Ganges');
INSERT INTO city_river VALUES ('Komsomolsk na Amure_Khabarovskiy kray_R', 'Amur');
INSERT INTO city_river VALUES ('Onitsha_Nigeria_WAN', 'Niger');
INSERT INTO city_river VALUES ('Rovaniemi_Lappia_SF', 'Kemijoki');
INSERT INTO city_river VALUES ('Matadi_Bas Zaire_ZRE', 'Zaire');
INSERT INTO city_river VALUES ('Ludwigshafen_Rheinland Pfalz_D', 'Rhein');
INSERT INTO city_river VALUES ('Brazzaville_Congo_RCB', 'Zaire');
INSERT INTO city_river VALUES ('Bonn_Nordrhein Westfalen_D', 'Rhein');
INSERT INTO city_river VALUES ('Saarbrucken_Saarland_D', 'Saar');
INSERT INTO city_river VALUES ('Miercurea Ciuc_Harghita_RO', 'Olt');
INSERT INTO city_river VALUES ('Macapa_Amapa_BR', 'Amazonas');
INSERT INTO city_river VALUES ('Asuncion_Paraguay_PY', 'Paraguay');
INSERT INTO city_river VALUES ('Hannover_Niedersachsen_D', 'Leine');
INSERT INTO city_river VALUES ('Nizhniy Novgorod_Nizhegorodskaya oblast_R', 'Volga');
INSERT INTO city_river VALUES ('St. Louis_Missouri_USA', 'Missouri');
INSERT INTO city_river VALUES ('Leticia_Amazonas_CO', 'Amazonas');
INSERT INTO city_river VALUES ('Ljubljana_Slovenia_SLO', 'Save');
INSERT INTO city_river VALUES ('Yaroslavl_Yaroslavskaya oblast_R', 'Volga');
INSERT INTO city_river VALUES ('Anqing_Anhui_TJ', 'Jangtse');
INSERT INTO city_river VALUES ('Mandalay_Mandalay_MYA', 'Irawaddy');
INSERT INTO city_river VALUES ('Memphis_Tennessee_USA', 'Mississippi');
INSERT INTO city_river VALUES ('Szczecin_Szczecinskie_PL', 'Oder');
INSERT INTO city_river VALUES ('Chita_Chitinskaya oblast_R', 'Schilka');
INSERT INTO city_river VALUES ('NDjamena_Chad_TCH', 'Schari');
INSERT INTO city_river VALUES ('Springfield_Massachusetts_USA', 'Connecticut River');
INSERT INTO city_river VALUES ('Sohag_Sohag_ET', 'Nile');
INSERT INTO city_river VALUES ('New York_New York_USA', 'Hudson River');
INSERT INTO city_river VALUES ('Kaifeng_Henan_TJ', 'Hwangho');
INSERT INTO city_river VALUES ('Arnhem_Gelderland_NL', 'Rhein');
INSERT INTO city_river VALUES ('Offenbach am Main_Hessen_D', 'Main');
INSERT INTO city_river VALUES ('Jefferson City_Missouri_USA', 'Missouri');
INSERT INTO city_river VALUES ('Reynosa_Tamaulipas_MEX', 'Rio Grande');
INSERT INTO city_river VALUES ('Logrono_Rioja_E', 'Ebro');
INSERT INTO city_river VALUES ('Samara_Samarskaya oblast_R', 'Volga');
INSERT INTO city_river VALUES ('Semey_Semey_KAZ', 'Irtysch');
INSERT INTO city_river VALUES ('Frankfurt am Main_Hessen_D', 'Main');
INSERT INTO city_river VALUES ('Usolye Sibirskoye_Irkutskaya oblast_R', 'Angara');
INSERT INTO city_river VALUES ('Magway_Magway_MYA', 'Irawaddy');
INSERT INTO city_river VALUES ('Can Tho_Vietnam_VN', 'Mekong');
INSERT INTO city_river VALUES ('Opole_Opolskie_PL', 'Oder');
INSERT INTO city_river VALUES ('Knoxville_Tennessee_USA', 'Tennessee');
INSERT INTO city_river VALUES ('Erzurum_Erzurum_TR', 'Karasu');
INSERT INTO city_river VALUES ('Geneva_Geneve_CH', 'Rhone');
INSERT INTO city_river VALUES ('Yueyang_Hunan_TJ', 'Jangtse');
INSERT INTO city_river VALUES ('Diwaniyah_Al Qadisiyah_IRQ', 'Euphrat');
INSERT INTO city_river VALUES ('Yibin_Sichuan_TJ', 'Jangtse');
INSERT INTO city_river VALUES ('Riga_Latvia_LV', 'Western Dwina');
INSERT INTO city_river VALUES ('Shashi_Hubei_TJ', 'Jangtse');
INSERT INTO city_river VALUES ('Yangzhou_Jiangsu_TJ', 'Jangtse');
INSERT INTO city_river VALUES ('Qena_Qena_ET', 'Nile');
INSERT INTO city_river VALUES ('Dnipropetrovsk_Dnipropetrovska_UA', 'Dnepr');
INSERT INTO city_river VALUES ('Boma_Bas Zaire_ZRE', 'Zaire');
INSERT INTO city_river VALUES ('Basel_Basel-Stadt_CH', 'Rhein');
INSERT INTO city_river VALUES ('Santa Fe_Santa Fe_RA', 'Parana');
INSERT INTO city_river VALUES ('Kremenchuk_Poltavska_UA', 'Dnepr');
INSERT INTO city_river VALUES ('Cincinnati_Ohio_USA', 'Ohio River');
INSERT INTO city_river VALUES ('Nizhniy Novgorod_Nizhegorodskaya oblast_R', 'Oka');
INSERT INTO city_river VALUES ('Serpukhov_Moskovskaya oblast_R', 'Oka');
INSERT INTO city_river VALUES ('Myitkyina_Kachin_MYA', 'Irawaddy');
INSERT INTO city_river VALUES ('Diyarbakir_Diyarbakir_TR', 'Tigris');
INSERT INTO city_river VALUES ('Omdurman_al Khartum_SUD', 'Nile');
INSERT INTO city_river VALUES ('Orleans_Centre_F', 'Loire');
INSERT INTO city_river VALUES ('Le Havre_Haute Normandie_F', 'Seine');
INSERT INTO city_river VALUES ('Ulm_Baden Wurttemberg_D', 'Donau');
INSERT INTO city_river VALUES ('Albuquerque_New Mexico_USA', 'Rio Grande');
INSERT INTO city_river VALUES ('Bratislava_Slovakia_SK', 'Donau');
INSERT INTO city_river VALUES ('Al Hillah_Babil_IRQ', 'Euphrat');
INSERT INTO city_river VALUES ('Wad Madani_Nil al Asraq_SUD', 'Blue Nile');
INSERT INTO city_river VALUES ('Moulmein_Mon_MYA', 'Saluen');
INSERT INTO city_river VALUES ('Belgrade_Serbia_SRB', 'Donau');
INSERT INTO city_river VALUES ('Puerto Inirida_Guainia_CO', 'Orinoco');
INSERT INTO city_river VALUES ('Kalemie_Shaba/Katanga_ZRE', 'Lukuga');
INSERT INTO city_river VALUES ('Kostroma_Kostromskaya oblast_R', 'Volga');
INSERT INTO city_river VALUES ('Cuzco_Cuzco_PE', 'Amazonas');
INSERT INTO city_river VALUES ('Mannheim_Baden Wurttemberg_D', 'Rhein');
INSERT INTO city_river VALUES ('Zhenjiang_Jiangsu_TJ', 'Jangtse');
INSERT INTO city_river VALUES ('Augsburg_Bayern_D', 'Lech');
INSERT INTO city_river VALUES ('Wiesbaden_Hessen_D', 'Main');
INSERT INTO city_river VALUES ('Mosul_Ninawa_IRQ', 'Tigris');
INSERT INTO city_river VALUES ('Pematang Siantar_Indonesia_RI', 'Asahan');
INSERT INTO city_river VALUES ('Portland_Oregon_USA', 'Columbia River');
INSERT INTO city_river VALUES ('Simbirsk_Ulyanovskaya oblast_R', 'Volga');
INSERT INTO city_river VALUES ('Tongling_Anhui_TJ', 'Jangtse');
INSERT INTO city_river VALUES ('Jiujiang_Jiangxi_TJ', 'Jangtse');
INSERT INTO city_river VALUES ('Vila Nova de Gaia_Porto_P', 'Douro');
INSERT INTO city_river VALUES ('Beni Suef_Beni Suef_ET', 'Nile');
INSERT INTO city_river VALUES ('Rybinsk_Yaroslavskaya oblast_R', 'Volga');
INSERT INTO city_river VALUES ('Changzhou_Jiangsu_TJ', 'Jangtse');
INSERT INTO city_river VALUES ('Montreal_Quebec_CDN', 'Saint Lawrence River');
INSERT INTO city_river VALUES ('Chattanooga_Tennessee_USA', 'Tennessee');
INSERT INTO city_river VALUES ('Hamburg_Hamburg_D', 'Elbe');
INSERT INTO city_river VALUES ('Nanjing_Jiangsu_TJ', 'Jangtse');
INSERT INTO city_river VALUES ('Ostrava_Severomoravsky_CZ', 'Oder');
INSERT INTO city_river VALUES ('Sfintu Gheorghe_Covasna_RO', 'Olt');
INSERT INTO city_river VALUES ('Mus_Mus_TR', 'Murat');
INSERT INTO city_river VALUES ('Reno_Nevada_USA', 'Truckee River');
INSERT INTO city_river VALUES ('Neiva_Huila_CO', 'Rio Magdalena');
INSERT INTO city_river VALUES ('Parana_Entre Rios_RA', 'Parana');
INSERT INTO city_river VALUES ('Chernivtsi_Chernivetska_UA', 'Pruth');
INSERT INTO city_river VALUES ('Koln_Nordrhein Westfalen_D', 'Rhein');
INSERT INTO city_river VALUES ('Khartoum North_al Khartum_SUD', 'Nile');
INSERT INTO city_river VALUES ('Yichang_Hubei_TJ', 'Jangtse');
INSERT INTO city_river VALUES ('Ar Ramadi_Al Anbar_IRQ', 'Euphrat');
INSERT INTO city_river VALUES ('Al Amarah_Maysan_IRQ', 'Tigris');
INSERT INTO city_river VALUES ('Yonkers_New York_USA', 'Hudson River');
INSERT INTO city_river VALUES ('Reading_Berkshire_GB', 'Thames');
INSERT INTO city_river VALUES ('London_Greater London_GB', 'Thames');
INSERT INTO city_river VALUES ('Magnitogorsk_Chelyabinskaya oblast_R', 'Ural');
INSERT INTO city_river VALUES ('Biysk_Altayskiy kray_R', 'Katun');
INSERT INTO city_river VALUES ('Manaus_Amazonas_BR', 'Rio Negro');
INSERT INTO city_river VALUES ('Kassel_Hessen_D', 'Fulda');
INSERT INTO city_river VALUES ('Bellinzona_Tessin_CH', 'Ticino');
INSERT INTO city_river VALUES ('Blagoveshchensk_Amurskaya oblast_R', 'Amur');
INSERT INTO city_river VALUES ('Oxford_Oxfordshire_GB', 'Thames');
INSERT INTO city_river VALUES ('Varanasi_Uttar Pradesh_IND', 'Ganges');
INSERT INTO city_river VALUES ('Ciudad Juarez_Chihuahua_MEX', 'Rio Grande');
INSERT INTO city_river VALUES ('Solothurn_Solothurn_CH', 'Aare');
INSERT INTO city_river VALUES ('Pierre_South Dakota_USA', 'Missouri');
INSERT INTO city_river VALUES ('Cordoba_Andalusia_E', 'Guadalquivir');
INSERT INTO city_river VALUES ('Mainz_Rheinland Pfalz_D', 'Rhein');
INSERT INTO city_river VALUES ('Yinchuan_Ningxia Huizu_TJ', 'Hwangho');
INSERT INTO city_river VALUES ('El Giza_El Giza_ET', 'Nile');
INSERT INTO city_river VALUES ('Kinshasa_Kinshasa_ZRE', 'Zaire');
INSERT INTO city_river VALUES ('Kolomna_Moskovskaya oblast_R', 'Oka');
INSERT INTO city_river VALUES ('Allahabad_Uttar Pradesh_IND', 'Ganges');
INSERT INTO city_river VALUES ('Ciudad Guayana_Bolivar_YV', 'Orinoco');
INSERT INTO city_river VALUES ('Kurgan_Kurganskaya oblast_R', 'Tobol');
INSERT INTO city_river VALUES ('El Uqsur_Qena_ET', 'Nile');
INSERT INTO city_river VALUES ('Guadalajara_Jalisco_MEX', 'Rio Lerma');
INSERT INTO city_river VALUES ('Aarau_Aargau_CH', 'Aare');
INSERT INTO city_river VALUES ('Namur_Namur_B', 'Maas');
INSERT INTO city_river VALUES ('Koblenz_Rheinland Pfalz_D', 'Mosel');
INSERT INTO city_river VALUES ('Piacenza_Emilia Romagna_I', 'Po');
INSERT INTO city_river VALUES ('Nantong_Jiangsu_TJ', 'Jangtse');
INSERT INTO city_river VALUES ('Saskatoon_Saskatchewan_CDN', 'Saskatchewan River');
INSERT INTO city_river VALUES ('Besancon_Franche Comte_F', 'Doubs');
INSERT INTO city_river VALUES ('Wolfsburg_Niedersachsen_D', 'Aller');
INSERT INTO city_river VALUES ('Shishou_Hubei_TJ', 'Jangtse');
INSERT INTO city_river VALUES ('Helwan_El Qahira_ET', 'Nile');
INSERT INTO city_river VALUES ('Zagreb_Croatia_HR', 'Save');
INSERT INTO city_river VALUES ('Bandundu_Bandundu_ZRE', 'Kasai');
INSERT INTO city_river VALUES ('Wiesbaden_Hessen_D', 'Rhein');
INSERT INTO city_river VALUES ('Olomouc_Severomoravsky_CZ', 'March');
INSERT INTO city_river VALUES ('Yakutsk_Rep. of Sakha_R', 'Lena');
INSERT INTO city_river VALUES ('Long Xuyen_Vietnam_VN', 'Mekong');
INSERT INTO city_river VALUES ('Omdurman_al Khartum_SUD', 'Blue Nile');
INSERT INTO city_river VALUES ('Linz_Oberosterreich_A', 'Donau');
INSERT INTO city_river VALUES ('Ryazan_Ryazanskaya oblast_R', 'Oka');
INSERT INTO city_river VALUES ('Karlstad_Varmland_S', 'Klaraelv');
INSERT INTO city_river VALUES ('Mbandaka_Equateur_ZRE', 'Zaire');
INSERT INTO city_river VALUES ('Karlsruhe_Baden Wurttemberg_D', 'Rhein');
INSERT INTO city_river VALUES ('Engels_Saratovskaya oblast_R', 'Volga');
INSERT INTO city_river VALUES ('Bydgoszcz_Bydgoskie_PL', 'Weichsel');
INSERT INTO city_river VALUES ('Abakan_Rep. of Khakassiya_R', 'Jenissej');
INSERT INTO city_river VALUES ('Bangui_Central African Republic_RCA', 'Ubangi');
INSERT INTO city_river VALUES ('Neuss_Nordrhein Westfalen_D', 'Rhein');
INSERT INTO city_river VALUES ('Kherson_Khersonska_UA', 'Dnepr');
INSERT INTO city_river VALUES ('Luzern_Luzern_CH', 'Reuss');
INSERT INTO city_river VALUES ('Qostanay_Qostanay_KAZ', 'Tobol');
INSERT INTO city_river VALUES ('Petropavl_Soltustik Qazaqstan_KAZ', 'Ischim');
INSERT INTO city_river VALUES ('Wurzburg_Bayern_D', 'Main');
INSERT INTO city_river VALUES ('Chur_Graubunden_CH', 'Rhein');
INSERT INTO city_river VALUES ('Balakovo_Saratovskaya oblast_R', 'Volga');
INSERT INTO city_river VALUES ('Bismarck_North Dakota_USA', 'Missouri');
INSERT INTO city_river VALUES ('Juba_al Istiwaiyah_SUD', 'Bahr el-Djebel/Albert-Nil');
INSERT INTO city_river VALUES ('Chongqing_Sichuan_TJ', 'Jangtse');
INSERT INTO city_river VALUES ('Detroit_Michigan_USA', 'Detroit River');
INSERT INTO city_river VALUES ('Bolzano_Trentino Alto Adige_I', 'Etsch');
INSERT INTO city_river VALUES ('Edmonton_Alberta_CDN', 'Saskatchewan River');
INSERT INTO city_river VALUES ('Bern_Bern_CH', 'Aare');
INSERT INTO city_river VALUES ('Khorramshahr_Khuzestan_IR', 'Karun');
INSERT INTO city_river VALUES ('Lyon_Rhone Alpes_F', 'Saone');
INSERT INTO city_river VALUES ('Erzincan_Erzincan_TR', 'Karasu');
INSERT INTO city_river VALUES ('Sukkur_Pakistan_PK', 'Indus');
INSERT INTO city_river VALUES ('Dusseldorf_Nordrhein Westfalen_D', 'Rhein');
INSERT INTO city_river VALUES ('Hartford_Connecticut_USA', 'Connecticut River');
INSERT INTO city_river VALUES ('Trento_Trentino Alto Adige_I', 'Etsch');
INSERT INTO city_river VALUES ('Barranquilla_Atlantico_CO', 'Rio Magdalena');
INSERT INTO city_river VALUES ('Huntsville_Alabama_USA', 'Tennessee');
INSERT INTO city_river VALUES ('Turin_Piemonte_I', 'Po');
INSERT INTO city_river VALUES ('Angarsk_Irkutskaya oblast_R', 'Angara');
INSERT INTO city_river VALUES ('Zhengzhou_Henan_TJ', 'Hwangho');
INSERT INTO city_river VALUES ('Qyzylorda_Qyzylorda_KAZ', 'Syrdarja');
INSERT INTO city_river VALUES ('Phnom Penh_Cambodia_K', 'Mekong');
INSERT INTO city_river VALUES ('Minneapolis_Minnesota_USA', 'Mississippi');
INSERT INTO city_river VALUES ('Garoua_Nord_CAM', 'Benue');
INSERT INTO city_river VALUES ('Pisa_Toscana_I', 'Arno');
INSERT INTO city_river VALUES ('Orenburg_Orenburgskaya oblast_R', 'Ural');
INSERT INTO city_river VALUES ('Heidelberg_Baden Wurttemberg_D', 'Neckar');
INSERT INTO city_river VALUES ('Maastricht_Limburg_NL', 'Maas');
INSERT INTO city_river VALUES ('Southend on Sea_Essex_GB', 'Thames');
INSERT INTO city_river VALUES ('Concord_New Hampshire_USA', 'Merrimack River');
INSERT INTO city_river VALUES ('Tshikapa_Kasai Occidental_ZRE', 'Kasai');
INSERT INTO city_river VALUES ('Rotterdam_Zuid Holland_NL', 'Rhein');
INSERT INTO city_river VALUES ('Corrientes_Corrientes_RA', 'Parana');
INSERT INTO city_river VALUES ('Belem_Para_BR', 'Tocantins');
INSERT INTO city_river VALUES ('Munich_Bayern_D', 'Isar');
INSERT INTO city_river VALUES ('Jinan_Shandong_TJ', 'Hwangho');
INSERT INTO city_river VALUES ('Rouen_Haute Normandie_F', 'Seine');
INSERT INTO city_river VALUES ('Luoyang_Henan_TJ', 'Hwangho');
INSERT INTO city_river VALUES ('Wuhan_Hubei_TJ', 'Jangtse');
INSERT INTO city_river VALUES ('Vienna_Vienna-Wien_A', 'Donau');
INSERT INTO city_river VALUES ('Lisbon_Lisbon_P', 'Tajo');
INSERT INTO city_river VALUES ('Goteborg_Goteborg och Bohus_S', 'Goetaaelv');
INSERT INTO city_river VALUES ('Cairo_El Qahira_ET', 'Nile');
INSERT INTO city_river VALUES ('Pathein_Ayeyarwady_MYA', 'Irawaddy');
INSERT INTO city_river VALUES ('Kikwit_Bandundu_ZRE', 'Cuilo');
INSERT INTO city_river VALUES ('Wroclaw_Wroclawskie_PL', 'Oder');
INSERT INTO city_river VALUES ('El Minya_El Minya_ET', 'Nile');
INSERT INTO city_river VALUES ('Sagaing_Sagaing_MYA', 'Irawaddy');
INSERT INTO city_river VALUES ('Iquitos_Loreto_PE', 'Amazonas');
INSERT INTO city_river VALUES ('Baton Rouge_Louisiana_USA', 'Mississippi');
INSERT INTO city_river VALUES ('Verona_Veneto_I', 'Etsch');
INSERT INTO city_river VALUES ('Mannheim_Baden Wurttemberg_D', 'Neckar');
INSERT INTO city_river VALUES ('Wuhu_Anhui_TJ', 'Jangtse');
INSERT INTO city_river VALUES ('Ingolstadt_Bayern_D', 'Donau');
INSERT INTO city_river VALUES ('Salzburg_Salzburg_A', 'Salzach');
INSERT INTO city_river VALUES ('Heilbronn_Baden Wurttemberg_D', 'Neckar');
INSERT INTO city_river VALUES ('Kazan_Rep. of Tatarstan_R', 'Volga');
INSERT INTO city_river VALUES ('An Najaf_An Najaf_IRQ', 'Euphrat');
INSERT INTO city_river VALUES ('Juazeiro_Bahia_BR', 'Rio Sao Francisco');
INSERT INTO city_river VALUES ('Xianning_Hubei_TJ', 'Jangtse');
INSERT INTO city_river VALUES ('Resistencia_Chaco_RA', 'Parana');
INSERT INTO city_river VALUES ('Manaus_Amazonas_BR', 'Amazonas');
INSERT INTO city_river VALUES ('Santarem_Santarem_P', 'Tajo');
INSERT INTO city_river VALUES ('Baotou_Nei Monggol_TJ', 'Hwangho');
INSERT INTO city_river VALUES ('Jersey City_New Jersey_USA', 'Hudson River');
INSERT INTO city_river VALUES ('Gottingen_Niedersachsen_D', 'Leine');
INSERT INTO city_river VALUES ('Braila_Braila_RO', 'Donau');
INSERT INTO city_river VALUES ('Canberra_Australia Capital Territory_AUS', 'Murrumbidgee River');
INSERT INTO city_river VALUES ('Zurich_Zurich_CH', 'Limmat');
INSERT INTO city_river VALUES ('Tver_Tverskaya oblast_R', 'Volga');
INSERT INTO city_river VALUES ('Stuttgart_Baden Wurttemberg_D', 'Neckar');
INSERT INTO city_river VALUES ('Aswan_Aswan_ET', 'Nile');
INSERT INTO city_river VALUES ('Grenoble_Rhone Alpes_F', 'Isere');
INSERT INTO city_river VALUES ('Rovaniemi_Lappia_SF', 'Ounasjoki');
INSERT INTO city_river VALUES ('Khorugh_Badakhshoni Kuni_TAD', 'Pjandsh');
INSERT INTO city_river VALUES ('Puerto Carreno_Vichada_CO', 'Orinoco');
INSERT INTO city_river VALUES ('Galati_Galati_RO', 'Donau');
INSERT INTO city_river VALUES ('Patna_Bihar_IND', 'Ganges');
INSERT INTO city_river VALUES ('Tours_Centre_F', 'Loire');
INSERT INTO city_river VALUES ('Vientiane_Laos_LAO', 'Mekong');
INSERT INTO city_river VALUES ('Khartoum_al Khartum_SUD', 'Blue Nile');
INSERT INTO city_river VALUES ('Independence_Missouri_USA', 'Missouri');
INSERT INTO city_river VALUES ('Paris_Ile de France_F', 'Seine');
INSERT INTO city_river VALUES ('Kansas City_Kansas_USA', 'Missouri');
INSERT INTO city_river VALUES ('Belgrade_Serbia_SRB', 'Save');
INSERT INTO city_river VALUES ('Astrakhan_Astrakhanskaya oblast_R', 'Volga');
INSERT INTO city_river VALUES ('Leverkusen_Nordrhein Westfalen_D', 'Rhein');
INSERT INTO city_river VALUES ('Szeged_Szeged (munic.)_H', 'Theiss');
INSERT INTO city_river VALUES ('Warsaw_Warszwaskie_PL', 'Weichsel');
INSERT INTO city_river VALUES ('Windsor_Ontario_CDN', 'Detroit River');
INSERT INTO city_river VALUES ('Barrancabermeja_Santander del Sur_CO', 'Rio Magdalena');
INSERT INTO city_river VALUES ('Buenos Aires_Distrito Federal_RA', 'Parana');
INSERT INTO city_river VALUES ('Zaragoza_Aragon_E', 'Ebro');
INSERT INTO city_river VALUES ('Toulouse_Midi Pyrenees_F', 'Garonne');
INSERT INTO city_river VALUES ('Rosario_Santa Fe_RA', 'Parana');
INSERT INTO city_river VALUES ('Baghdad_Baghdad_IRQ', 'Tigris');
INSERT INTO city_river VALUES ('Pittsburgh_Pennsylvania_USA', 'Ohio River');
INSERT INTO city_river VALUES ('Pavlodar_Pavlodar_KAZ', 'Irtysch');
INSERT INTO city_river VALUES ('Al Basrah_Al Basrah_IRQ', 'Schatt al Arab');
INSERT INTO city_river VALUES ('Pucallpa_Ucayali_PE', 'Amazonas');
INSERT INTO city_river VALUES ('Villeurbanne_Rhone Alpes_F', 'Rhone');
INSERT INTO city_river VALUES ('Omsk_Omskaya oblast_R', 'Irtysch');
INSERT INTO city_river VALUES ('Firenze_Toscana_I', 'Arno');
INSERT INTO city_river VALUES ('An Nasiriyah_Dhi Qar_IRQ', 'Euphrat');
INSERT INTO city_river VALUES ('Kananga_Kasai Occidental_ZRE', 'Lulua');
INSERT INTO city_river VALUES ('Pori_Turku-Pori_SF', 'Kokemaeenjoki');
INSERT INTO city_river VALUES ('Umea_Vasterbotten_S', 'Umeaelv');
INSERT INTO city_river VALUES ('Whitehorse_Yukon Territory_CDN', 'Yukon River');
INSERT INTO city_river VALUES ('Kyzyl_Rep. of Tyva_R', 'Jenissej');
INSERT INTO city_river VALUES ('Valladolid_Castile and Leon_E', 'Douro');
INSERT INTO city_river VALUES ('Dzerzhinsk_Nizhegorodskaya oblast_R', 'Oka');
INSERT INTO city_river VALUES ('Malakal_Aali an Nil_SUD', 'White Nile');
INSERT INTO city_river VALUES ('Sevilla_Andalusia_E', 'Guadalquivir');
INSERT INTO city_river VALUES ('Saratov_Saratovskaya oblast_R', 'Volga');
INSERT INTO city_river VALUES ('Kanpur_Uttar Pradesh_IND', 'Ganges');
INSERT INTO city_river VALUES ('Atyrau_Atyrau_KAZ', 'Ural');
INSERT INTO city_river VALUES ('Krakow_Krakowskie_PL', 'Weichsel');
INSERT INTO city_river VALUES ('As Samawah_Al Muthanna_IRQ', 'Euphrat');
INSERT INTO city_river VALUES ('Albany_New York_USA', 'Hudson River');
INSERT INTO city_river VALUES ('Formosa_Formosa_RA', 'Paraguay');
INSERT INTO city_river VALUES ('New Orleans_Louisiana_USA', 'Mississippi');
INSERT INTO city_river VALUES ('Niamey_Niger_RN', 'Niger');
INSERT INTO city_river VALUES ('Posadas_Misiones_RA', 'Parana');
INSERT INTO city_river VALUES ('Sion_Valais_CH', 'Rhone');
INSERT INTO city_river VALUES ('Tolyatti_Samarskaya oblast_R', 'Volga');
INSERT INTO city_river VALUES ('Xai Xai_Gaza_MOC', 'Limpopo');
INSERT INTO city_river VALUES ('Bratsk_Irkutskaya oblast_R', 'Angara');
INSERT INTO city_river VALUES ('Nantes_Pays de la Loire_F', 'Loire');
INSERT INTO city_river VALUES ('Krasnoyarsk_Krasnoyarskiy kray_R', 'Jenissej');
INSERT INTO city_river VALUES ('Banjul_Gambia_WAG', 'Gambia');
INSERT INTO city_river VALUES ('Nijmegen_Gelderland_NL', 'Rhein');
INSERT INTO city_river VALUES ('Ulm_Baden Wurttemberg_D', 'Iller');
INSERT INTO city_river VALUES ('Kiev_Kyyivska_UA', 'Dnepr');
INSERT INTO city_river VALUES ('Metz_Lorraine_F', 'Mosel');
INSERT INTO city_river VALUES ('Strasbourg_Alsace_F', 'Rhein');
INSERT INTO city_river VALUES ('Bamako_Mali_RMM', 'Niger');
INSERT INTO city_river VALUES ('Bandundu_Bandundu_ZRE', 'Kwa');
INSERT INTO city_river VALUES ('Slatina_Olt_RO', 'Olt');
INSERT INTO city_river VALUES ('St. Paul_Minnesota_USA', 'Mississippi');
INSERT INTO city_river VALUES ('Kaluga_Kaluzhskaya oblast_R', 'Oka');
INSERT INTO city_river VALUES ('Ust Ilimsk_Irkutskaya oblast_R', 'Angara');
INSERT INTO city_river VALUES ('Oral_Batys Qazaqstan_KAZ', 'Ural');
INSERT INTO city_river VALUES ('Bremen_Bremen_D', 'Weser');
INSERT INTO city_river VALUES ('Liege_Liege_B', 'Maas');
INSERT INTO city_river VALUES ('Rome_Lazio_I', 'Tiber');
INSERT INTO city_river VALUES ('Regensburg_Bayern_D', 'Donau');
INSERT INTO city_river VALUES ('Bratislava_Slovakia_SK', 'March');
INSERT INTO city_river VALUES ('Saint Louis_Saint Louis_SN', 'Senegal');
INSERT INTO city_river VALUES ('Innsbruck_Tirol_A', 'Inn');
INSERT INTO city_river VALUES ('Irkutsk_Irkutskaya oblast_R', 'Angara');
INSERT INTO city_river VALUES ('Khabarovsk_Khabarovskiy kray_R', 'Amur');
INSERT INTO city_river VALUES ('Luzhou_Sichuan_TJ', 'Jangtse');
INSERT INTO city_river VALUES ('Boulogne Billancourt_Ile de France_F', 'Seine');
INSERT INTO city_river VALUES ('Budapest_Budapest (munic.)_H', 'Donau');
INSERT INTO city_river VALUES ('Magdeburg_Sachsen Anhalt_D', 'Elbe');
INSERT INTO city_river VALUES ('Nuevo Laredo_Tamaulipas_MEX', 'Rio Grande');
INSERT INTO city_river VALUES ('Asyut_Asyut_ET', 'Nile');
INSERT INTO city_river VALUES ('Porto_Porto_P', 'Douro');
INSERT INTO city_river VALUES ('Wichita_Kansas_USA', 'Arkansas');
INSERT INTO city_river VALUES ('Dresden_Sachsen_D', 'Elbe');
INSERT INTO city_river VALUES ('Omaha_Nebraska_USA', 'Missouri');
INSERT INTO city_river VALUES ('Orsk_Orenburgskaya oblast_R', 'Ural');
INSERT INTO city_river VALUES ('Bordeaux_Aquitaine_F', 'Garonne');
INSERT INTO city_river VALUES ('Gyor_Gyor (munic.)_H', 'Raab');
INSERT INTO city_river VALUES ('Samarra_Salah ad Din_IRQ', 'Tigris');
INSERT INTO city_river VALUES ('El Paso_Texas_USA', 'Rio Grande');
INSERT INTO city_river VALUES ('Ciudad Bolivar_Bolivar_YV', 'Orinoco');
INSERT INTO city_river VALUES ('Koblenz_Rheinland Pfalz_D', 'Rhein');
INSERT INTO city_river VALUES ('Badajoz_Estremadura_E', 'Guadiana');
INSERT INTO sea VALUES ('Skagerrak', 725);
INSERT INTO sea VALUES ('Kattegat', 94);
INSERT INTO sea VALUES ('North Sea', 200);
INSERT INTO sea VALUES ('The Channel', 175);
INSERT INTO sea VALUES ('Black Sea', 2211);
INSERT INTO sea VALUES ('Sea of Azov', 100);
INSERT INTO sea VALUES ('Baltic Sea', 459);
INSERT INTO sea VALUES ('Atlantic Ocean', 9219);
INSERT INTO sea VALUES ('Mediterranean Sea', 5121);
INSERT INTO sea VALUES ('Gulf of Mexico', 4375);
INSERT INTO sea VALUES ('Norwegian Sea', 3860);
INSERT INTO sea VALUES ('Barents Sea', 32);
INSERT INTO sea VALUES ('Sibirian Sea', 540);
INSERT INTO sea VALUES ('Arctic Ocean', 5608);
INSERT INTO sea VALUES ('Bering Sea', 4096);
INSERT INTO sea VALUES ('Pacific Ocean', 11034);
INSERT INTO sea VALUES ('Sea of Okhotsk', 3372);
INSERT INTO sea VALUES ('Sea of Japan', 4036);
INSERT INTO sea VALUES ('Yellow Sea', 200);
INSERT INTO sea VALUES ('East China Sea', 2370);
INSERT INTO sea VALUES ('South China Sea', 5420);
INSERT INTO sea VALUES ('Persian Gulf', 102);
INSERT INTO sea VALUES ('Irish Sea', 272);
INSERT INTO sea VALUES ('Caribbean Sea', 7240);
INSERT INTO sea VALUES ('Indian Ocean', 6400);
INSERT INTO sea VALUES ('Arabian Sea', 5203);
INSERT INTO sea VALUES ('Gulf of Oman', 3350);
INSERT INTO sea VALUES ('Red Sea', 2635);
INSERT INTO sea VALUES ('Gulf of Aden', 5143);
INSERT INTO sea VALUES ('Gulf of Bengal', 4045);
INSERT INTO sea VALUES ('Andaman Sea', 3113);
INSERT INTO sea VALUES ('Malakka Strait', 104);
INSERT INTO sea VALUES ('Sunda Sea', 7440);
INSERT INTO sea VALUES ('Sulawesi Sea', 6218);
INSERT INTO city_sea VALUES ('Algier_Algeria_DZ', 'Mediterranean Sea');
INSERT INTO city_sea VALUES ('Hammerfest_Finnmark_N', 'Barents Sea');
INSERT INTO city_sea VALUES ('Abidjan_Cote dIvoire_CI', 'Atlantic Ocean');
INSERT INTO city_sea VALUES ('Kuwait_Kuwait_KWT', 'Persian Gulf');
INSERT INTO city_sea VALUES ('La Plata_Buenos Aires_RA', 'Atlantic Ocean');
INSERT INTO city_sea VALUES ('Longyearbyen_Svalbard_SVAX', 'Norwegian Sea');
INSERT INTO city_sea VALUES ('Probolinggo_Indonesia_RI', 'Sunda Sea');
INSERT INTO city_sea VALUES ('Majuro_Marshall Islands_MH', 'Pacific Ocean');
INSERT INTO city_sea VALUES ('Natal_Rio Grande do Norte_BR', 'Atlantic Ocean');
INSERT INTO city_sea VALUES ('San Diego_California_USA', 'Pacific Ocean');
INSERT INTO city_sea VALUES ('Charlottetown_Prince Edward Island_CDN', 'Atlantic Ocean');
INSERT INTO city_sea VALUES ('Jacksonville_Florida_USA', 'Atlantic Ocean');
INSERT INTO city_sea VALUES ('San Francisco_California_USA', 'Pacific Ocean');
INSERT INTO city_sea VALUES ('Fort-de-France_Martinique_MART', 'Caribbean Sea');
INSERT INTO city_sea VALUES ('Oslo_Oslo_N', 'Skagerrak');
INSERT INTO city_sea VALUES ('Valencia_Valencia_E', 'Mediterranean Sea');
INSERT INTO city_sea VALUES ('Saint-Pierre_Saint Pierre and Miquelon_SPMI', 'Atlantic Ocean');
INSERT INTO city_sea VALUES ('Ponta Delgada_Azores_P', 'Atlantic Ocean');
INSERT INTO city_sea VALUES ('Matsue_Shimane_J', 'Sea of Japan');
INSERT INTO city_sea VALUES ('Haifa_Haifa_IL', 'Mediterranean Sea');
INSERT INTO city_sea VALUES ('Goteborg_Goteborg och Bohus_S', 'Kattegat');
INSERT INTO city_sea VALUES ('Kingston_Norfolk Island_NORF', 'Pacific Ocean');
INSERT INTO city_sea VALUES ('Bur Said_Bur Said (munic.)_ET', 'Mediterranean Sea');
INSERT INTO city_sea VALUES ('Nagoya_Aichi_J', 'Pacific Ocean');
INSERT INTO city_sea VALUES ('Grand Turk_Turks and Caicos Islands_TUCA', 'Atlantic Ocean');
INSERT INTO city_sea VALUES ('Las Palmas de Gran Canaria_Canary Islands_E', 'Atlantic Ocean');
INSERT INTO city_sea VALUES ('Gdansk_Gdanskie_PL', 'Baltic Sea');
INSERT INTO city_sea VALUES ('Kristiansand_Vest Agder_N', 'Skagerrak');
INSERT INTO city_sea VALUES ('Toyama_Toyama_J', 'Sea of Japan');
INSERT INTO city_sea VALUES ('Melbourne_Victoria_AUS', 'Indian Ocean');
INSERT INTO city_sea VALUES ('Petropavlovsk Kamchatsky_Kamchatskaya oblast_R', 'Pacific Ocean');
INSERT INTO city_sea VALUES ('Suva_Fiji_FJI', 'Pacific Ocean');
INSERT INTO city_sea VALUES ('Mytilini_Voreion Aiyaion_GR', 'Mediterranean Sea');
INSERT INTO city_sea VALUES ('Tarawa_Kiribati_KIR', 'Pacific Ocean');
INSERT INTO city_sea VALUES ('Maputo_Maputo (munic.)_MOC', 'Indian Ocean');
INSERT INTO city_sea VALUES ('New Haven_Connecticut_USA', 'Atlantic Ocean');
INSERT INTO city_sea VALUES ('Bahia Blanca_Buenos Aires_RA', 'Atlantic Ocean');
INSERT INTO city_sea VALUES ('Chilung_Taiwan_RC', 'East China Sea');
INSERT INTO city_sea VALUES ('Patrai_Dhytiki Ellas_GR', 'Mediterranean Sea');
INSERT INTO city_sea VALUES ('Mata-Utu_Wallis and Futuna_WAFU', 'Pacific Ocean');
INSERT INTO city_sea VALUES ('Athens_Attiki_GR', 'Mediterranean Sea');
INSERT INTO city_sea VALUES ('Valletta_Malta_M', 'Mediterranean Sea');
INSERT INTO city_sea VALUES ('Cagayan de Oro_Philippines_RP', 'Sulawesi Sea');
INSERT INTO city_sea VALUES ('Freetown_Sierra Leone_WAL', 'Atlantic Ocean');
INSERT INTO city_sea VALUES ('Aomori_Aomori_J', 'Sea of Japan');
INSERT INTO city_sea VALUES ('Wakayama_Wakayama_J', 'Pacific Ocean');
INSERT INTO city_sea VALUES ('Ulsan_South Korea_ROK', 'Sea of Japan');
INSERT INTO city_sea VALUES ('Haeju_North Korea_NOK', 'Yellow Sea');
INSERT INTO city_sea VALUES ('Arendal_Aust Agder_N', 'Skagerrak');
INSERT INTO city_sea VALUES ('Dublin_Ireland_IRL', 'Irish Sea');
INSERT INTO city_sea VALUES ('Beirut_Lebanon_RL', 'Mediterranean Sea');
INSERT INTO city_sea VALUES ('Mar del Plata_Buenos Aires_RA', 'Atlantic Ocean');
INSERT INTO city_sea VALUES ('Halmstad_Halland_S', 'Kattegat');
INSERT INTO city_sea VALUES ('Coatzacoalcos_Veracruz_MEX', 'Gulf of Mexico');
INSERT INTO city_sea VALUES ('Stornoway_Outer Hebrides_GB', 'Atlantic Ocean');
INSERT INTO city_sea VALUES ('Sinpo_North Korea_NOK', 'Sea of Japan');
INSERT INTO city_sea VALUES ('Koror_Palau_PAL', 'Pacific Ocean');
INSERT INTO city_sea VALUES ('Rostock_Mecklenburg Vorpommern_D', 'Baltic Sea');
INSERT INTO city_sea VALUES ('Karlskrona_Blekinge_S', 'Baltic Sea');
INSERT INTO city_sea VALUES ('Puerto Lempira_Gracias a Dios_HCA', 'Caribbean Sea');
INSERT INTO city_sea VALUES ('Takamatsu_Kagawa_J', 'Pacific Ocean');
INSERT INTO city_sea VALUES ('Apia_Samoa_WS', 'Pacific Ocean');
INSERT INTO city_sea VALUES ('Paramaribo_Suriname_SME', 'Atlantic Ocean');
INSERT INTO city_sea VALUES ('Noumea_New Caledonia_NCA', 'Pacific Ocean');
INSERT INTO city_sea VALUES ('Manama_Bahrain_BRN', 'Persian Gulf');
INSERT INTO city_sea VALUES ('Nagasaki_Nagasaki_J', 'East China Sea');
INSERT INTO city_sea VALUES ('Albany_Western Australia_AUS', 'Indian Ocean');
INSERT INTO city_sea VALUES ('Port Louis_Mauritius_MS', 'Indian Ocean');
INSERT INTO city_sea VALUES ('Tegal_Indonesia_RI', 'Sunda Sea');
INSERT INTO city_sea VALUES ('Plymouth_Montserrat_MNTS', 'Caribbean Sea');
INSERT INTO city_sea VALUES ('Balikpapan_Indonesia_RI', 'Sunda Sea');
INSERT INTO city_sea VALUES ('Vaasa_Vaasa_SF', 'Baltic Sea');
INSERT INTO city_sea VALUES ('Wonsan_North Korea_NOK', 'Sea of Japan');
INSERT INTO city_sea VALUES ('Funafuti_Tuvalu_TUV', 'Pacific Ocean');
INSERT INTO city_sea VALUES ('Halifax_Nova Scotia_CDN', 'Atlantic Ocean');
INSERT INTO city_sea VALUES ('George Town_Cayman Islands_CAYM', 'Caribbean Sea');
INSERT INTO city_sea VALUES ('Corpus Christi_Texas_USA', 'Gulf of Mexico');
INSERT INTO city_sea VALUES ('Saint Georges_Grenada_WG', 'Caribbean Sea');
INSERT INTO city_sea VALUES ('Saipan_Northern Mariana Islands_NMIS', 'Pacific Ocean');
INSERT INTO city_sea VALUES ('Dover_Kent_GB', 'The Channel');
INSERT INTO city_sea VALUES ('Saint Johns_Antigua and Barbuda_AG', 'Caribbean Sea');
INSERT INTO city_sea VALUES ('Toulon_Provence Cote dAzur_F', 'Mediterranean Sea');
INSERT INTO city_sea VALUES ('Haikou_Hainan_TJ', 'South China Sea');
INSERT INTO city_sea VALUES ('Vitoria_Espirito Santo_BR', 'Atlantic Ocean');
INSERT INTO city_sea VALUES ('Port-of-Spain_Trinidad and Tobago_TT', 'Caribbean Sea');
INSERT INTO city_sea VALUES ('Oran_Algeria_DZ', 'Mediterranean Sea');
INSERT INTO city_sea VALUES ('Kita Kyushu_Fukuoka_J', 'Sea of Japan');
INSERT INTO city_sea VALUES ('Singapore_Singapore_SGP', 'South China Sea');
INSERT INTO city_sea VALUES ('Matsuyama_Ehime_J', 'Pacific Ocean');
INSERT INTO city_sea VALUES ('Campeche_Campeche_MEX', 'Gulf of Mexico');
INSERT INTO city_sea VALUES ('Cartagena_Murcia_E', 'Mediterranean Sea');
INSERT INTO city_sea VALUES ('Poole_Dorset_GB', 'The Channel');
INSERT INTO city_sea VALUES ('Honiara_Solomon Islands_SLB', 'Pacific Ocean');
INSERT INTO city_sea VALUES ('Portsmouth_Virginia_USA', 'Atlantic Ocean');
INSERT INTO city_sea VALUES ('Reggio di Calabria_Calabria_I', 'Mediterranean Sea');
INSERT INTO city_sea VALUES ('La Coruna_Galicia_E', 'Atlantic Ocean');
INSERT INTO city_sea VALUES ('Banda Aceh_Indonesia_RI', 'Andaman Sea');
INSERT INTO city_sea VALUES ('Lisbon_Lisbon_P', 'Atlantic Ocean');
INSERT INTO city_sea VALUES ('Mombasa_Coast_EAK', 'Indian Ocean');
INSERT INTO city_sea VALUES ('Savannah_Georgia_USA', 'Atlantic Ocean');
INSERT INTO city_sea VALUES ('Tela_Atlantida_HCA', 'Caribbean Sea');
INSERT INTO city_sea VALUES ('Maracaibo_Zulia_YV', 'Caribbean Sea');
INSERT INTO city_sea VALUES ('Yingkou_Liaoning_TJ', 'Yellow Sea');
INSERT INTO city_sea VALUES ('Norfolk_Virginia_USA', 'Atlantic Ocean');
INSERT INTO city_sea VALUES ('Casablanca_Morocco_MA', 'Atlantic Ocean');
INSERT INTO city_sea VALUES ('Kingstown_Saint Vincent and the Grenadines_WV', 'Caribbean Sea');
INSERT INTO city_sea VALUES ('Padang_Indonesia_RI', 'Indian Ocean');
INSERT INTO city_sea VALUES ('Dili_Timor-Leste_TL', 'Sunda Sea');
INSERT INTO city_sea VALUES ('Adamstown_Pitcairn Islands_PITC', 'Pacific Ocean');
INSERT INTO city_sea VALUES ('Rio Gallegos_Santa Cruz_RA', 'Atlantic Ocean');
INSERT INTO city_sea VALUES ('Colwyn Bay_Aberconwy and Colwyn_GB', 'Irish Sea');
INSERT INTO city_sea VALUES ('Kochi_Kochi_J', 'Pacific Ocean');
INSERT INTO city_sea VALUES ('Roseau_Dominica_WD', 'Caribbean Sea');
INSERT INTO city_sea VALUES ('Sendai_Miyagi_J', 'Pacific Ocean');
INSERT INTO city_sea VALUES ('Hamilton_Bermuda_BERM', 'Atlantic Ocean');
INSERT INTO city_sea VALUES ('Sydney_New South Wales_AUS', 'Pacific Ocean');
INSERT INTO city_sea VALUES ('Cagliari_Sardegna_I', 'Mediterranean Sea');
INSERT INTO city_sea VALUES ('Helsinki_Uusimaa_SF', 'Baltic Sea');
INSERT INTO city_sea VALUES ('Bissau_Guinea-Bissau_GNB', 'Atlantic Ocean');
INSERT INTO city_sea VALUES ('Bremerhaven_Bremen_D', 'North Sea');
INSERT INTO city_sea VALUES ('Turku_Turku-Pori_SF', 'Baltic Sea');
INSERT INTO city_sea VALUES ('The Valley_Anguilla_AXA', 'Atlantic Ocean');
INSERT INTO city_sea VALUES ('Porto Alegre_Rio Grande do Sul_BR', 'Atlantic Ocean');
INSERT INTO city_sea VALUES ('Funchal_Madeira_P', 'Atlantic Ocean');
INSERT INTO city_sea VALUES ('Surabaya_Indonesia_RI', 'Sunda Sea');
INSERT INTO city_sea VALUES ('Palikir_Micronesia_FSM', 'Pacific Ocean');
INSERT INTO city_sea VALUES ('Songjin_North Korea_NOK', 'Sea of Japan');
INSERT INTO city_sea VALUES ('Gold Coast_Queensland_AUS', 'Pacific Ocean');
INSERT INTO city_sea VALUES ('Newcastle_New South Wales_AUS', 'Pacific Ocean');
INSERT INTO city_sea VALUES ('Shizuoka_Shizuoka_J', 'Pacific Ocean');
INSERT INTO city_sea VALUES ('Siracusa_Sicilia_I', 'Mediterranean Sea');
INSERT INTO city_sea VALUES ('Osaka_Osaka_J', 'Pacific Ocean');
INSERT INTO city_sea VALUES ('Kaohsiung_Taiwan_RC', 'South China Sea');
INSERT INTO city_sea VALUES ('Esbjerg_Denmark_DK', 'North Sea');
INSERT INTO city_sea VALUES ('Manila_Philippines_RP', 'South China Sea');
INSERT INTO city_sea VALUES ('Sunshine Coast_New South Wales_AUS', 'Pacific Ocean');
INSERT INTO city_sea VALUES ('Durres_Albania_AL', 'Mediterranean Sea');
INSERT INTO city_sea VALUES ('Akita_Akita_J', 'Sea of Japan');
INSERT INTO city_sea VALUES ('Comodoro Rivadavia_Chubut_RA', 'Atlantic Ocean');
INSERT INTO city_sea VALUES ('Mokpo_South Korea_ROK', 'Yellow Sea');
INSERT INTO city_sea VALUES ('Jakarta_Indonesia_RI', 'Sunda Sea');
INSERT INTO city_sea VALUES ('Setubal_Setubal_P', 'Atlantic Ocean');
INSERT INTO city_sea VALUES ('Itajai_Santa Catarina_BR', 'Atlantic Ocean');
INSERT INTO city_sea VALUES ('Rabat_Morocco_MA', 'Atlantic Ocean');
INSERT INTO city_sea VALUES ('Banjul_Gambia_WAG', 'Atlantic Ocean');
INSERT INTO city_sea VALUES ('Perpignan_Languedoc Roussillon_F', 'Mediterranean Sea');
INSERT INTO city_sea VALUES ('Venice_Veneto_I', 'Mediterranean Sea');
INSERT INTO city_sea VALUES ('Madras_Tamil Nadu_IND', 'Gulf of Bengal');
INSERT INTO city_sea VALUES ('Puerto Cortes_Cortes_HCA', 'Caribbean Sea');
INSERT INTO city_sea VALUES ('Mamoutzou_Mayotte_MAYO', 'Indian Ocean');
INSERT INTO city_sea VALUES ('Tampa_Florida_USA', 'Gulf of Mexico');
INSERT INTO city_sea VALUES ('Stavanger_Rogaland_N', 'North Sea');
INSERT INTO city_sea VALUES ('Sanya_Hainan_TJ', 'South China Sea');
INSERT INTO city_sea VALUES ('Tetouan_Morocco_MA', 'Mediterranean Sea');
INSERT INTO city_sea VALUES ('Sankt Peterburg_Sankt Peterburg_R', 'Baltic Sea');
INSERT INTO city_sea VALUES ('Moss_Oestfold_N', 'Skagerrak');
INSERT INTO city_sea VALUES ('Kalmar_Kalmar_S', 'Baltic Sea');
INSERT INTO city_sea VALUES ('Inchon_South Korea_ROK', 'Yellow Sea');
INSERT INTO city_sea VALUES ('Oranjestad_Aruba_ARU', 'Caribbean Sea');
INSERT INTO city_sea VALUES ('Kirkwall_Orkneys_GB', 'North Sea');
INSERT INTO city_sea VALUES ('Georgetown_Guyana_GUY', 'Atlantic Ocean');
INSERT INTO city_sea VALUES ('Huelva_Andalusia_E', 'Atlantic Ocean');
INSERT INTO city_sea VALUES ('Christchurch_New Zealand_NZ', 'Pacific Ocean');
INSERT INTO city_sea VALUES ('Bandar Lampung_Indonesia_RI', 'Indian Ocean');
INSERT INTO city_sea VALUES ('Victoria_Seychelles_SY', 'Indian Ocean');
INSERT INTO city_sea VALUES ('Steinkjer_Nord Trondelag_N', 'Norwegian Sea');
INSERT INTO city_sea VALUES ('Hualien_Taiwan_RC', 'Pacific Ocean');
INSERT INTO city_sea VALUES ('Agana_Guam_GUAM', 'Pacific Ocean');
INSERT INTO city_sea VALUES ('Batam_Indonesia_RI', 'South China Sea');
INSERT INTO city_sea VALUES ('Montevideo_Uruguay_ROU', 'Atlantic Ocean');
INSERT INTO city_sea VALUES ('Gdynia_Gdanskie_PL', 'Baltic Sea');
INSERT INTO city_sea VALUES ('Vila Nova de Gaia_Porto_P', 'Atlantic Ocean');
INSERT INTO city_sea VALUES ('West Island_Cocos Islands_COCO', 'Indian Ocean');
INSERT INTO city_sea VALUES ('Melekeok_Palau_PAL', 'Pacific Ocean');
INSERT INTO city_sea VALUES ('Sao Tome_Sao Tome and Principe_STP', 'Atlantic Ocean');
INSERT INTO city_sea VALUES ('Santo Domingo_Dominican Republic_DOM', 'Caribbean Sea');
INSERT INTO city_sea VALUES ('Kunsan_South Korea_ROK', 'Yellow Sea');
INSERT INTO city_sea VALUES ('Belem_Para_BR', 'Atlantic Ocean');
INSERT INTO city_sea VALUES ('Espoo_Uusimaa_SF', 'Baltic Sea');
INSERT INTO city_sea VALUES ('Tanger_Morocco_MA', 'Atlantic Ocean');
INSERT INTO city_sea VALUES ('Taitung_Taiwan_RC', 'Pacific Ocean');
INSERT INTO city_sea VALUES ('Nassau_Bahamas_BS', 'Atlantic Ocean');
INSERT INTO city_sea VALUES ('Weihai_Shandong_TJ', 'Yellow Sea');
INSERT INTO city_sea VALUES ('Recife_Pernambuco_BR', 'Atlantic Ocean');
INSERT INTO city_sea VALUES ('Muscat_Oman_OM', 'Gulf of Oman');
INSERT INTO city_sea VALUES ('Cebu_Philippines_RP', 'Sulawesi Sea');
INSERT INTO city_sea VALUES ('Trujillo_Colon_HCA', 'Caribbean Sea');
INSERT INTO city_sea VALUES ('Malmo_Malmohus_S', 'Baltic Sea');
INSERT INTO city_sea VALUES ('Murmansk_Murmanskaya oblast_R', 'Barents Sea');
INSERT INTO city_sea VALUES ('Penang_Pulau Pinang_MAL', 'Malakka Strait');
INSERT INTO city_sea VALUES ('Puntarenas_Puntarenas_CR', 'Pacific Ocean');
INSERT INTO city_sea VALUES ('Stanley_Falkland Islands_FALK', 'Atlantic Ocean');
INSERT INTO city_sea VALUES ('Dubai_Dubayy_UAE', 'Persian Gulf');
INSERT INTO city_sea VALUES ('St. Petersburg_Florida_USA', 'Gulf of Mexico');
INSERT INTO city_sea VALUES ('Cadiz_Andalusia_E', 'Atlantic Ocean');
INSERT INTO city_sea VALUES ('Brighton_East Sussex_GB', 'The Channel');
INSERT INTO city_sea VALUES ('Hobart_Tasmania_AUS', 'Pacific Ocean');
INSERT INTO city_sea VALUES ('Genua_Liguria_I', 'Mediterranean Sea');
INSERT INTO city_sea VALUES ('Marsa Matruh_Matruh_ET', 'Mediterranean Sea');
INSERT INTO city_sea VALUES ('Basseterre_Saint Kitts and Nevis_KN', 'Caribbean Sea');
INSERT INTO city_sea VALUES ('Papeete_French Polynesia_FPOL', 'Pacific Ocean');
INSERT INTO city_sea VALUES ('Anju_North Korea_NOK', 'Yellow Sea');
INSERT INTO city_sea VALUES ('Belfast_Northern Ireland_GB', 'Irish Sea');
INSERT INTO city_sea VALUES ('Colombo_Sri Lanka_CL', 'Indian Ocean');
INSERT INTO city_sea VALUES ('La Spezia_Liguria_I', 'Mediterranean Sea');
INSERT INTO city_sea VALUES ('Port Moresby_Papua New Guinea_PNG', 'Pacific Ocean');
INSERT INTO city_sea VALUES ('Fukuoka_Fukuoka_J', 'Sea of Japan');
INSERT INTO city_sea VALUES ('Jamnagar_Gujarat_IND', 'Arabian Sea');
INSERT INTO city_sea VALUES ('Stamford_Connecticut_USA', 'Atlantic Ocean');
INSERT INTO city_sea VALUES ('Alofi_Niue_NIUE', 'Pacific Ocean');
INSERT INTO city_sea VALUES ('Napoli_Campania_I', 'Mediterranean Sea');
INSERT INTO city_sea VALUES ('Banda Aceh_Indonesia_RI', 'Indian Ocean');
INSERT INTO city_sea VALUES ('Manado_Indonesia_RI', 'Sulawesi Sea');
INSERT INTO city_sea VALUES ('Piraeus_Attiki_GR', 'Mediterranean Sea');
INSERT INTO city_sea VALUES ('Cardiff_Cardiff_GB', 'Irish Sea');
INSERT INTO city_sea VALUES ('Kavaratti_Lakshadweep Is._IND', 'Arabian Sea');
INSERT INTO city_sea VALUES ('Saint Helier_Jersey_GBJ', 'The Channel');
INSERT INTO city_sea VALUES ('Tanjung Balai_Indonesia_RI', 'Malakka Strait');
INSERT INTO city_sea VALUES ('Mogadishu_Somalia_SP', 'Indian Ocean');
INSERT INTO city_sea VALUES ('Catania_Sicilia_I', 'Mediterranean Sea');
INSERT INTO city_sea VALUES ('Karachi_Pakistan_PK', 'Arabian Sea');
INSERT INTO city_sea VALUES ('Rimini_Emilia Romagna_I', 'Mediterranean Sea');
INSERT INTO city_sea VALUES ('Severodvinsk_Arkhangelskaya oblast_R', 'Barents Sea');
INSERT INTO city_sea VALUES ('Vadsoe_Finnmark_N', 'Barents Sea');
INSERT INTO city_sea VALUES ('Kaesong_North Korea_NOK', 'Yellow Sea');
INSERT INTO city_sea VALUES ('Saint Peter Port_Guernsey_GBG', 'The Channel');
INSERT INTO city_sea VALUES ('Livorno_Toscana_I', 'Mediterranean Sea');
INSERT INTO city_sea VALUES ('Hsinchu_Taiwan_RC', 'East China Sea');
INSERT INTO city_sea VALUES ('Niteroi_Rio de Janeiro_BR', 'Atlantic Ocean');
INSERT INTO city_sea VALUES ('Port Blair_Andaman and Nicobar Is._IND', 'Andaman Sea');
INSERT INTO city_sea VALUES ('Taranto_Puglia_I', 'Mediterranean Sea');
INSERT INTO city_sea VALUES ('Kiel_Schleswig Holstein_D', 'Baltic Sea');
INSERT INTO city_sea VALUES ('Bridgeport_Connecticut_USA', 'Atlantic Ocean');
INSERT INTO city_sea VALUES ('Newport News_Virginia_USA', 'Atlantic Ocean');
INSERT INTO city_sea VALUES ('Bilbao_Basque Country_E', 'Atlantic Ocean');
INSERT INTO city_sea VALUES ('Sao Paulo_Sao Paulo_BR', 'Atlantic Ocean');
INSERT INTO city_sea VALUES ('Salerno_Campania_I', 'Mediterranean Sea');
INSERT INTO city_sea VALUES ('Aarhus_Denmark_DK', 'Kattegat');
INSERT INTO city_sea VALUES ('Kingston_Jamaica_JA', 'Caribbean Sea');
INSERT INTO city_sea VALUES ('Nukualofa_Tonga_TO', 'Pacific Ocean');
INSERT INTO city_sea VALUES ('Molde_Moere og Romsdal_N', 'Norwegian Sea');
INSERT INTO city_sea VALUES ('New York_New York_USA', 'Atlantic Ocean');
INSERT INTO city_sea VALUES ('Oulu_Oulu_SF', 'Baltic Sea');
INSERT INTO city_sea VALUES ('Hamhung Hungnam_North Korea_NOK', 'Sea of Japan');
INSERT INTO city_sea VALUES ('Pusan_South Korea_ROK', 'Sea of Japan');
INSERT INTO city_sea VALUES ('Road Town_British Virgin Islands_BVIR', 'Caribbean Sea');
INSERT INTO city_sea VALUES ('Gijon_Asturias_E', 'Atlantic Ocean');
INSERT INTO city_sea VALUES ('Korfu_Ionioi Nisoi_GR', 'Mediterranean Sea');
INSERT INTO city_sea VALUES ('Banjarmasin_Indonesia_RI', 'Sunda Sea');
INSERT INTO city_sea VALUES ('Kotka_Kymi_SF', 'Baltic Sea');
INSERT INTO city_sea VALUES ('Helsingborg_Malmohus_S', 'Baltic Sea');
INSERT INTO city_sea VALUES ('Fortaleza_Ceara_BR', 'Atlantic Ocean');
INSERT INTO city_sea VALUES ('Lome_Togo_RT', 'Atlantic Ocean');
INSERT INTO city_sea VALUES ('Alexandria_El Iskandariya_ET', 'Mediterranean Sea');
INSERT INTO city_sea VALUES ('Abu Dhabi_Abu Dhabi_UAE', 'Persian Gulf');
INSERT INTO city_sea VALUES ('Volos_Thessalia_GR', 'Mediterranean Sea');
INSERT INTO city_sea VALUES ('Fareham_Hampshire_GB', 'The Channel');
INSERT INTO city_sea VALUES ('Santa Cruz de Tenerife_Canary Islands_E', 'Atlantic Ocean');
INSERT INTO city_sea VALUES ('Yokohama_Kanagawa_J', 'Pacific Ocean');
INSERT INTO city_sea VALUES ('Ajaccio_Corse_F', 'Mediterranean Sea');
INSERT INTO city_sea VALUES ('Dundee_Tayside_GB', 'North Sea');
INSERT INTO city_sea VALUES ('Kenitra_Morocco_MA', 'Atlantic Ocean');
INSERT INTO city_sea VALUES ('Mumbai_Maharashtra_IND', 'Arabian Sea');
INSERT INTO city_sea VALUES ('Adelaide_South Australia_AUS', 'Indian Ocean');
INSERT INTO city_sea VALUES ('Ambon_Indonesia_RI', 'Sunda Sea');
INSERT INTO city_sea VALUES ('Kanazawa_Ishikawa_J', 'Sea of Japan');
INSERT INTO city_sea VALUES ('El Arish_Sina ash Shamaliyah_ET', 'Mediterranean Sea');
INSERT INTO city_sea VALUES ('Tokyo_Tokyo_J', 'Pacific Ocean');
INSERT INTO city_sea VALUES ('Hafnarfjoerdur_Iceland_IS', 'Atlantic Ocean');
INSERT INTO city_sea VALUES ('Safi_Morocco_MA', 'Atlantic Ocean');
INSERT INTO city_sea VALUES ('Bodoe_Nordland_N', 'Norwegian Sea');
INSERT INTO city_sea VALUES ('Reykjavik_Iceland_IS', 'Atlantic Ocean');
INSERT INTO city_sea VALUES ('Tsu_Mie_J', 'Pacific Ocean');
INSERT INTO city_sea VALUES ('Vlore_Albania_AL', 'Mediterranean Sea');
INSERT INTO city_sea VALUES ('Malaga_Andalusia_E', 'Mediterranean Sea');
INSERT INTO city_sea VALUES ('Messina_Sicilia_I', 'Mediterranean Sea');
INSERT INTO city_sea VALUES ('Marigot_Saint Martin_SMAR', 'Caribbean Sea');
INSERT INTO city_sea VALUES ('Brest_Bretagne_F', 'Atlantic Ocean');
INSERT INTO city_sea VALUES ('Moulmein_Mon_MYA', 'Andaman Sea');
INSERT INTO city_sea VALUES ('Mostaganem_Algeria_DZ', 'Mediterranean Sea');
INSERT INTO city_sea VALUES ('Nakhodka_Primorsky kray_R', 'Sea of Japan');
INSERT INTO city_sea VALUES ('Monrovia_Liberia_LB', 'Atlantic Ocean');
INSERT INTO city_sea VALUES ('Magadan_Magadanskaya oblast_R', 'Sea of Okhotsk');
INSERT INTO city_sea VALUES ('Yantai_Shandong_TJ', 'Yellow Sea');
INSERT INTO city_sea VALUES ('Port Sudan_ash Sharqiyah_SUD', 'Red Sea');
INSERT INTO city_sea VALUES ('Davao_Philippines_RP', 'Sulawesi Sea');
INSERT INTO city_sea VALUES ('Sharjah_Ash Shariqah_UAE', 'Persian Gulf');
INSERT INTO city_sea VALUES ('Ermoupoli_Notion Aiyaion_GR', 'Mediterranean Sea');
INSERT INTO city_sea VALUES ('El Tur_Sina al Janubiyah_ET', 'Red Sea');
INSERT INTO city_sea VALUES ('Yaren_Nauru_NAU', 'Pacific Ocean');
INSERT INTO city_sea VALUES ('Oita_Oita_J', 'Sea of Japan');
INSERT INTO city_sea VALUES ('Dededo_Guam_GUAM', 'Pacific Ocean');
INSERT INTO city_sea VALUES ('Paranagua_Parana_BR', 'Atlantic Ocean');
INSERT INTO city_sea VALUES ('Tottori_Tottori_J', 'Sea of Japan');
INSERT INTO city_sea VALUES ('Svolvaer_Nordland_N', 'Norwegian Sea');
INSERT INTO city_sea VALUES ('Geelong_Victoria_AUS', 'Indian Ocean');
INSERT INTO city_sea VALUES ('Bengasi_Libya_LAR', 'Mediterranean Sea');
INSERT INTO city_sea VALUES ('Barcelona_Catalonia_E', 'Mediterranean Sea');
INSERT INTO city_sea VALUES ('Badalona_Catalonia_E', 'Mediterranean Sea');
INSERT INTO city_sea VALUES ('Chiba_Chiba_J', 'Pacific Ocean');
INSERT INTO city_sea VALUES ('Ilheus_Bahia_BR', 'Atlantic Ocean');
INSERT INTO city_sea VALUES ('Copenhagen_Denmark_DK', 'Baltic Sea');
INSERT INTO city_sea VALUES ('Wollongong_New South Wales_AUS', 'Pacific Ocean');
INSERT INTO city_sea VALUES ('Rawson_Chubut_RA', 'Atlantic Ocean');
INSERT INTO city_sea VALUES ('El Suweiz_El Suweiz_ET', 'Red Sea');
INSERT INTO city_sea VALUES ('Honolulu_Hawaii_USA', 'Pacific Ocean');
INSERT INTO city_sea VALUES ('Narvik_Nordland_N', 'Norwegian Sea');
INSERT INTO city_sea VALUES ('Chongjin_North Korea_NOK', 'Sea of Japan');
INSERT INTO city_sea VALUES ('Florianopolis_Santa Catarina_BR', 'Atlantic Ocean');
INSERT INTO city_sea VALUES ('Moroni_Comoros_COM', 'Indian Ocean');
INSERT INTO city_sea VALUES ('Tromsoe_Troms_N', 'Norwegian Sea');
INSERT INTO city_sea VALUES ('Ciudad Madero_Tamaulipas_MEX', 'Gulf of Mexico');
INSERT INTO city_sea VALUES ('Bari_Puglia_I', 'Mediterranean Sea');
INSERT INTO city_sea VALUES ('Wellington_New Zealand_NZ', 'Pacific Ocean');
INSERT INTO city_sea VALUES ('Le Havre_Haute Normandie_F', 'The Channel');
INSERT INTO city_sea VALUES ('Inverness_Highland_GB', 'North Sea');
INSERT INTO city_sea VALUES ('Lerwick_Shetland_GB', 'North Sea');
INSERT INTO city_sea VALUES ('Keflavik_Iceland_IS', 'Atlantic Ocean');
INSERT INTO city_sea VALUES ('Pangkal Pinang_Indonesia_RI', 'South China Sea');
INSERT INTO city_sea VALUES ('Southend on Sea_Essex_GB', 'North Sea');
INSERT INTO city_sea VALUES ('Maceio_Alagoas_BR', 'Atlantic Ocean');
INSERT INTO city_sea VALUES ('Almeria_Andalusia_E', 'Mediterranean Sea');
INSERT INTO city_sea VALUES ('Kaliningrad_Kaliningradskaya oblast_R', 'Baltic Sea');
INSERT INTO city_sea VALUES ('Accra_Ghana_GH', 'Atlantic Ocean');
INSERT INTO city_sea VALUES ('Joao Pessoa_Paraiba_BR', 'Atlantic Ocean');
INSERT INTO city_sea VALUES ('Palma de Mallorca_Balearic Islands_E', 'Mediterranean Sea');
INSERT INTO city_sea VALUES ('Nice_Provence Cote dAzur_F', 'Mediterranean Sea');
INSERT INTO city_sea VALUES ('Veracruz Llave_Veracruz_MEX', 'Gulf of Mexico');
INSERT INTO city_sea VALUES ('Faro_Algarve_P', 'Atlantic Ocean');
INSERT INTO city_sea VALUES ('Hiroshima_Hiroshima_J', 'Pacific Ocean');
INSERT INTO city_sea VALUES ('Santander_Cantabria_E', 'Atlantic Ocean');
INSERT INTO city_sea VALUES ('Arkhangelsk_Arkhangelskaya oblast_R', 'Barents Sea');
INSERT INTO city_sea VALUES ('Townsville_Queensland_AUS', 'Pacific Ocean');
INSERT INTO city_sea VALUES ('Vigo_Galicia_E', 'Atlantic Ocean');
INSERT INTO city_sea VALUES ('Panaji_Goa_IND', 'Arabian Sea');
INSERT INTO city_sea VALUES ('Libreville_Gabon_G', 'Atlantic Ocean');
INSERT INTO city_sea VALUES ('Salvador_Bahia_BR', 'Atlantic Ocean');
INSERT INTO city_sea VALUES ('Port Blair_Andaman and Nicobar Is._IND', 'Gulf of Bengal');
INSERT INTO city_sea VALUES ('Basse-Terre_Guadeloupe_GUAD', 'Caribbean Sea');
INSERT INTO city_sea VALUES ('Torre del Greco_Campania_I', 'Mediterranean Sea');
INSERT INTO city_sea VALUES ('Flying Fish Cove_Christmas Island_XMAS', 'Indian Ocean');
INSERT INTO city_sea VALUES ('Port-au-Prince_Haiti_RH', 'Caribbean Sea');
INSERT INTO city_sea VALUES ('Pago Pago_American Samoa_AMSA', 'Pacific Ocean');
INSERT INTO city_sea VALUES ('Aden_Yemen_YE', 'Gulf of Aden');
INSERT INTO city_sea VALUES ('Visby_Gotland_S', 'Baltic Sea');
INSERT INTO city_sea VALUES ('Trieste_Friuli Venezia Giulia_I', 'Mediterranean Sea');
INSERT INTO city_sea VALUES ('Port-Vila_Vanuatu_VU', 'Pacific Ocean');
INSERT INTO city_sea VALUES ('Dakar_Dakar_SN', 'Atlantic Ocean');
INSERT INTO city_sea VALUES ('Bergen_Hordaland_N', 'North Sea');
INSERT INTO city_sea VALUES ('Havant_Hampshire_GB', 'The Channel');
INSERT INTO city_sea VALUES ('Kolonia_Micronesia_FSM', 'Pacific Ocean');
INSERT INTO city_sea VALUES ('Boston_Massachusetts_USA', 'Atlantic Ocean');
INSERT INTO city_sea VALUES ('San Juan_Puerto Rico_PR', 'Atlantic Ocean');
INSERT INTO city_sea VALUES ('Providence_Rhode Island_USA', 'Atlantic Ocean');
INSERT INTO city_sea VALUES ('Yosu_South Korea_ROK', 'East China Sea');
INSERT INTO city_sea VALUES ('Limon_Limon_CR', 'Caribbean Sea');
INSERT INTO city_sea VALUES ('Nuuk_Greenland_GROX', 'Atlantic Ocean');
INSERT INTO city_sea VALUES ('Skikda_Algeria_DZ', 'Mediterranean Sea');
INSERT INTO city_sea VALUES ('Trondheim_Soer Trondelag_N', 'Norwegian Sea');
INSERT INTO city_sea VALUES ('Zamboanga_Philippines_RP', 'Sulawesi Sea');
INSERT INTO city_sea VALUES ('Avarua_Cook Islands_COOK', 'Pacific Ocean');
INSERT INTO city_sea VALUES ('Sao Vicente_Sao Paulo_BR', 'Atlantic Ocean');
INSERT INTO city_sea VALUES ('Porto_Porto_P', 'Atlantic Ocean');
INSERT INTO city_sea VALUES ('Havana_Ciudad de la Habana_C', 'Gulf of Mexico');
INSERT INTO city_sea VALUES ('Baracaldo_Basque Country_E', 'Atlantic Ocean');
INSERT INTO city_sea VALUES ('Tokushima_Tokushima_J', 'Pacific Ocean');
INSERT INTO city_sea VALUES ('Luanda_Luanda_ANG', 'Atlantic Ocean');
INSERT INTO city_sea VALUES ('Qingdao_Shandong_TJ', 'Yellow Sea');
INSERT INTO city_sea VALUES ('Saint-Denis_Reunion_REUN', 'Indian Ocean');
INSERT INTO city_sea VALUES ('Vladivostok_Primorsky kray_R', 'Sea of Japan');
INSERT INTO city_sea VALUES ('Naha_Okinawa_J', 'East China Sea');
INSERT INTO city_sea VALUES ('Bejaia_Algeria_DZ', 'Mediterranean Sea');
INSERT INTO city_sea VALUES ('Lagos_Nigeria_WAN', 'Atlantic Ocean');
INSERT INTO city_sea VALUES ('Kagoshima_Kagoshima_J', 'East China Sea');
INSERT INTO city_sea VALUES ('Male_Maldives_MV', 'Indian Ocean');
INSERT INTO city_sea VALUES ('Panama City_Panama_PA', 'Pacific Ocean');
INSERT INTO city_sea VALUES ('Harnosand_Vasternorrland_S', 'Baltic Sea');
INSERT INTO city_sea VALUES ('Southampton_Hampshire_GB', 'The Channel');
INSERT INTO city_sea VALUES ('Tampico_Tamaulipas_MEX', 'Gulf of Mexico');
INSERT INTO city_sea VALUES ('Brisbane_Queensland_AUS', 'Pacific Ocean');
INSERT INTO city_sea VALUES ('Stockholm_Stockholm_S', 'Baltic Sea');
INSERT INTO city_sea VALUES ('Kobe_Hyogo_J', 'Pacific Ocean');
INSERT INTO city_sea VALUES ('Trivandrum_Kerala_IND', 'Indian Ocean');
INSERT INTO city_sea VALUES ('Willemstad_Netherlands Antilles_NA', 'Caribbean Sea');
INSERT INTO city_sea VALUES ('La Laguna_Canary Islands_E', 'Atlantic Ocean');
INSERT INTO city_sea VALUES ('Miyazaki_Miyazaki_J', 'Pacific Ocean');
INSERT INTO city_sea VALUES ('Praia_Cape Verde_CV', 'Atlantic Ocean');
INSERT INTO city_sea VALUES ('Lubeck_Schleswig Holstein_D', 'Baltic Sea');
INSERT INTO city_sea VALUES ('Cochin_Kerala_IND', 'Arabian Sea');
INSERT INTO city_sea VALUES ('Portsmouth_Hampshire_GB', 'The Channel');
INSERT INTO city_sea VALUES ('Djibouti_Djibouti_DJI', 'Gulf of Aden');
INSERT INTO city_sea VALUES ('Melaka_Melaka_MAL', 'Malakka Strait');
INSERT INTO city_sea VALUES ('Marseille_Provence Cote dAzur_F', 'Mediterranean Sea');
INSERT INTO city_sea VALUES ('Riga_Latvia_LV', 'Baltic Sea');
INSERT INTO city_sea VALUES ('Tel Aviv_Tel Aviv_IL', 'Mediterranean Sea');
INSERT INTO city_sea VALUES ('Perth_Western Australia_AUS', 'Indian Ocean');
INSERT INTO city_sea VALUES ('Algeciras_Andalusia_E', 'Mediterranean Sea');
INSERT INTO city_sea VALUES ('Chesapeake_Virginia_USA', 'Atlantic Ocean');
INSERT INTO city_sea VALUES ('Douglas_Man_GBM', 'Irish Sea');
INSERT INTO city_sea VALUES ('Thessaloniki_Kedriki Makedhonia_GR', 'Mediterranean Sea');
INSERT INTO city_sea VALUES ('Tunis_Tunisia_TN', 'Mediterranean Sea');
INSERT INTO city_sea VALUES ('Pekalongan_Indonesia_RI', 'Sunda Sea');
INSERT INTO city_sea VALUES ('Akureyri_Iceland_IS', 'Norwegian Sea');
INSERT INTO city_sea VALUES ('Dalian_Liaoning_TJ', 'Yellow Sea');
INSERT INTO city_sea VALUES ('Castries_Saint Lucia_WL', 'Caribbean Sea');
INSERT INTO city_sea VALUES ('Guayaquil_Ecuador_EC', 'Pacific Ocean');
INSERT INTO city_sea VALUES ('Vancouver_British Columbia_CDN', 'Pacific Ocean');
INSERT INTO city_sea VALUES ('Los Angeles_California_USA', 'Pacific Ocean');
INSERT INTO city_sea VALUES ('Okayama_Okayama_J', 'Pacific Ocean');
INSERT INTO city_sea VALUES ('Victoria_British Columbia_CDN', 'Pacific Ocean');
INSERT INTO city_sea VALUES ('Niigata_Niigata_J', 'Sea of Japan');
INSERT INTO city_sea VALUES ('Tallinn_Estonia_EW', 'Baltic Sea');
INSERT INTO city_sea VALUES ('Pare Pare_Indonesia_RI', 'Sunda Sea');
INSERT INTO city_sea VALUES ('Kawasaki_Kanagawa_J', 'Pacific Ocean');
INSERT INTO city_sea VALUES ('Bournemouth_Dorset_GB', 'The Channel');
INSERT INTO city_sea VALUES ('Dar es Salaam_Daressalam_EAT', 'Indian Ocean');
INSERT INTO city_sea VALUES ('Alicante_Valencia_E', 'Mediterranean Sea');
INSERT INTO city_sea VALUES ('Auckland_New Zealand_NZ', 'Pacific Ocean');
INSERT INTO city_sea VALUES ('Samarinda_Indonesia_RI', 'Sunda Sea');
INSERT INTO city_sea VALUES ('Pescara_Abruzzo_I', 'Mediterranean Sea');
INSERT INTO city_sea VALUES ('Darwin_Northern Territory_AUS', 'Indian Ocean');
INSERT INTO city_sea VALUES ('Miami_Florida_USA', 'Atlantic Ocean');
INSERT INTO city_sea VALUES ('Santos_Sao Paulo_BR', 'Atlantic Ocean');
INSERT INTO city_sea VALUES ('Conakry_Guinea_RG', 'Atlantic Ocean');
INSERT INTO city_sea VALUES ('Iraklion_Kriti_GR', 'Mediterranean Sea');
INSERT INTO city_sea VALUES ('Aracaju_Sergipe_BR', 'Atlantic Ocean');
INSERT INTO city_sea VALUES ('Xai Xai_Gaza_MOC', 'Indian Ocean');
INSERT INTO city_sea VALUES ('Rio Grande_Rio Grande do Sul_BR', 'Atlantic Ocean');
INSERT INTO city_sea VALUES ('Gavle_Gavleborg_S', 'Baltic Sea');
INSERT INTO city_sea VALUES ('Jamestown_Saint Helena_HELX', 'Atlantic Ocean');
INSERT INTO city_sea VALUES ('Kavalla_Anatoliki Makedhonia kai Thraki_GR', 'Mediterranean Sea');
INSERT INTO city_sea VALUES ('Monaco_Monaco_MC', 'Mediterranean Sea');
INSERT INTO city_sea VALUES ('Kusong_North Korea_NOK', 'Sea of Japan');
INSERT INTO city_sea VALUES ('Pontianak_Indonesia_RI', 'South China Sea');
INSERT INTO city_sea VALUES ('Semarang_Indonesia_RI', 'Sunda Sea');
INSERT INTO city_sea VALUES ('Valparaiso_Chile_RCH', 'Pacific Ocean');
INSERT INTO city_sea VALUES ('Hakodate_Hokkaido_J', 'Sea of Japan');
INSERT INTO city_sea VALUES ('Tripoli_Libya_LAR', 'Mediterranean Sea');
INSERT INTO city_sea VALUES ('Sao Luis_Maranhao_BR', 'Atlantic Ocean');
INSERT INTO city_sea VALUES ('Agadir_Morocco_MA', 'Atlantic Ocean');
INSERT INTO city_sea VALUES ('La Ceiba_Atlantida_HCA', 'Caribbean Sea');
INSERT INTO city_sea VALUES ('Palermo_Sicilia_I', 'Mediterranean Sea');
INSERT INTO city_sea VALUES ('Charlotte Amalie_Virgin Islands_VIRG', 'Caribbean Sea');
INSERT INTO city_sea VALUES ('Malabo_Equatorial Guinea_GQ', 'Atlantic Ocean');
INSERT INTO city_sea VALUES ('Tainan_Taiwan_RC', 'South China Sea');
INSERT INTO city_sea VALUES ('Bridgetown_Barbados_BDS', 'Atlantic Ocean');
INSERT INTO city_sea VALUES ('Vila Velha_Espirito Santo_BR', 'Atlantic Ocean');
INSERT INTO city_sea VALUES ('Sinuiju_North Korea_NOK', 'Yellow Sea');
INSERT INTO city_sea VALUES ('Medan_Indonesia_RI', 'Malakka Strait');
INSERT INTO city_sea VALUES ('Rio de Janeiro_Rio de Janeiro_BR', 'Atlantic Ocean');
INSERT INTO city_sea VALUES ('Annaba_Algeria_DZ', 'Mediterranean Sea');
INSERT INTO city_sea VALUES ('Donostia_Basque Country_E', 'Atlantic Ocean');
INSERT INTO city_sea VALUES ('Okhotsk_Magadanskaya oblast_R', 'Sea of Okhotsk');
INSERT INTO city_sea VALUES ('Saint Johns_Newfoundland_CDN', 'Atlantic Ocean');
INSERT INTO city_sea VALUES ('Plymouth_Devon_GB', 'The Channel');
INSERT INTO city_sea VALUES ('Viana do Castelo_Viana do Castelo_P', 'Atlantic Ocean');
INSERT INTO city_sea VALUES ('Bengkulu_Indonesia_RI', 'Indian Ocean');
INSERT INTO city_sea VALUES ('Lulea_Norrbotten_S', 'Baltic Sea');
INSERT INTO city_sea VALUES ('Torshavn_Faroe Islands_FARX', 'Norwegian Sea');
INSERT INTO city_sea VALUES ('Gaza_Gaza Strip_GAZA', 'Mediterranean Sea');
INSERT INTO city_sea VALUES ('Ujung Pandang_Indonesia_RI', 'Sunda Sea');
INSERT INTO city_sea VALUES ('Ancona_Marche_I', 'Mediterranean Sea');
INSERT INTO city_sea VALUES ('Castellon de la Plana_Valencia_E', 'Mediterranean Sea');
INSERT INTO continent VALUES ('Europe', 9562488);
INSERT INTO continent VALUES ('Asia', 45095292);
INSERT INTO continent VALUES ('Australia/Oceania', 8503474);
INSERT INTO continent VALUES ('Africa', 30254708);
INSERT INTO continent VALUES ('America', 39872000);
INSERT INTO country_continent VALUES ('AL', 'Europe');
INSERT INTO country_continent VALUES ('GR', 'Europe');
INSERT INTO country_continent VALUES ('MK', 'Europe');
INSERT INTO country_continent VALUES ('SRB', 'Europe');
INSERT INTO country_continent VALUES ('MNE', 'Europe');
INSERT INTO country_continent VALUES ('KOS', 'Europe');
INSERT INTO country_continent VALUES ('AND', 'Europe');
INSERT INTO country_continent VALUES ('F', 'Europe');
INSERT INTO country_continent VALUES ('E', 'Europe');
INSERT INTO country_continent VALUES ('A', 'Europe');
INSERT INTO country_continent VALUES ('CZ', 'Europe');
INSERT INTO country_continent VALUES ('D', 'Europe');
INSERT INTO country_continent VALUES ('H', 'Europe');
INSERT INTO country_continent VALUES ('I', 'Europe');
INSERT INTO country_continent VALUES ('FL', 'Europe');
INSERT INTO country_continent VALUES ('SK', 'Europe');
INSERT INTO country_continent VALUES ('SLO', 'Europe');
INSERT INTO country_continent VALUES ('CH', 'Europe');
INSERT INTO country_continent VALUES ('BY', 'Europe');
INSERT INTO country_continent VALUES ('LV', 'Europe');
INSERT INTO country_continent VALUES ('LT', 'Europe');
INSERT INTO country_continent VALUES ('PL', 'Europe');
INSERT INTO country_continent VALUES ('UA', 'Europe');
INSERT INTO country_continent VALUES ('R', 'Europe');
INSERT INTO country_continent VALUES ('R', 'Asia');
INSERT INTO country_continent VALUES ('B', 'Europe');
INSERT INTO country_continent VALUES ('L', 'Europe');
INSERT INTO country_continent VALUES ('NL', 'Europe');
INSERT INTO country_continent VALUES ('BIH', 'Europe');
INSERT INTO country_continent VALUES ('HR', 'Europe');
INSERT INTO country_continent VALUES ('BG', 'Europe');
INSERT INTO country_continent VALUES ('RO', 'Europe');
INSERT INTO country_continent VALUES ('TR', 'Europe');
INSERT INTO country_continent VALUES ('TR', 'Asia');
INSERT INTO country_continent VALUES ('DK', 'Europe');
INSERT INTO country_continent VALUES ('EW', 'Europe');
INSERT INTO country_continent VALUES ('FARX', 'Europe');
INSERT INTO country_continent VALUES ('SF', 'Europe');
INSERT INTO country_continent VALUES ('N', 'Europe');
INSERT INTO country_continent VALUES ('S', 'Europe');
INSERT INTO country_continent VALUES ('MC', 'Europe');
INSERT INTO country_continent VALUES ('GBZ', 'Europe');
INSERT INTO country_continent VALUES ('GBG', 'Europe');
INSERT INTO country_continent VALUES ('V', 'Europe');
INSERT INTO country_continent VALUES ('IS', 'Europe');
INSERT INTO country_continent VALUES ('IRL', 'Europe');
INSERT INTO country_continent VALUES ('RSM', 'Europe');
INSERT INTO country_continent VALUES ('GBJ', 'Europe');
INSERT INTO country_continent VALUES ('M', 'Europe');
INSERT INTO country_continent VALUES ('GBM', 'Europe');
INSERT INTO country_continent VALUES ('MD', 'Europe');
INSERT INTO country_continent VALUES ('P', 'Europe');
INSERT INTO country_continent VALUES ('SVAX', 'Europe');
INSERT INTO country_continent VALUES ('GB', 'Europe');
INSERT INTO country_continent VALUES ('AFG', 'Asia');
INSERT INTO country_continent VALUES ('TJ', 'Asia');
INSERT INTO country_continent VALUES ('IR', 'Asia');
INSERT INTO country_continent VALUES ('PK', 'Asia');
INSERT INTO country_continent VALUES ('TAD', 'Asia');
INSERT INTO country_continent VALUES ('TM', 'Asia');
INSERT INTO country_continent VALUES ('UZB', 'Asia');
INSERT INTO country_continent VALUES ('ARM', 'Asia');
INSERT INTO country_continent VALUES ('GE', 'Asia');
INSERT INTO country_continent VALUES ('AZ', 'Asia');
INSERT INTO country_continent VALUES ('BRN', 'Asia');
INSERT INTO country_continent VALUES ('BD', 'Asia');
INSERT INTO country_continent VALUES ('MYA', 'Asia');
INSERT INTO country_continent VALUES ('IND', 'Asia');
INSERT INTO country_continent VALUES ('BHT', 'Asia');
INSERT INTO country_continent VALUES ('BRU', 'Asia');
INSERT INTO country_continent VALUES ('MAL', 'Asia');
INSERT INTO country_continent VALUES ('LAO', 'Asia');
INSERT INTO country_continent VALUES ('THA', 'Asia');
INSERT INTO country_continent VALUES ('K', 'Asia');
INSERT INTO country_continent VALUES ('VN', 'Asia');
INSERT INTO country_continent VALUES ('KAZ', 'Asia');
INSERT INTO country_continent VALUES ('NOK', 'Asia');
INSERT INTO country_continent VALUES ('KGZ', 'Asia');
INSERT INTO country_continent VALUES ('HONX', 'Asia');
INSERT INTO country_continent VALUES ('MACX', 'Asia');
INSERT INTO country_continent VALUES ('MNG', 'Asia');
INSERT INTO country_continent VALUES ('NEP', 'Asia');
INSERT INTO country_continent VALUES ('XMAS', 'Australia/Oceania');
INSERT INTO country_continent VALUES ('COCO', 'Australia/Oceania');
INSERT INTO country_continent VALUES ('CY', 'Europe');
INSERT INTO country_continent VALUES ('GAZA', 'Asia');
INSERT INTO country_continent VALUES ('IL', 'Asia');
INSERT INTO country_continent VALUES ('ET', 'Asia');
INSERT INTO country_continent VALUES ('ET', 'Africa');
INSERT INTO country_continent VALUES ('RI', 'Asia');
INSERT INTO country_continent VALUES ('RI', 'Australia/Oceania');
INSERT INTO country_continent VALUES ('TL', 'Asia');
INSERT INTO country_continent VALUES ('PNG', 'Australia/Oceania');
INSERT INTO country_continent VALUES ('IRQ', 'Asia');
INSERT INTO country_continent VALUES ('JOR', 'Asia');
INSERT INTO country_continent VALUES ('KWT', 'Asia');
INSERT INTO country_continent VALUES ('SA', 'Asia');
INSERT INTO country_continent VALUES ('SYR', 'Asia');
INSERT INTO country_continent VALUES ('RL', 'Asia');
INSERT INTO country_continent VALUES ('WEST', 'Asia');
INSERT INTO country_continent VALUES ('J', 'Asia');
INSERT INTO country_continent VALUES ('ROK', 'Asia');
INSERT INTO country_continent VALUES ('MV', 'Asia');
INSERT INTO country_continent VALUES ('OM', 'Asia');
INSERT INTO country_continent VALUES ('UAE', 'Asia');
INSERT INTO country_continent VALUES ('YE', 'Asia');
INSERT INTO country_continent VALUES ('RP', 'Asia');
INSERT INTO country_continent VALUES ('Q', 'Asia');
INSERT INTO country_continent VALUES ('SGP', 'Asia');
INSERT INTO country_continent VALUES ('CL', 'Asia');
INSERT INTO country_continent VALUES ('RC', 'Asia');
INSERT INTO country_continent VALUES ('AXA', 'America');
INSERT INTO country_continent VALUES ('AG', 'America');
INSERT INTO country_continent VALUES ('ARU', 'America');
INSERT INTO country_continent VALUES ('BS', 'America');
INSERT INTO country_continent VALUES ('BDS', 'America');
INSERT INTO country_continent VALUES ('BZ', 'America');
INSERT INTO country_continent VALUES ('GCA', 'America');
INSERT INTO country_continent VALUES ('MEX', 'America');
INSERT INTO country_continent VALUES ('BERM', 'America');
INSERT INTO country_continent VALUES ('BVIR', 'America');
INSERT INTO country_continent VALUES ('CDN', 'America');
INSERT INTO country_continent VALUES ('USA', 'America');
INSERT INTO country_continent VALUES ('CAYM', 'America');
INSERT INTO country_continent VALUES ('CR', 'America');
INSERT INTO country_continent VALUES ('NIC', 'America');
INSERT INTO country_continent VALUES ('PA', 'America');
INSERT INTO country_continent VALUES ('C', 'America');
INSERT INTO country_continent VALUES ('WD', 'America');
INSERT INTO country_continent VALUES ('DOM', 'America');
INSERT INTO country_continent VALUES ('RH', 'America');
INSERT INTO country_continent VALUES ('ES', 'America');
INSERT INTO country_continent VALUES ('HCA', 'America');
INSERT INTO country_continent VALUES ('GROX', 'America');
INSERT INTO country_continent VALUES ('WG', 'America');
INSERT INTO country_continent VALUES ('GUAD', 'America');
INSERT INTO country_continent VALUES ('JA', 'America');
INSERT INTO country_continent VALUES ('MART', 'America');
INSERT INTO country_continent VALUES ('MNTS', 'America');
INSERT INTO country_continent VALUES ('NA', 'America');
INSERT INTO country_continent VALUES ('SMAR', 'America');
INSERT INTO country_continent VALUES ('CO', 'America');
INSERT INTO country_continent VALUES ('PR', 'America');
INSERT INTO country_continent VALUES ('KN', 'America');
INSERT INTO country_continent VALUES ('WL', 'America');
INSERT INTO country_continent VALUES ('SPMI', 'America');
INSERT INTO country_continent VALUES ('WV', 'America');
INSERT INTO country_continent VALUES ('TT', 'America');
INSERT INTO country_continent VALUES ('TUCA', 'America');
INSERT INTO country_continent VALUES ('VIRG', 'America');
INSERT INTO country_continent VALUES ('AMSA', 'Australia/Oceania');
INSERT INTO country_continent VALUES ('AUS', 'Australia/Oceania');
INSERT INTO country_continent VALUES ('COOK', 'Australia/Oceania');
INSERT INTO country_continent VALUES ('FJI', 'Australia/Oceania');
INSERT INTO country_continent VALUES ('FPOL', 'Australia/Oceania');
INSERT INTO country_continent VALUES ('GUAM', 'Australia/Oceania');
INSERT INTO country_continent VALUES ('KIR', 'Australia/Oceania');
INSERT INTO country_continent VALUES ('MH', 'Australia/Oceania');
INSERT INTO country_continent VALUES ('FSM', 'Australia/Oceania');
INSERT INTO country_continent VALUES ('NAU', 'Australia/Oceania');
INSERT INTO country_continent VALUES ('NCA', 'Australia/Oceania');
INSERT INTO country_continent VALUES ('NZ', 'Australia/Oceania');
INSERT INTO country_continent VALUES ('NIUE', 'Australia/Oceania');
INSERT INTO country_continent VALUES ('NORF', 'Australia/Oceania');
INSERT INTO country_continent VALUES ('NMIS', 'Australia/Oceania');
INSERT INTO country_continent VALUES ('PAL', 'Australia/Oceania');
INSERT INTO country_continent VALUES ('PITC', 'Australia/Oceania');
INSERT INTO country_continent VALUES ('SLB', 'Australia/Oceania');
INSERT INTO country_continent VALUES ('TO', 'Australia/Oceania');
INSERT INTO country_continent VALUES ('TUV', 'Australia/Oceania');
INSERT INTO country_continent VALUES ('VU', 'Australia/Oceania');
INSERT INTO country_continent VALUES ('WAFU', 'Australia/Oceania');
INSERT INTO country_continent VALUES ('WS', 'Australia/Oceania');
INSERT INTO country_continent VALUES ('RA', 'America');
INSERT INTO country_continent VALUES ('BOL', 'America');
INSERT INTO country_continent VALUES ('BR', 'America');
INSERT INTO country_continent VALUES ('RCH', 'America');
INSERT INTO country_continent VALUES ('PY', 'America');
INSERT INTO country_continent VALUES ('ROU', 'America');
INSERT INTO country_continent VALUES ('PE', 'America');
INSERT INTO country_continent VALUES ('FGU', 'America');
INSERT INTO country_continent VALUES ('GUY', 'America');
INSERT INTO country_continent VALUES ('SME', 'America');
INSERT INTO country_continent VALUES ('YV', 'America');
INSERT INTO country_continent VALUES ('EC', 'America');
INSERT INTO country_continent VALUES ('FALK', 'America');
INSERT INTO country_continent VALUES ('DZ', 'Africa');
INSERT INTO country_continent VALUES ('LAR', 'Africa');
INSERT INTO country_continent VALUES ('RMM', 'Africa');
INSERT INTO country_continent VALUES ('RIM', 'Africa');
INSERT INTO country_continent VALUES ('MA', 'Africa');
INSERT INTO country_continent VALUES ('RN', 'Africa');
INSERT INTO country_continent VALUES ('TN', 'Africa');
INSERT INTO country_continent VALUES ('WSA', 'Africa');
INSERT INTO country_continent VALUES ('ANG', 'Africa');
INSERT INTO country_continent VALUES ('RCB', 'Africa');
INSERT INTO country_continent VALUES ('NAM', 'Africa');
INSERT INTO country_continent VALUES ('ZRE', 'Africa');
INSERT INTO country_continent VALUES ('Z', 'Africa');
INSERT INTO country_continent VALUES ('BEN', 'Africa');
INSERT INTO country_continent VALUES ('BF', 'Africa');
INSERT INTO country_continent VALUES ('WAN', 'Africa');
INSERT INTO country_continent VALUES ('RT', 'Africa');
INSERT INTO country_continent VALUES ('RB', 'Africa');
INSERT INTO country_continent VALUES ('RSA', 'Africa');
INSERT INTO country_continent VALUES ('ZW', 'Africa');
INSERT INTO country_continent VALUES ('CI', 'Africa');
INSERT INTO country_continent VALUES ('GH', 'Africa');
INSERT INTO country_continent VALUES ('BI', 'Africa');
INSERT INTO country_continent VALUES ('RWA', 'Africa');
INSERT INTO country_continent VALUES ('EAT', 'Africa');
INSERT INTO country_continent VALUES ('CAM', 'Africa');
INSERT INTO country_continent VALUES ('RCA', 'Africa');
INSERT INTO country_continent VALUES ('TCH', 'Africa');
INSERT INTO country_continent VALUES ('GQ', 'Africa');
INSERT INTO country_continent VALUES ('G', 'Africa');
INSERT INTO country_continent VALUES ('CV', 'Africa');
INSERT INTO country_continent VALUES ('SUD', 'Africa');
INSERT INTO country_continent VALUES ('COM', 'Africa');
INSERT INTO country_continent VALUES ('RG', 'Africa');
INSERT INTO country_continent VALUES ('LB', 'Africa');
INSERT INTO country_continent VALUES ('DJI', 'Africa');
INSERT INTO country_continent VALUES ('ER', 'Africa');
INSERT INTO country_continent VALUES ('ETH', 'Africa');
INSERT INTO country_continent VALUES ('SP', 'Africa');
INSERT INTO country_continent VALUES ('EAK', 'Africa');
INSERT INTO country_continent VALUES ('WAG', 'Africa');
INSERT INTO country_continent VALUES ('SN', 'Africa');
INSERT INTO country_continent VALUES ('GNB', 'Africa');
INSERT INTO country_continent VALUES ('WAL', 'Africa');
INSERT INTO country_continent VALUES ('EAU', 'Africa');
INSERT INTO country_continent VALUES ('LS', 'Africa');
INSERT INTO country_continent VALUES ('RM', 'Africa');
INSERT INTO country_continent VALUES ('MW', 'Africa');
INSERT INTO country_continent VALUES ('MOC', 'Africa');
INSERT INTO country_continent VALUES ('MS', 'Africa');
INSERT INTO country_continent VALUES ('MAYO', 'Africa');
INSERT INTO country_continent VALUES ('SD', 'Africa');
INSERT INTO country_continent VALUES ('REUN', 'Australia/Oceania');
INSERT INTO country_continent VALUES ('HELX', 'Australia/Oceania');
INSERT INTO country_continent VALUES ('STP', 'Africa');
INSERT INTO country_continent VALUES ('SY', 'Africa');
INSERT INTO language VALUES ('Siraiki');
INSERT INTO language VALUES ('Punjabi');
INSERT INTO language VALUES ('Galician');
INSERT INTO language VALUES ('Tajik');
INSERT INTO language VALUES ('Tamil');
INSERT INTO language VALUES ('Catalan');
INSERT INTO language VALUES ('French');
INSERT INTO language VALUES ('Serbian');
INSERT INTO language VALUES ('Papiamento');
INSERT INTO language VALUES ('Urdu');
INSERT INTO language VALUES ('Hindko');
INSERT INTO language VALUES ('Dutch');
INSERT INTO language VALUES ('Romansch');
INSERT INTO language VALUES ('Creole');
INSERT INTO language VALUES ('Turkic');
INSERT INTO language VALUES ('Portuguese');
INSERT INTO language VALUES ('Wallisian');
INSERT INTO language VALUES ('Pitkern');
INSERT INTO language VALUES ('Arabic');
INSERT INTO language VALUES ('Tongan');
INSERT INTO language VALUES ('Japanese');
INSERT INTO language VALUES ('Roma');
INSERT INTO language VALUES ('Kurdish');
INSERT INTO language VALUES ('Finnish');
INSERT INTO language VALUES ('Polish');
INSERT INTO language VALUES ('Bambara');
INSERT INTO language VALUES ('Italian');
INSERT INTO language VALUES ('Russian');
INSERT INTO language VALUES ('Futunian');
INSERT INTO language VALUES ('Chinese');
INSERT INTO language VALUES ('Polynesian');
INSERT INTO language VALUES ('Persian');
INSERT INTO language VALUES ('Armenian');
INSERT INTO language VALUES ('Montenegrin');
INSERT INTO language VALUES ('Kazak');
INSERT INTO language VALUES ('Bulgarian');
INSERT INTO language VALUES ('Nepali');
INSERT INTO language VALUES ('Slovenian');
INSERT INTO language VALUES ('Brahui');
INSERT INTO language VALUES ('Chamorro');
INSERT INTO language VALUES ('Khalkha Mongol');
INSERT INTO language VALUES ('Hindi');
INSERT INTO language VALUES ('Croatian');
INSERT INTO language VALUES ('Pashtu');
INSERT INTO language VALUES ('Burmese');
INSERT INTO language VALUES ('Basque');
INSERT INTO language VALUES ('Icelandic');
INSERT INTO language VALUES ('Norwegian');
INSERT INTO language VALUES ('Serbo-Croatian');
INSERT INTO language VALUES ('Korean');
INSERT INTO language VALUES ('Sindhi');
INSERT INTO language VALUES ('Turkmen');
INSERT INTO language VALUES ('Chinese Languages');
INSERT INTO language VALUES ('Azeri');
INSERT INTO language VALUES ('Swedish');
INSERT INTO language VALUES ('Uzbek');
INSERT INTO language VALUES ('Balochi');
INSERT INTO language VALUES ('Turkish');
INSERT INTO language VALUES ('Sinhala');
INSERT INTO language VALUES ('Indian');
INSERT INTO language VALUES ('English');
INSERT INTO language VALUES ('Spanish');
INSERT INTO language VALUES ('Luri');
INSERT INTO language VALUES ('Samoan');
INSERT INTO language VALUES ('Hungarian');
INSERT INTO language VALUES ('Afghan Persian');
INSERT INTO language VALUES ('German');
INSERT INTO language VALUES ('Bosnian');
INSERT INTO language VALUES ('Georgian');
INSERT INTO language VALUES ('Macedonian');
INSERT INTO language VALUES ('Phillipine Languages');
INSERT INTO language VALUES ('Other Pacific Island Languages');
INSERT INTO language VALUES ('Afrikaans');
INSERT INTO language VALUES ('Albanian');
INSERT INTO country_language VALUES ('MK', 'Albanian');
INSERT INTO country_language VALUES ('MK', 'Macedonian');
INSERT INTO country_language VALUES ('MK', 'Turkish');
INSERT INTO country_language VALUES ('MK', 'Serbian');
INSERT INTO country_language VALUES ('SRB', 'Serbian');
INSERT INTO country_language VALUES ('SRB', 'Hungarian');
INSERT INTO country_language VALUES ('SRB', 'Bosnian');
INSERT INTO country_language VALUES ('SRB', 'Roma');
INSERT INTO country_language VALUES ('MNE', 'Serbian');
INSERT INTO country_language VALUES ('MNE', 'Montenegrin');
INSERT INTO country_language VALUES ('MNE', 'Bosnian');
INSERT INTO country_language VALUES ('MNE', 'Albanian');
INSERT INTO country_language VALUES ('F', 'French');
INSERT INTO country_language VALUES ('E', 'Catalan');
INSERT INTO country_language VALUES ('E', 'Galician');
INSERT INTO country_language VALUES ('E', 'Basque');
INSERT INTO country_language VALUES ('A', 'German');
INSERT INTO country_language VALUES ('D', 'German');
INSERT INTO country_language VALUES ('H', 'Hungarian');
INSERT INTO country_language VALUES ('SLO', 'Slovenian');
INSERT INTO country_language VALUES ('SLO', 'Croatian');
INSERT INTO country_language VALUES ('CH', 'French');
INSERT INTO country_language VALUES ('CH', 'German');
INSERT INTO country_language VALUES ('CH', 'Italian');
INSERT INTO country_language VALUES ('CH', 'Romansch');
INSERT INTO country_language VALUES ('PL', 'Polish');
INSERT INTO country_language VALUES ('R', 'Russian');
INSERT INTO country_language VALUES ('B', 'French');
INSERT INTO country_language VALUES ('B', 'German');
INSERT INTO country_language VALUES ('B', 'Dutch');
INSERT INTO country_language VALUES ('NL', 'Dutch');
INSERT INTO country_language VALUES ('BIH', 'Serbo-Croatian');
INSERT INTO country_language VALUES ('HR', 'Serbo-Croatian');
INSERT INTO country_language VALUES ('BG', 'Bulgarian');
INSERT INTO country_language VALUES ('SF', 'Swedish');
INSERT INTO country_language VALUES ('SF', 'Finnish');
INSERT INTO country_language VALUES ('N', 'Norwegian');
INSERT INTO country_language VALUES ('S', 'Swedish');
INSERT INTO country_language VALUES ('IS', 'Icelandic');
INSERT INTO country_language VALUES ('RSM', 'Italian');
INSERT INTO country_language VALUES ('P', 'Portuguese');
INSERT INTO country_language VALUES ('AFG', 'Turkic');
INSERT INTO country_language VALUES ('AFG', 'Pashtu');
INSERT INTO country_language VALUES ('AFG', 'Afghan Persian');
INSERT INTO country_language VALUES ('IR', 'Turkish');
INSERT INTO country_language VALUES ('IR', 'Kurdish');
INSERT INTO country_language VALUES ('IR', 'Balochi');
INSERT INTO country_language VALUES ('IR', 'Arabic');
INSERT INTO country_language VALUES ('IR', 'Luri');
INSERT INTO country_language VALUES ('IR', 'Persian');
INSERT INTO country_language VALUES ('IR', 'Turkic');
INSERT INTO country_language VALUES ('PK', 'Pashtu');
INSERT INTO country_language VALUES ('PK', 'Urdu');
INSERT INTO country_language VALUES ('PK', 'Punjabi');
INSERT INTO country_language VALUES ('PK', 'Sindhi');
INSERT INTO country_language VALUES ('PK', 'Balochi');
INSERT INTO country_language VALUES ('PK', 'Hindko');
INSERT INTO country_language VALUES ('PK', 'Brahui');
INSERT INTO country_language VALUES ('PK', 'Siraiki');
INSERT INTO country_language VALUES ('TM', 'Russian');
INSERT INTO country_language VALUES ('TM', 'Uzbek');
INSERT INTO country_language VALUES ('TM', 'Turkmen');
INSERT INTO country_language VALUES ('UZB', 'Russian');
INSERT INTO country_language VALUES ('UZB', 'Tajik');
INSERT INTO country_language VALUES ('UZB', 'Uzbek');
INSERT INTO country_language VALUES ('ARM', 'Russian');
INSERT INTO country_language VALUES ('ARM', 'Armenian');
INSERT INTO country_language VALUES ('GE', 'Russian');
INSERT INTO country_language VALUES ('GE', 'Armenian');
INSERT INTO country_language VALUES ('GE', 'Azeri');
INSERT INTO country_language VALUES ('GE', 'Georgian');
INSERT INTO country_language VALUES ('AZ', 'Russian');
INSERT INTO country_language VALUES ('AZ', 'Armenian');
INSERT INTO country_language VALUES ('AZ', 'Azeri');
INSERT INTO country_language VALUES ('MYA', 'Burmese');
INSERT INTO country_language VALUES ('IND', 'Hindi');
INSERT INTO country_language VALUES ('KAZ', 'Kazak');
INSERT INTO country_language VALUES ('NOK', 'Korean');
INSERT INTO country_language VALUES ('HONX', 'Chinese');
INSERT INTO country_language VALUES ('HONX', 'English');
INSERT INTO country_language VALUES ('MACX', 'Portuguese');
INSERT INTO country_language VALUES ('MNG', 'Khalkha Mongol');
INSERT INTO country_language VALUES ('NEP', 'Nepali');
INSERT INTO country_language VALUES ('PNG', 'English');
INSERT INTO country_language VALUES ('SA', 'Arabic');
INSERT INTO country_language VALUES ('J', 'Japanese');
INSERT INTO country_language VALUES ('YE', 'Arabic');
INSERT INTO country_language VALUES ('CL', 'Tamil');
INSERT INTO country_language VALUES ('CL', 'Sinhala');
INSERT INTO country_language VALUES ('AXA', 'English');
INSERT INTO country_language VALUES ('AG', 'English');
INSERT INTO country_language VALUES ('BDS', 'English');
INSERT INTO country_language VALUES ('GCA', 'Spanish');
INSERT INTO country_language VALUES ('GCA', 'Indian');
INSERT INTO country_language VALUES ('BVIR', 'English');
INSERT INTO country_language VALUES ('CAYM', 'English');
INSERT INTO country_language VALUES ('CAYM', 'Spanish');
INSERT INTO country_language VALUES ('NIC', 'Spanish');
INSERT INTO country_language VALUES ('PA', 'English');
INSERT INTO country_language VALUES ('C', 'Spanish');
INSERT INTO country_language VALUES ('DOM', 'Spanish');
INSERT INTO country_language VALUES ('RH', 'French');
INSERT INTO country_language VALUES ('GUAD', 'French');
INSERT INTO country_language VALUES ('MNTS', 'English');
INSERT INTO country_language VALUES ('NA', 'Papiamento');
INSERT INTO country_language VALUES ('NA', 'English');
INSERT INTO country_language VALUES ('NA', 'Dutch');
INSERT INTO country_language VALUES ('NA', 'Spanish');
INSERT INTO country_language VALUES ('NA', 'Creole');
INSERT INTO country_language VALUES ('CO', 'Spanish');
INSERT INTO country_language VALUES ('KN', 'English');
INSERT INTO country_language VALUES ('SPMI', 'French');
INSERT INTO country_language VALUES ('TUCA', 'English');
INSERT INTO country_language VALUES ('AMSA', 'Samoan');
INSERT INTO country_language VALUES ('AMSA', 'English');
INSERT INTO country_language VALUES ('AMSA', 'Tongan');
INSERT INTO country_language VALUES ('AUS', 'English');
INSERT INTO country_language VALUES ('FPOL', 'French');
INSERT INTO country_language VALUES ('FPOL', 'Polynesian');
INSERT INTO country_language VALUES ('GUAM', 'English');
INSERT INTO country_language VALUES ('GUAM', 'Chamorro');
INSERT INTO country_language VALUES ('GUAM', 'Phillipine Languages');
INSERT INTO country_language VALUES ('NMIS', 'Phillipine Languages');
INSERT INTO country_language VALUES ('NMIS', 'Chinese Languages');
INSERT INTO country_language VALUES ('NMIS', 'Chamorro');
INSERT INTO country_language VALUES ('NMIS', 'English');
INSERT INTO country_language VALUES ('NMIS', 'Other Pacific Island Languages');
INSERT INTO country_language VALUES ('PITC', 'Pitkern');
INSERT INTO country_language VALUES ('SLB', 'English');
INSERT INTO country_language VALUES ('WAFU', 'Wallisian');
INSERT INTO country_language VALUES ('WAFU', 'Futunian');
INSERT INTO country_language VALUES ('WAFU', 'French');
INSERT INTO country_language VALUES ('RCH', 'Spanish');
INSERT INTO country_language VALUES ('FGU', 'French');
INSERT INTO country_language VALUES ('FALK', 'English');
INSERT INTO country_language VALUES ('RMM', 'Bambara');
INSERT INTO country_language VALUES ('NAM', 'German');
INSERT INTO country_language VALUES ('NAM', 'English');
INSERT INTO country_language VALUES ('NAM', 'Afrikaans');
INSERT INTO country_language VALUES ('RG', 'French');
INSERT INTO country_language VALUES ('LB', 'English');
INSERT INTO country_language VALUES ('MOC', 'Portuguese');
INSERT INTO country_language VALUES ('HELX', 'English');
INSERT INTO country_language VALUES ('STP', 'Portuguese');
INSERT INTO religion VALUES ('Jains');
INSERT INTO religion VALUES ('Presbyterian');
INSERT INTO religion VALUES ('Episcopalian');
INSERT INTO religion VALUES ('Confucianism');
INSERT INTO religion VALUES ('Pentecostal');
INSERT INTO religion VALUES ('Mormon');
INSERT INTO religion VALUES ('Hindu');
INSERT INTO religion VALUES ('Buddhist');
INSERT INTO religion VALUES ('Ekalesia Niue');
INSERT INTO religion VALUES ('Kimbanguist');
INSERT INTO religion VALUES ('Sikh');
INSERT INTO religion VALUES ('United Church');
INSERT INTO religion VALUES ('Jewish');
INSERT INTO religion VALUES ('Christian Congregationalist');
INSERT INTO religion VALUES ('Church of God');
INSERT INTO religion VALUES ('Roman Catholic');
INSERT INTO religion VALUES ('African Methodist Episcopal');
INSERT INTO religion VALUES ('United');
INSERT INTO religion VALUES ('Judaism');
INSERT INTO religion VALUES ('Taoist');
INSERT INTO religion VALUES ('Evangelical Alliance');
INSERT INTO religion VALUES ('Baptist');
INSERT INTO religion VALUES ('Seventh-Day Adventist');
INSERT INTO religion VALUES ('Church Christ');
INSERT INTO religion VALUES ('Chondogyo');
INSERT INTO religion VALUES ('Druze');
INSERT INTO religion VALUES ('Bahai');
INSERT INTO religion VALUES ('Armenian Apostolic');
INSERT INTO religion VALUES ('Coptic Christian');
INSERT INTO religion VALUES ('Muslim');
INSERT INTO religion VALUES ('Church Tuvalu');
INSERT INTO religion VALUES ('Uniting Church Australia');
INSERT INTO religion VALUES ('Anglican');
INSERT INTO religion VALUES ('Christian');
INSERT INTO religion VALUES ('Christian Orthodox');
INSERT INTO religion VALUES ('Methodist');
INSERT INTO religion VALUES ('Protestant');
INSERT INTO country_religion VALUES ('AL', 'Muslim');
INSERT INTO country_religion VALUES ('AL', 'Roman Catholic');
INSERT INTO country_religion VALUES ('AL', 'Christian Orthodox');
INSERT INTO country_religion VALUES ('GR', 'Muslim');
INSERT INTO country_religion VALUES ('GR', 'Christian Orthodox');
INSERT INTO country_religion VALUES ('MK', 'Muslim');
INSERT INTO country_religion VALUES ('MK', 'Christian Orthodox');
INSERT INTO country_religion VALUES ('SRB', 'Christian Orthodox');
INSERT INTO country_religion VALUES ('SRB', 'Muslim');
INSERT INTO country_religion VALUES ('SRB', 'Roman Catholic');
INSERT INTO country_religion VALUES ('SRB', 'Protestant');
INSERT INTO country_religion VALUES ('MNE', 'Christian Orthodox');
INSERT INTO country_religion VALUES ('MNE', 'Muslim');
INSERT INTO country_religion VALUES ('MNE', 'Roman Catholic');
INSERT INTO country_religion VALUES ('AND', 'Roman Catholic');
INSERT INTO country_religion VALUES ('F', 'Muslim');
INSERT INTO country_religion VALUES ('F', 'Jewish');
INSERT INTO country_religion VALUES ('F', 'Roman Catholic');
INSERT INTO country_religion VALUES ('F', 'Protestant');
INSERT INTO country_religion VALUES ('E', 'Roman Catholic');
INSERT INTO country_religion VALUES ('A', 'Roman Catholic');
INSERT INTO country_religion VALUES ('A', 'Protestant');
INSERT INTO country_religion VALUES ('CZ', 'Roman Catholic');
INSERT INTO country_religion VALUES ('CZ', 'Protestant');
INSERT INTO country_religion VALUES ('CZ', 'Christian Orthodox');
INSERT INTO country_religion VALUES ('D', 'Roman Catholic');
INSERT INTO country_religion VALUES ('D', 'Protestant');
INSERT INTO country_religion VALUES ('H', 'Roman Catholic');
INSERT INTO country_religion VALUES ('H', 'Protestant');
INSERT INTO country_religion VALUES ('I', 'Roman Catholic');
INSERT INTO country_religion VALUES ('FL', 'Roman Catholic');
INSERT INTO country_religion VALUES ('FL', 'Protestant');
INSERT INTO country_religion VALUES ('SK', 'Roman Catholic');
INSERT INTO country_religion VALUES ('SK', 'Protestant');
INSERT INTO country_religion VALUES ('SK', 'Christian Orthodox');
INSERT INTO country_religion VALUES ('SLO', 'Muslim');
INSERT INTO country_religion VALUES ('SLO', 'Roman Catholic');
INSERT INTO country_religion VALUES ('CH', 'Roman Catholic');
INSERT INTO country_religion VALUES ('CH', 'Protestant');
INSERT INTO country_religion VALUES ('BY', 'Christian Orthodox');
INSERT INTO country_religion VALUES ('PL', 'Roman Catholic');
INSERT INTO country_religion VALUES ('B', 'Roman Catholic');
INSERT INTO country_religion VALUES ('B', 'Protestant');
INSERT INTO country_religion VALUES ('L', 'Roman Catholic');
INSERT INTO country_religion VALUES ('L', 'Jewish');
INSERT INTO country_religion VALUES ('NL', 'Muslim');
INSERT INTO country_religion VALUES ('NL', 'Roman Catholic');
INSERT INTO country_religion VALUES ('NL', 'Protestant');
INSERT INTO country_religion VALUES ('BIH', 'Muslim');
INSERT INTO country_religion VALUES ('BIH', 'Protestant');
INSERT INTO country_religion VALUES ('BIH', 'Christian Orthodox');
INSERT INTO country_religion VALUES ('BIH', 'Roman Catholic');
INSERT INTO country_religion VALUES ('HR', 'Protestant');
INSERT INTO country_religion VALUES ('HR', 'Christian Orthodox');
INSERT INTO country_religion VALUES ('HR', 'Roman Catholic');
INSERT INTO country_religion VALUES ('HR', 'Muslim');
INSERT INTO country_religion VALUES ('BG', 'Muslim');
INSERT INTO country_religion VALUES ('BG', 'Jewish');
INSERT INTO country_religion VALUES ('BG', 'Roman Catholic');
INSERT INTO country_religion VALUES ('BG', 'Christian Orthodox');
INSERT INTO country_religion VALUES ('RO', 'Roman Catholic');
INSERT INTO country_religion VALUES ('RO', 'Protestant');
INSERT INTO country_religion VALUES ('RO', 'Christian Orthodox');
INSERT INTO country_religion VALUES ('TR', 'Muslim');
INSERT INTO country_religion VALUES ('DK', 'Protestant');
INSERT INTO country_religion VALUES ('DK', 'Roman Catholic');
INSERT INTO country_religion VALUES ('FARX', 'Protestant');
INSERT INTO country_religion VALUES ('SF', 'Christian Orthodox');
INSERT INTO country_religion VALUES ('SF', 'Protestant');
INSERT INTO country_religion VALUES ('N', 'Protestant');
INSERT INTO country_religion VALUES ('N', 'Roman Catholic');
INSERT INTO country_religion VALUES ('S', 'Roman Catholic');
INSERT INTO country_religion VALUES ('S', 'Protestant');
INSERT INTO country_religion VALUES ('S', 'Pentecostal');
INSERT INTO country_religion VALUES ('MC', 'Roman Catholic');
INSERT INTO country_religion VALUES ('GBZ', 'Muslim');
INSERT INTO country_religion VALUES ('GBZ', 'Jewish');
INSERT INTO country_religion VALUES ('GBZ', 'Roman Catholic');
INSERT INTO country_religion VALUES ('GBZ', 'Protestant');
INSERT INTO country_religion VALUES ('V', 'Roman Catholic');
INSERT INTO country_religion VALUES ('IS', 'Protestant');
INSERT INTO country_religion VALUES ('IS', 'Roman Catholic');
INSERT INTO country_religion VALUES ('IRL', 'Roman Catholic');
INSERT INTO country_religion VALUES ('IRL', 'Anglican');
INSERT INTO country_religion VALUES ('RSM', 'Roman Catholic');
INSERT INTO country_religion VALUES ('M', 'Roman Catholic');
INSERT INTO country_religion VALUES ('MD', 'Jewish');
INSERT INTO country_religion VALUES ('MD', 'Christian Orthodox');
INSERT INTO country_religion VALUES ('P', 'Roman Catholic');
INSERT INTO country_religion VALUES ('P', 'Protestant');
INSERT INTO country_religion VALUES ('AFG', 'Muslim');
INSERT INTO country_religion VALUES ('TJ', 'Muslim');
INSERT INTO country_religion VALUES ('TJ', 'Christian');
INSERT INTO country_religion VALUES ('IR', 'Muslim');
INSERT INTO country_religion VALUES ('IR', 'Bahai');
INSERT INTO country_religion VALUES ('PK', 'Muslim');
INSERT INTO country_religion VALUES ('TAD', 'Muslim');
INSERT INTO country_religion VALUES ('TM', 'Muslim');
INSERT INTO country_religion VALUES ('TM', 'Christian Orthodox');
INSERT INTO country_religion VALUES ('UZB', 'Muslim');
INSERT INTO country_religion VALUES ('UZB', 'Christian Orthodox');
INSERT INTO country_religion VALUES ('ARM', 'Christian Orthodox');
INSERT INTO country_religion VALUES ('GE', 'Muslim');
INSERT INTO country_religion VALUES ('GE', 'Armenian Apostolic');
INSERT INTO country_religion VALUES ('GE', 'Christian Orthodox');
INSERT INTO country_religion VALUES ('AZ', 'Muslim');
INSERT INTO country_religion VALUES ('AZ', 'Christian Orthodox');
INSERT INTO country_religion VALUES ('BRN', 'Muslim');
INSERT INTO country_religion VALUES ('BD', 'Muslim');
INSERT INTO country_religion VALUES ('BD', 'Hindu');
INSERT INTO country_religion VALUES ('MYA', 'Muslim');
INSERT INTO country_religion VALUES ('MYA', 'Christian');
INSERT INTO country_religion VALUES ('MYA', 'Buddhist');
INSERT INTO country_religion VALUES ('IND', 'Muslim');
INSERT INTO country_religion VALUES ('IND', 'Christian');
INSERT INTO country_religion VALUES ('IND', 'Buddhist');
INSERT INTO country_religion VALUES ('IND', 'Hindu');
INSERT INTO country_religion VALUES ('IND', 'Sikh');
INSERT INTO country_religion VALUES ('IND', 'Jains');
INSERT INTO country_religion VALUES ('BHT', 'Buddhist');
INSERT INTO country_religion VALUES ('BHT', 'Hindu');
INSERT INTO country_religion VALUES ('BRU', 'Muslim');
INSERT INTO country_religion VALUES ('BRU', 'Christian');
INSERT INTO country_religion VALUES ('BRU', 'Buddhist');
INSERT INTO country_religion VALUES ('LAO', 'Buddhist');
INSERT INTO country_religion VALUES ('THA', 'Muslim');
INSERT INTO country_religion VALUES ('THA', 'Buddhist');
INSERT INTO country_religion VALUES ('THA', 'Christian');
INSERT INTO country_religion VALUES ('THA', 'Hindu');
INSERT INTO country_religion VALUES ('K', 'Buddhist');
INSERT INTO country_religion VALUES ('KAZ', 'Muslim');
INSERT INTO country_religion VALUES ('KAZ', 'Protestant');
INSERT INTO country_religion VALUES ('KAZ', 'Christian Orthodox');
INSERT INTO country_religion VALUES ('HONX', 'Christian');
INSERT INTO country_religion VALUES ('MACX', 'Roman Catholic');
INSERT INTO country_religion VALUES ('MACX', 'Protestant');
INSERT INTO country_religion VALUES ('MACX', 'Buddhist');
INSERT INTO country_religion VALUES ('MNG', 'Muslim');
INSERT INTO country_religion VALUES ('NEP', 'Muslim');
INSERT INTO country_religion VALUES ('NEP', 'Buddhist');
INSERT INTO country_religion VALUES ('NEP', 'Hindu');
INSERT INTO country_religion VALUES ('XMAS', 'Muslim');
INSERT INTO country_religion VALUES ('XMAS', 'Christian');
INSERT INTO country_religion VALUES ('XMAS', 'Buddhist');
INSERT INTO country_religion VALUES ('COCO', 'Muslim');
INSERT INTO country_religion VALUES ('COCO', 'Christian');
INSERT INTO country_religion VALUES ('CY', 'Muslim');
INSERT INTO country_religion VALUES ('CY', 'Christian Orthodox');
INSERT INTO country_religion VALUES ('GAZA', 'Muslim');
INSERT INTO country_religion VALUES ('GAZA', 'Jewish');
INSERT INTO country_religion VALUES ('GAZA', 'Christian');
INSERT INTO country_religion VALUES ('IL', 'Christian');
INSERT INTO country_religion VALUES ('IL', 'Muslim');
INSERT INTO country_religion VALUES ('IL', 'Druze');
INSERT INTO country_religion VALUES ('IL', 'Judaism');
INSERT INTO country_religion VALUES ('ET', 'Muslim');
INSERT INTO country_religion VALUES ('ET', 'Coptic Christian');
INSERT INTO country_religion VALUES ('RI', 'Muslim');
INSERT INTO country_religion VALUES ('RI', 'Roman Catholic');
INSERT INTO country_religion VALUES ('RI', 'Protestant');
INSERT INTO country_religion VALUES ('RI', 'Buddhist');
INSERT INTO country_religion VALUES ('RI', 'Hindu');
INSERT INTO country_religion VALUES ('TL', 'Muslim');
INSERT INTO country_religion VALUES ('TL', 'Protestant');
INSERT INTO country_religion VALUES ('TL', 'Roman Catholic');
INSERT INTO country_religion VALUES ('PNG', 'Roman Catholic');
INSERT INTO country_religion VALUES ('PNG', 'Protestant');
INSERT INTO country_religion VALUES ('PNG', 'Anglican');
INSERT INTO country_religion VALUES ('PNG', 'Seventh-Day Adventist');
INSERT INTO country_religion VALUES ('PNG', 'Presbyterian');
INSERT INTO country_religion VALUES ('PNG', 'Evangelical Alliance');
INSERT INTO country_religion VALUES ('IRQ', 'Muslim');
INSERT INTO country_religion VALUES ('IRQ', 'Christian');
INSERT INTO country_religion VALUES ('JOR', 'Muslim');
INSERT INTO country_religion VALUES ('JOR', 'Christian');
INSERT INTO country_religion VALUES ('KWT', 'Muslim');
INSERT INTO country_religion VALUES ('SA', 'Muslim');
INSERT INTO country_religion VALUES ('SYR', 'Muslim');
INSERT INTO country_religion VALUES ('SYR', 'Christian');
INSERT INTO country_religion VALUES ('RL', 'Christian');
INSERT INTO country_religion VALUES ('RL', 'Muslim');
INSERT INTO country_religion VALUES ('WEST', 'Muslim');
INSERT INTO country_religion VALUES ('WEST', 'Jewish');
INSERT INTO country_religion VALUES ('WEST', 'Christian');
INSERT INTO country_religion VALUES ('J', 'Buddhist');
INSERT INTO country_religion VALUES ('ROK', 'Buddhist');
INSERT INTO country_religion VALUES ('ROK', 'Christian');
INSERT INTO country_religion VALUES ('ROK', 'Confucianism');
INSERT INTO country_religion VALUES ('ROK', 'Chondogyo');
INSERT INTO country_religion VALUES ('MV', 'Muslim');
INSERT INTO country_religion VALUES ('OM', 'Muslim');
INSERT INTO country_religion VALUES ('UAE', 'Muslim');
INSERT INTO country_religion VALUES ('RP', 'Muslim');
INSERT INTO country_religion VALUES ('RP', 'Roman Catholic');
INSERT INTO country_religion VALUES ('RP', 'Protestant');
INSERT INTO country_religion VALUES ('RP', 'Buddhist');
INSERT INTO country_religion VALUES ('Q', 'Muslim');
INSERT INTO country_religion VALUES ('CL', 'Muslim');
INSERT INTO country_religion VALUES ('CL', 'Christian');
INSERT INTO country_religion VALUES ('CL', 'Buddhist');
INSERT INTO country_religion VALUES ('CL', 'Hindu');
INSERT INTO country_religion VALUES ('RC', 'Christian');
INSERT INTO country_religion VALUES ('RC', 'Taoist');
INSERT INTO country_religion VALUES ('AXA', 'Roman Catholic');
INSERT INTO country_religion VALUES ('AXA', 'Protestant');
INSERT INTO country_religion VALUES ('AXA', 'Anglican');
INSERT INTO country_religion VALUES ('AXA', 'Methodist');
INSERT INTO country_religion VALUES ('ARU', 'Roman Catholic');
INSERT INTO country_religion VALUES ('ARU', 'Protestant');
INSERT INTO country_religion VALUES ('BS', 'Roman Catholic');
INSERT INTO country_religion VALUES ('BS', 'Protestant');
INSERT INTO country_religion VALUES ('BS', 'Anglican');
INSERT INTO country_religion VALUES ('BS', 'Baptist');
INSERT INTO country_religion VALUES ('BS', 'Methodist');
INSERT INTO country_religion VALUES ('BS', 'Church of God');
INSERT INTO country_religion VALUES ('BDS', 'Roman Catholic');
INSERT INTO country_religion VALUES ('BDS', 'Protestant');
INSERT INTO country_religion VALUES ('BZ', 'Roman Catholic');
INSERT INTO country_religion VALUES ('BZ', 'Protestant');
INSERT INTO country_religion VALUES ('MEX', 'Roman Catholic');
INSERT INTO country_religion VALUES ('MEX', 'Protestant');
INSERT INTO country_religion VALUES ('BERM', 'Roman Catholic');
INSERT INTO country_religion VALUES ('BERM', 'Anglican');
INSERT INTO country_religion VALUES ('BERM', 'Seventh-Day Adventist');
INSERT INTO country_religion VALUES ('BERM', 'Protestant');
INSERT INTO country_religion VALUES ('BERM', 'African Methodist Episcopal');
INSERT INTO country_religion VALUES ('BVIR', 'Roman Catholic');
INSERT INTO country_religion VALUES ('BVIR', 'Protestant');
INSERT INTO country_religion VALUES ('CDN', 'Roman Catholic');
INSERT INTO country_religion VALUES ('CDN', 'Anglican');
INSERT INTO country_religion VALUES ('CDN', 'United Church');
INSERT INTO country_religion VALUES ('USA', 'Jewish');
INSERT INTO country_religion VALUES ('USA', 'Roman Catholic');
INSERT INTO country_religion VALUES ('USA', 'Protestant');
INSERT INTO country_religion VALUES ('CAYM', 'Roman Catholic');
INSERT INTO country_religion VALUES ('CAYM', 'Anglican');
INSERT INTO country_religion VALUES ('CAYM', 'Church of God');
INSERT INTO country_religion VALUES ('CAYM', 'United Church');
INSERT INTO country_religion VALUES ('CR', 'Roman Catholic');
INSERT INTO country_religion VALUES ('NIC', 'Roman Catholic');
INSERT INTO country_religion VALUES ('NIC', 'Protestant');
INSERT INTO country_religion VALUES ('PA', 'Roman Catholic');
INSERT INTO country_religion VALUES ('PA', 'Protestant');
INSERT INTO country_religion VALUES ('C', 'Roman Catholic');
INSERT INTO country_religion VALUES ('WD', 'Roman Catholic');
INSERT INTO country_religion VALUES ('WD', 'Protestant');
INSERT INTO country_religion VALUES ('DOM', 'Roman Catholic');
INSERT INTO country_religion VALUES ('RH', 'Roman Catholic');
INSERT INTO country_religion VALUES ('RH', 'Protestant');
INSERT INTO country_religion VALUES ('ES', 'Roman Catholic');
INSERT INTO country_religion VALUES ('HCA', 'Roman Catholic');
INSERT INTO country_religion VALUES ('GROX', 'Protestant');
INSERT INTO country_religion VALUES ('GUAD', 'Roman Catholic');
INSERT INTO country_religion VALUES ('GUAD', 'Protestant');
INSERT INTO country_religion VALUES ('GUAD', 'Hindu');
INSERT INTO country_religion VALUES ('JA', 'Roman Catholic');
INSERT INTO country_religion VALUES ('JA', 'Protestant');
INSERT INTO country_religion VALUES ('MART', 'Roman Catholic');
INSERT INTO country_religion VALUES ('MART', 'Hindu');
INSERT INTO country_religion VALUES ('CO', 'Roman Catholic');
INSERT INTO country_religion VALUES ('PR', 'Roman Catholic');
INSERT INTO country_religion VALUES ('PR', 'Protestant');
INSERT INTO country_religion VALUES ('WL', 'Roman Catholic');
INSERT INTO country_religion VALUES ('WL', 'Protestant');
INSERT INTO country_religion VALUES ('WL', 'Anglican');
INSERT INTO country_religion VALUES ('SPMI', 'Roman Catholic');
INSERT INTO country_religion VALUES ('TT', 'Muslim');
INSERT INTO country_religion VALUES ('TT', 'Roman Catholic');
INSERT INTO country_religion VALUES ('TT', 'Protestant');
INSERT INTO country_religion VALUES ('TT', 'Anglican');
INSERT INTO country_religion VALUES ('TT', 'Hindu');
INSERT INTO country_religion VALUES ('TUCA', 'Anglican');
INSERT INTO country_religion VALUES ('TUCA', 'Baptist');
INSERT INTO country_religion VALUES ('TUCA', 'Church of God');
INSERT INTO country_religion VALUES ('TUCA', 'Methodist');
INSERT INTO country_religion VALUES ('VIRG', 'Roman Catholic');
INSERT INTO country_religion VALUES ('VIRG', 'Baptist');
INSERT INTO country_religion VALUES ('VIRG', 'Episcopalian');
INSERT INTO country_religion VALUES ('AMSA', 'Roman Catholic');
INSERT INTO country_religion VALUES ('AMSA', 'Protestant');
INSERT INTO country_religion VALUES ('AMSA', 'Christian Congregationalist');
INSERT INTO country_religion VALUES ('AUS', 'Roman Catholic');
INSERT INTO country_religion VALUES ('AUS', 'Anglican');
INSERT INTO country_religion VALUES ('AUS', 'Christian');
INSERT INTO country_religion VALUES ('COOK', 'Christian');
INSERT INTO country_religion VALUES ('FJI', 'Muslim');
INSERT INTO country_religion VALUES ('FJI', 'Christian');
INSERT INTO country_religion VALUES ('FJI', 'Hindu');
INSERT INTO country_religion VALUES ('FPOL', 'Roman Catholic');
INSERT INTO country_religion VALUES ('FPOL', 'Protestant');
INSERT INTO country_religion VALUES ('GUAM', 'Roman Catholic');
INSERT INTO country_religion VALUES ('KIR', 'Roman Catholic');
INSERT INTO country_religion VALUES ('KIR', 'Protestant');
INSERT INTO country_religion VALUES ('KIR', 'Mormon');
INSERT INTO country_religion VALUES ('MH', 'Christian');
INSERT INTO country_religion VALUES ('FSM', 'Roman Catholic');
INSERT INTO country_religion VALUES ('FSM', 'Protestant');
INSERT INTO country_religion VALUES ('NAU', 'Christian');
INSERT INTO country_religion VALUES ('NCA', 'Roman Catholic');
INSERT INTO country_religion VALUES ('NCA', 'Protestant');
INSERT INTO country_religion VALUES ('NZ', 'Roman Catholic');
INSERT INTO country_religion VALUES ('NZ', 'Protestant');
INSERT INTO country_religion VALUES ('NZ', 'Anglican');
INSERT INTO country_religion VALUES ('NZ', 'Baptist');
INSERT INTO country_religion VALUES ('NZ', 'Methodist');
INSERT INTO country_religion VALUES ('NZ', 'Presbyterian');
INSERT INTO country_religion VALUES ('NIUE', 'Mormon');
INSERT INTO country_religion VALUES ('NIUE', 'Ekalesia Niue');
INSERT INTO country_religion VALUES ('NIUE', 'Roman Catholic');
INSERT INTO country_religion VALUES ('NORF', 'Roman Catholic');
INSERT INTO country_religion VALUES ('NORF', 'Anglican');
INSERT INTO country_religion VALUES ('NORF', 'Seventh-Day Adventist');
INSERT INTO country_religion VALUES ('NORF', 'Uniting Church Australia');
INSERT INTO country_religion VALUES ('PITC', 'Seventh-Day Adventist');
INSERT INTO country_religion VALUES ('SLB', 'Roman Catholic');
INSERT INTO country_religion VALUES ('SLB', 'Protestant');
INSERT INTO country_religion VALUES ('SLB', 'Anglican');
INSERT INTO country_religion VALUES ('SLB', 'Baptist');
INSERT INTO country_religion VALUES ('SLB', 'Seventh-Day Adventist');
INSERT INTO country_religion VALUES ('SLB', 'United');
INSERT INTO country_religion VALUES ('TO', 'Christian');
INSERT INTO country_religion VALUES ('TUV', 'Bahai');
INSERT INTO country_religion VALUES ('TUV', 'Seventh-Day Adventist');
INSERT INTO country_religion VALUES ('TUV', 'Church Tuvalu');
INSERT INTO country_religion VALUES ('VU', 'Roman Catholic');
INSERT INTO country_religion VALUES ('VU', 'Anglican');
INSERT INTO country_religion VALUES ('VU', 'Seventh-Day Adventist');
INSERT INTO country_religion VALUES ('VU', 'Presbyterian');
INSERT INTO country_religion VALUES ('VU', 'Church Christ');
INSERT INTO country_religion VALUES ('WAFU', 'Roman Catholic');
INSERT INTO country_religion VALUES ('WS', 'Christian');
INSERT INTO country_religion VALUES ('RA', 'Jewish');
INSERT INTO country_religion VALUES ('RA', 'Roman Catholic');
INSERT INTO country_religion VALUES ('RA', 'Protestant');
INSERT INTO country_religion VALUES ('BOL', 'Roman Catholic');
INSERT INTO country_religion VALUES ('BR', 'Roman Catholic');
INSERT INTO country_religion VALUES ('RCH', 'Roman Catholic');
INSERT INTO country_religion VALUES ('RCH', 'Protestant');
INSERT INTO country_religion VALUES ('PY', 'Roman Catholic');
INSERT INTO country_religion VALUES ('ROU', 'Jewish');
INSERT INTO country_religion VALUES ('ROU', 'Roman Catholic');
INSERT INTO country_religion VALUES ('ROU', 'Protestant');
INSERT INTO country_religion VALUES ('PE', 'Roman Catholic');
INSERT INTO country_religion VALUES ('FGU', 'Roman Catholic');
INSERT INTO country_religion VALUES ('GUY', 'Muslim');
INSERT INTO country_religion VALUES ('GUY', 'Christian');
INSERT INTO country_religion VALUES ('GUY', 'Hindu');
INSERT INTO country_religion VALUES ('SME', 'Muslim');
INSERT INTO country_religion VALUES ('SME', 'Roman Catholic');
INSERT INTO country_religion VALUES ('SME', 'Protestant');
INSERT INTO country_religion VALUES ('SME', 'Hindu');
INSERT INTO country_religion VALUES ('YV', 'Roman Catholic');
INSERT INTO country_religion VALUES ('YV', 'Protestant');
INSERT INTO country_religion VALUES ('EC', 'Roman Catholic');
INSERT INTO country_religion VALUES ('DZ', 'Muslim');
INSERT INTO country_religion VALUES ('DZ', 'Christian');
INSERT INTO country_religion VALUES ('DZ', 'Jewish');
INSERT INTO country_religion VALUES ('LAR', 'Muslim');
INSERT INTO country_religion VALUES ('RMM', 'Muslim');
INSERT INTO country_religion VALUES ('RMM', 'Christian');
INSERT INTO country_religion VALUES ('RIM', 'Muslim');
INSERT INTO country_religion VALUES ('MA', 'Muslim');
INSERT INTO country_religion VALUES ('MA', 'Jewish');
INSERT INTO country_religion VALUES ('MA', 'Christian');
INSERT INTO country_religion VALUES ('RN', 'Muslim');
INSERT INTO country_religion VALUES ('TN', 'Muslim');
INSERT INTO country_religion VALUES ('TN', 'Jewish');
INSERT INTO country_religion VALUES ('TN', 'Christian');
INSERT INTO country_religion VALUES ('WSA', 'Muslim');
INSERT INTO country_religion VALUES ('ANG', 'Roman Catholic');
INSERT INTO country_religion VALUES ('ANG', 'Protestant');
INSERT INTO country_religion VALUES ('RCB', 'Muslim');
INSERT INTO country_religion VALUES ('RCB', 'Christian');
INSERT INTO country_religion VALUES ('NAM', 'Protestant');
INSERT INTO country_religion VALUES ('ZRE', 'Muslim');
INSERT INTO country_religion VALUES ('ZRE', 'Roman Catholic');
INSERT INTO country_religion VALUES ('ZRE', 'Protestant');
INSERT INTO country_religion VALUES ('ZRE', 'Kimbanguist');
INSERT INTO country_religion VALUES ('Z', 'Christian');
INSERT INTO country_religion VALUES ('Z', 'Muslim');
INSERT INTO country_religion VALUES ('BEN', 'Muslim');
INSERT INTO country_religion VALUES ('BEN', 'Christian');
INSERT INTO country_religion VALUES ('BF', 'Muslim');
INSERT INTO country_religion VALUES ('BF', 'Christian');
INSERT INTO country_religion VALUES ('WAN', 'Muslim');
INSERT INTO country_religion VALUES ('WAN', 'Christian');
INSERT INTO country_religion VALUES ('RT', 'Muslim');
INSERT INTO country_religion VALUES ('RT', 'Christian');
INSERT INTO country_religion VALUES ('RB', 'Christian');
INSERT INTO country_religion VALUES ('RSA', 'Muslim');
INSERT INTO country_religion VALUES ('ZW', 'Muslim');
INSERT INTO country_religion VALUES ('ZW', 'Christian');
INSERT INTO country_religion VALUES ('CI', 'Muslim');
INSERT INTO country_religion VALUES ('CI', 'Christian');
INSERT INTO country_religion VALUES ('GH', 'Muslim');
INSERT INTO country_religion VALUES ('GH', 'Christian');
INSERT INTO country_religion VALUES ('BI', 'Muslim');
INSERT INTO country_religion VALUES ('BI', 'Christian');
INSERT INTO country_religion VALUES ('RWA', 'Muslim');
INSERT INTO country_religion VALUES ('RWA', 'Roman Catholic');
INSERT INTO country_religion VALUES ('RWA', 'Protestant');
INSERT INTO country_religion VALUES ('CAM', 'Muslim');
INSERT INTO country_religion VALUES ('CAM', 'Christian');
INSERT INTO country_religion VALUES ('RCA', 'Muslim');
INSERT INTO country_religion VALUES ('RCA', 'Roman Catholic');
INSERT INTO country_religion VALUES ('RCA', 'Protestant');
INSERT INTO country_religion VALUES ('TCH', 'Muslim');
INSERT INTO country_religion VALUES ('TCH', 'Christian');
INSERT INTO country_religion VALUES ('GQ', 'Roman Catholic');
INSERT INTO country_religion VALUES ('G', 'Muslim');
INSERT INTO country_religion VALUES ('G', 'Christian');
INSERT INTO country_religion VALUES ('CV', 'Roman Catholic');
INSERT INTO country_religion VALUES ('SUD', 'Muslim');
INSERT INTO country_religion VALUES ('SUD', 'Christian');
INSERT INTO country_religion VALUES ('COM', 'Roman Catholic');
INSERT INTO country_religion VALUES ('COM', 'Muslim');
INSERT INTO country_religion VALUES ('RG', 'Muslim');
INSERT INTO country_religion VALUES ('RG', 'Christian');
INSERT INTO country_religion VALUES ('LB', 'Muslim');
INSERT INTO country_religion VALUES ('LB', 'Christian');
INSERT INTO country_religion VALUES ('DJI', 'Muslim');
INSERT INTO country_religion VALUES ('DJI', 'Christian');
INSERT INTO country_religion VALUES ('ETH', 'Muslim');
INSERT INTO country_religion VALUES ('ETH', 'Christian Orthodox');
INSERT INTO country_religion VALUES ('SP', 'Muslim');
INSERT INTO country_religion VALUES ('EAK', 'Roman Catholic');
INSERT INTO country_religion VALUES ('EAK', 'Protestant');
INSERT INTO country_religion VALUES ('WAG', 'Muslim');
INSERT INTO country_religion VALUES ('WAG', 'Christian');
INSERT INTO country_religion VALUES ('SN', 'Muslim');
INSERT INTO country_religion VALUES ('SN', 'Christian');
INSERT INTO country_religion VALUES ('GNB', 'Muslim');
INSERT INTO country_religion VALUES ('GNB', 'Christian');
INSERT INTO country_religion VALUES ('WAL', 'Muslim');
INSERT INTO country_religion VALUES ('WAL', 'Christian');
INSERT INTO country_religion VALUES ('EAU', 'Muslim');
INSERT INTO country_religion VALUES ('EAU', 'Roman Catholic');
INSERT INTO country_religion VALUES ('EAU', 'Protestant');
INSERT INTO country_religion VALUES ('LS', 'Christian');
INSERT INTO country_religion VALUES ('RM', 'Muslim');
INSERT INTO country_religion VALUES ('RM', 'Christian');
INSERT INTO country_religion VALUES ('MW', 'Muslim');
INSERT INTO country_religion VALUES ('MW', 'Roman Catholic');
INSERT INTO country_religion VALUES ('MW', 'Protestant');
INSERT INTO country_religion VALUES ('MOC', 'Muslim');
INSERT INTO country_religion VALUES ('MOC', 'Christian');
INSERT INTO country_religion VALUES ('MS', 'Muslim');
INSERT INTO country_religion VALUES ('MS', 'Christian');
INSERT INTO country_religion VALUES ('MS', 'Hindu');
INSERT INTO country_religion VALUES ('MAYO', 'Muslim');
INSERT INTO country_religion VALUES ('SD', 'Christian');
INSERT INTO country_religion VALUES ('REUN', 'Roman Catholic');
INSERT INTO country_religion VALUES ('SY', 'Roman Catholic');
INSERT INTO country_religion VALUES ('SY', 'Anglican');
INSERT INTO island_country VALUES ('New Guinea', 'PNG');
INSERT INTO island_country VALUES ('Great Britain', 'GB');
INSERT INTO island_country VALUES ('Saint Pierre', 'SPMI');
INSERT INTO island_country VALUES ('Hispaniola', 'RH');
INSERT INTO island_country VALUES ('Spiekeroog', 'D');
INSERT INTO island_country VALUES ('Kotelny Island', 'R');
INSERT INTO island_country VALUES ('Grenada', 'WG');
INSERT INTO island_country VALUES ('Grand Comoro', 'COM');
INSERT INTO island_country VALUES ('Isabela', 'EC');
INSERT INTO island_country VALUES ('Oahu', 'USA');
INSERT INTO island_country VALUES ('Barra', 'GB');
INSERT INTO island_country VALUES ('Gomera', 'E');
INSERT INTO island_country VALUES ('Ikaria', 'GR');
INSERT INTO island_country VALUES ('Tasmania', 'AUS');
INSERT INTO island_country VALUES ('St. Martin', 'NA');
INSERT INTO island_country VALUES ('Saint Thomas', 'VIRG');
INSERT INTO island_country VALUES ('Kavaratti', 'IND');
INSERT INTO island_country VALUES ('Fuerteventura', 'E');
INSERT INTO island_country VALUES ('Tobago', 'TT');
INSERT INTO island_country VALUES ('Fohr', 'D');
INSERT INTO island_country VALUES ('Kauai', 'USA');
INSERT INTO island_country VALUES ('Pulau Panjang', 'COCO');
INSERT INTO island_country VALUES ('Saint Vincent', 'WV');
INSERT INTO island_country VALUES ('Te Ika-a-Maui (North Island)', 'NZ');
INSERT INTO island_country VALUES ('Sri Lanka', 'CL');
INSERT INTO island_country VALUES ('Iceland', 'IS');
INSERT INTO island_country VALUES ('Samosir', 'RI');
INSERT INTO island_country VALUES ('Fongafale', 'TUV');
INSERT INTO island_country VALUES ('Korfu', 'GR');
INSERT INTO island_country VALUES ('Faial', 'P');
INSERT INTO island_country VALUES ('Pitcairn', 'PITC');
INSERT INTO island_country VALUES ('Shetland Mainland', 'GB');
INSERT INTO island_country VALUES ('Oesel', 'EW');
INSERT INTO island_country VALUES ('Chios', 'GR');
INSERT INTO island_country VALUES ('Bonaire', 'NA');
INSERT INTO island_country VALUES ('Panarea', 'I');
INSERT INTO island_country VALUES ('Streymoy', 'FARX');
INSERT INTO island_country VALUES ('East Falkland', 'FALK');
INSERT INTO island_country VALUES ('Sicilia', 'I');
INSERT INTO island_country VALUES ('Futuna', 'WAFU');
INSERT INTO island_country VALUES ('Texel', 'NL');
INSERT INTO island_country VALUES ('Ellesmere Island', 'CDN');
INSERT INTO island_country VALUES ('Borkum', 'D');
INSERT INTO island_country VALUES ('Sumbawa', 'RI');
INSERT INTO island_country VALUES ('Anguilla', 'AXA');
INSERT INTO island_country VALUES ('Porto Santo', 'P');
INSERT INTO island_country VALUES ('Mohilla', 'COM');
INSERT INTO island_country VALUES ('Jeju', 'ROK');
INSERT INTO island_country VALUES ('Negros', 'RP');
INSERT INTO island_country VALUES ('Sulawesi', 'RI');
INSERT INTO island_country VALUES ('San Miguel Island', 'USA');
INSERT INTO island_country VALUES ('Southampton Island', 'CDN');
INSERT INTO island_country VALUES ('Ireland', 'GB');
INSERT INTO island_country VALUES ('Teneriffa', 'E');
INSERT INTO island_country VALUES ('Bohol', 'RP');
INSERT INTO island_country VALUES ('Borneo', 'BRU');
INSERT INTO island_country VALUES ('Sokotra', 'YE');
INSERT INTO island_country VALUES ('Norderney', 'D');
INSERT INTO island_country VALUES ('Newfoundland', 'CDN');
INSERT INTO island_country VALUES ('Vulcano', 'I');
INSERT INTO island_country VALUES ('Leyte', 'RP');
INSERT INTO island_country VALUES ('Nantucket', 'USA');
INSERT INTO island_country VALUES ('Cyprus', 'CY');
INSERT INTO island_country VALUES ('Principe', 'STP');
INSERT INTO island_country VALUES ('West Falkland', 'FALK');
INSERT INTO island_country VALUES ('Antigua', 'AG');
INSERT INTO island_country VALUES ('Ameland', 'NL');
INSERT INTO island_country VALUES ('Kreta', 'GR');
INSERT INTO island_country VALUES ('Rota', 'NMIS');
INSERT INTO island_country VALUES ('Isle of Man', 'GBM');
INSERT INTO island_country VALUES ('Santiago', 'CV');
INSERT INTO island_country VALUES ('Mayotte', 'MAYO');
INSERT INTO island_country VALUES ('Mindanao', 'RP');
INSERT INTO island_country VALUES ('Christmas Island', 'XMAS');
INSERT INTO island_country VALUES ('Paramuschir', 'R');
INSERT INTO island_country VALUES ('Mauritius', 'MS');
INSERT INTO island_country VALUES ('Jamaica', 'JA');
INSERT INTO island_country VALUES ('Fehmarn', 'D');
INSERT INTO island_country VALUES ('Juist', 'D');
INSERT INTO island_country VALUES ('Shikoku', 'J');
INSERT INTO island_country VALUES ('Dagoe', 'EW');
INSERT INTO island_country VALUES ('Lewis and Harris', 'GB');
INSERT INTO island_country VALUES ('Ibiza', 'E');
INSERT INTO island_country VALUES ('Honshu', 'J');
INSERT INTO island_country VALUES ('Norfolk Island', 'NORF');
INSERT INTO island_country VALUES ('Majuro', 'MH');
INSERT INTO island_country VALUES ('Cangaroo Island', 'AUS');
INSERT INTO island_country VALUES ('Tongatapu', 'TO');
INSERT INTO island_country VALUES ('Lavan', 'IR');
INSERT INTO island_country VALUES ('Bahrain', 'BRN');
INSERT INTO island_country VALUES ('Grand Turk', 'TUCA');
INSERT INTO island_country VALUES ('Puerto Rico', 'PR');
INSERT INTO island_country VALUES ('Filicudi', 'I');
INSERT INTO island_country VALUES ('Krakatau', 'RI');
INSERT INTO island_country VALUES ('Jura', 'GB');
INSERT INTO island_country VALUES ('Prince Edward Island', 'CDN');
INSERT INTO island_country VALUES ('Usedom', 'PL');
INSERT INTO island_country VALUES ('Hoy', 'GB');
INSERT INTO island_country VALUES ('Mindoro', 'RP');
INSERT INTO island_country VALUES ('Guam', 'GUAM');
INSERT INTO island_country VALUES ('Martha s Vineyard', 'USA');
INSERT INTO island_country VALUES ('Samos', 'GR');
INSERT INTO island_country VALUES ('Savaii', 'WS');
INSERT INTO island_country VALUES ('Miquelon-Langlade', 'SPMI');
INSERT INTO island_country VALUES ('Banks Island', 'CDN');
INSERT INTO island_country VALUES ('Zakinthos', 'GR');
INSERT INTO island_country VALUES ('Pemba', 'EAT');
INSERT INTO island_country VALUES ('Male', 'MV');
INSERT INTO island_country VALUES ('Sao Miguel', 'P');
INSERT INTO island_country VALUES ('Saipan', 'NMIS');
INSERT INTO island_country VALUES ('Sumatra', 'RI');
INSERT INTO island_country VALUES ('Mallorca', 'E');
INSERT INTO island_country VALUES ('Saint Helena', 'HELX');
INSERT INTO island_country VALUES ('Tarawa', 'KIR');
INSERT INTO island_country VALUES ('Rhum', 'GB');
INSERT INTO island_country VALUES ('Providenciales', 'TUCA');
INSERT INTO island_country VALUES ('Isla da Ometepe', 'NIC');
INSERT INTO island_country VALUES ('Bangka', 'RI');
INSERT INTO island_country VALUES ('Falster', 'DK');
INSERT INTO island_country VALUES ('Langeland', 'DK');
INSERT INTO island_country VALUES ('Grande-Terre', 'GUAD');
INSERT INTO island_country VALUES ('Aust-Vagoey', 'N');
INSERT INTO island_country VALUES ('Vancouver Island', 'CDN');
INSERT INTO island_country VALUES ('Anjouan', 'COM');
INSERT INTO island_country VALUES ('Ceram', 'RI');
INSERT INTO island_country VALUES ('Helgoland', 'D');
INSERT INTO island_country VALUES ('Madeira', 'P');
INSERT INTO island_country VALUES ('Khark', 'IR');
INSERT INTO island_country VALUES ('Stromboli', 'I');
INSERT INTO island_country VALUES ('Lundy', 'GB');
INSERT INTO island_country VALUES ('Pico', 'P');
INSERT INTO island_country VALUES ('Vanua Levu', 'FJI');
INSERT INTO island_country VALUES ('Efate', 'VU');
INSERT INTO island_country VALUES ('Manitoulin', 'CDN');
INSERT INTO island_country VALUES ('Montserrat', 'MNTS');
INSERT INTO island_country VALUES ('Tutuila', 'AMSA');
INSERT INTO island_country VALUES ('Usedom', 'D');
INSERT INTO island_country VALUES ('Lipari', 'I');
INSERT INTO island_country VALUES ('Singapore', 'SGP');
INSERT INTO island_country VALUES ('Maui', 'USA');
INSERT INTO island_country VALUES ('Basse-Terre', 'GUAD');
INSERT INTO island_country VALUES ('Grand Cayman', 'CAYM');
INSERT INTO island_country VALUES ('Grand Bermuda', 'BERM');
INSERT INTO island_country VALUES ('Little Cayman', 'CAYM');
INSERT INTO island_country VALUES ('Long Island', 'USA');
INSERT INTO island_country VALUES ('Kos', 'GR');
INSERT INTO island_country VALUES ('Anglesey', 'GB');
INSERT INTO island_country VALUES ('Pellworm', 'D');
INSERT INTO island_country VALUES ('Lesbos', 'GR');
INSERT INTO island_country VALUES ('Tristan Da Cunha', 'HELX');
INSERT INTO island_country VALUES ('Langeoog', 'D');
INSERT INTO island_country VALUES ('Te Waka-a-Maui (South Island)', 'NZ');
INSERT INTO island_country VALUES ('Lefkas', 'GR');
INSERT INTO island_country VALUES ('Linosa', 'I');
INSERT INTO island_country VALUES ('Santa Maria', 'P');
INSERT INTO island_country VALUES ('Barbados', 'BDS');
INSERT INTO island_country VALUES ('Rarotonga', 'COOK');
INSERT INTO island_country VALUES ('Tinian', 'NMIS');
INSERT INTO island_country VALUES ('Koror', 'PAL');
INSERT INTO island_country VALUES ('Sardegna', 'I');
INSERT INTO island_country VALUES ('Sachalin', 'R');
INSERT INTO island_country VALUES ('South Ronaldsay', 'GB');
INSERT INTO island_country VALUES ('Osterinsel', 'RCH');
INSERT INTO island_country VALUES ('Bornholm', 'DK');
INSERT INTO island_country VALUES ('Oeland', 'S');
INSERT INTO island_country VALUES ('Prince of Wales Island', 'CDN');
INSERT INTO island_country VALUES ('Curacao', 'NA');
INSERT INTO island_country VALUES ('Vlieland', 'NL');
INSERT INTO island_country VALUES ('Menorca', 'E');
INSERT INTO island_country VALUES ('Cebu', 'RP');
INSERT INTO island_country VALUES ('Gotland', 'S');
INSERT INTO island_country VALUES ('Aland', 'SF');
INSERT INTO island_country VALUES ('Lanai', 'USA');
INSERT INTO island_country VALUES ('Gran Canaria', 'E');
INSERT INTO island_country VALUES ('Gozo', 'M');
INSERT INTO island_country VALUES ('Viti Levu', 'FJI');
INSERT INTO island_country VALUES ('Baltrum', 'D');
INSERT INTO island_country VALUES ('Luzon', 'RP');
INSERT INTO island_country VALUES ('Skye', 'GB');
INSERT INTO island_country VALUES ('Islay', 'GB');
INSERT INTO island_country VALUES ('Terceira', 'P');
INSERT INTO island_country VALUES ('Mull', 'GB');
INSERT INTO island_country VALUES ('Bishop Rock', 'GB');
INSERT INTO island_country VALUES ('La Palma', 'E');
INSERT INTO island_country VALUES ('Dominica', 'WD');
INSERT INTO island_country VALUES ('Niue', 'NIUE');
INSERT INTO island_country VALUES ('Svalbard', 'SVAX');
INSERT INTO island_country VALUES ('Corse', 'F');
INSERT INTO island_country VALUES ('Reunion', 'REUN');
INSERT INTO island_country VALUES ('Saint Kitts', 'KN');
INSERT INTO island_country VALUES ('Martinique', 'MART');
INSERT INTO island_country VALUES ('Santa Cruz Island', 'USA');
INSERT INTO island_country VALUES ('Arran', 'GB');
INSERT INTO island_country VALUES ('Rhodos', 'GR');
INSERT INTO island_country VALUES ('Hokkaido', 'J');
INSERT INTO island_country VALUES ('Benbecula', 'GB');
INSERT INTO island_country VALUES ('Malta', 'M');
INSERT INTO island_country VALUES ('Sansibar', 'EAT');
INSERT INTO island_country VALUES ('Batam', 'RI');
INSERT INTO island_country VALUES ('Wangerooge', 'D');
INSERT INTO island_country VALUES ('Kyushu', 'J');
INSERT INTO island_country VALUES ('Bougainville', 'PNG');
INSERT INTO island_country VALUES ('Aruba', 'ARU');
INSERT INTO island_country VALUES ('Samar', 'RP');
INSERT INTO island_country VALUES ('Niihau', 'USA');
INSERT INTO island_country VALUES ('Java', 'RI');
INSERT INTO island_country VALUES ('Schiermonnikoog', 'NL');
INSERT INTO island_country VALUES ('Hierro', 'E');
INSERT INTO island_country VALUES ('Timor', 'RI');
INSERT INTO island_country VALUES ('Graciosa', 'P');
INSERT INTO island_country VALUES ('Borneo', 'RI');
INSERT INTO island_country VALUES ('New Guinea', 'RI');
INSERT INTO island_country VALUES ('San Clemente Island', 'USA');
INSERT INTO island_country VALUES ('North Caicos', 'TUCA');
INSERT INTO island_country VALUES ('Mahe', 'SY');
INSERT INTO island_country VALUES ('Hispaniola', 'DOM');
INSERT INTO island_country VALUES ('Orkney Mainland', 'GB');
INSERT INTO island_country VALUES ('Melville Island', 'AUS');
INSERT INTO island_country VALUES ('Santa Catalina Island', 'USA');
INSERT INTO island_country VALUES ('Westray', 'GB');
INSERT INTO island_country VALUES ('Tortola', 'BVIR');
INSERT INTO island_country VALUES ('Ponape', 'FSM');
INSERT INTO island_country VALUES ('Bali', 'RI');
INSERT INTO island_country VALUES ('Rene Levasseur Island', 'CDN');
INSERT INTO island_country VALUES ('Lampedusa', 'I');
INSERT INTO island_country VALUES ('Ambon', 'RI');
INSERT INTO island_country VALUES ('Alicudi', 'I');
INSERT INTO island_country VALUES ('Hainan', 'TJ');
INSERT INTO island_country VALUES ('Lombok', 'RI');
INSERT INTO island_country VALUES ('Taiwan', 'RC');
INSERT INTO island_country VALUES ('Cuba', 'C');
INSERT INTO island_country VALUES ('Grande Terre', 'NCA');
INSERT INTO island_country VALUES ('Palawan', 'RP');
INSERT INTO island_country VALUES ('Lanzarote', 'E');
INSERT INTO island_country VALUES ('Fogo', 'CV');
INSERT INTO island_country VALUES ('Molokai', 'USA');
INSERT INTO island_country VALUES ('Hawaii', 'USA');
INSERT INTO island_country VALUES ('Lolland', 'DK');
INSERT INTO island_country VALUES ('Guadalcanal', 'SLB');
INSERT INTO island_country VALUES ('Flores', 'P');
INSERT INTO island_country VALUES ('Seeland', 'DK');
INSERT INTO island_country VALUES ('Panay', 'RP');
INSERT INTO island_country VALUES ('New Providence', 'BS');
INSERT INTO island_country VALUES ('Uvea', 'WAFU');
INSERT INTO island_country VALUES ('Barbuda', 'AG');
INSERT INTO island_country VALUES ('Sao Jorge', 'P');
INSERT INTO island_country VALUES ('Isle of Wight', 'GB');
INSERT INTO island_country VALUES ('Saint Lucia', 'WL');
INSERT INTO island_country VALUES ('Ireland', 'IRL');
INSERT INTO island_country VALUES ('Jersey', 'GBJ');
INSERT INTO island_country VALUES ('Upolu', 'WS');
INSERT INTO island_country VALUES ('Amrum', 'D');
INSERT INTO island_country VALUES ('Baffin Island', 'CDN');
INSERT INTO island_country VALUES ('Trinidad', 'TT');
INSERT INTO island_country VALUES ('St. Martin', 'SMAR');
INSERT INTO island_country VALUES ('Cayman Brac', 'CAYM');
INSERT INTO island_country VALUES ('North Uist', 'GB');
INSERT INTO island_country VALUES ('Kefallinia', 'GR');
INSERT INTO island_country VALUES ('Olkhon', 'R');
INSERT INTO island_country VALUES ('Gheschm', 'IR');
INSERT INTO island_country VALUES ('Sylt', 'D');
INSERT INTO island_country VALUES ('Corvo', 'P');
INSERT INTO island_country VALUES ('Formentera', 'E');
INSERT INTO island_country VALUES ('Victoria Island', 'CDN');
INSERT INTO island_country VALUES ('Tahiti', 'FPOL');
INSERT INTO island_country VALUES ('Greenland', 'GROX');
INSERT INTO island_country VALUES ('Guernsey', 'GBG');
INSERT INTO island_country VALUES ('Nevis', 'KN');
INSERT INTO island_country VALUES ('Ascension', 'HELX');
INSERT INTO island_country VALUES ('Rugen', 'D');
INSERT INTO island_country VALUES ('Bioko', 'GQ');
INSERT INTO island_country VALUES ('Sao Tome', 'STP');
INSERT INTO island_country VALUES ('Babelthuap', 'PAL');
INSERT INTO island_country VALUES ('Nauru', 'NAU');
INSERT INTO island_country VALUES ('Salina', 'I');
INSERT INTO island_country VALUES ('Santa Rosa Island', 'USA');
INSERT INTO island_country VALUES ('South Uist', 'GB');
INSERT INTO island_country VALUES ('Okinawa', 'J');
INSERT INTO island_country VALUES ('Madagaskar', 'RM');
INSERT INTO island_country VALUES ('Borneo', 'MAL');
INSERT INTO island_country VALUES ('Terschelling', 'NL');
INSERT INTO island_country VALUES ('South Andaman Island', 'IND');
INSERT INTO island_country VALUES ('Timor', 'TL');
INSERT INTO island_country VALUES ('Fuenen', 'DK');
INSERT INTO river_from_lake VALUES ('Paatsjoki', 'Inari');
INSERT INTO river_from_lake VALUES ('Oulujoki', 'Oulujaervi');
INSERT INTO river_from_lake VALUES ('Vuoksi', 'Kallavesi');
INSERT INTO river_from_lake VALUES ('Vuoksi', 'Saimaa');
INSERT INTO river_from_lake VALUES ('Kymijoki', 'Paeijaenne');
INSERT INTO river_from_lake VALUES ('Lagen', 'Mjoesa-See');
INSERT INTO river_from_lake VALUES ('Umeaelv', 'Storuman');
INSERT INTO river_from_lake VALUES ('Oesterdalaelv', 'Siljan');
INSERT INTO river_from_lake VALUES ('Goetaaelv', 'Vaenern');
INSERT INTO river_from_lake VALUES ('Rhein', 'Bodensee');
INSERT INTO river_from_lake VALUES ('Alz', 'Chiemsee');
INSERT INTO river_from_lake VALUES ('Wurm', 'Starnberger See');
INSERT INTO river_from_lake VALUES ('Ammer', 'Ammersee');
INSERT INTO river_from_lake VALUES ('Rhone', 'Lac Leman');
INSERT INTO river_from_lake VALUES ('Limmat', 'Zurichsee');
INSERT INTO river_from_lake VALUES ('Aare', 'Thunersee');
INSERT INTO river_from_lake VALUES ('Aare', 'Brienzersee');
INSERT INTO river_from_lake VALUES ('Reuss', 'Vierwaldstattersee');
INSERT INTO river_from_lake VALUES ('Mincio', 'Lago di Garda ');
INSERT INTO river_from_lake VALUES ('Ticino', 'Lago Maggiore');
INSERT INTO river_from_lake VALUES ('Adda', 'Lago di Como');
INSERT INTO river_from_lake VALUES ('Black Drin', 'Lake Ohrid');
INSERT INTO river_from_lake VALUES ('Jordan', 'Lake Genezareth');
INSERT INTO river_from_lake VALUES ('Euphrat', 'Lake Keban');
INSERT INTO river_from_lake VALUES ('Asahan', 'Lake Toba');
INSERT INTO river_from_lake VALUES ('Newa', 'Ozero Ladoga');
INSERT INTO river_from_lake VALUES ('Swir', 'Ozero Onega');
INSERT INTO river_from_lake VALUES ('Narva', 'Ozero Pskovskoje');
INSERT INTO river_from_lake VALUES ('Angara', 'Ozero Baikal');
INSERT INTO river_from_lake VALUES ('Nile', 'Lake Nasser');
INSERT INTO river_from_lake VALUES ('Volta', 'Lake Volta');
INSERT INTO river_from_lake VALUES ('Niger', 'Lake Kainji');
INSERT INTO river_from_lake VALUES ('Sanaga', 'Barrage de Mbakaou');
INSERT INTO river_from_lake VALUES ('Blue Nile', 'Lake Tana');
INSERT INTO river_from_lake VALUES ('Bahr el-Djebel/Albert-Nil', 'Lake Sese Seko/Albertsee');
INSERT INTO river_from_lake VALUES ('Semliki', 'Rutanzige/Eduardsee');
INSERT INTO river_from_lake VALUES ('Victoria Nile', 'Lake Kioga');
INSERT INTO river_from_lake VALUES ('Victoria Nile', 'Lake Victoria');
INSERT INTO river_from_lake VALUES ('Ruzizi', 'Lake Kivu');
INSERT INTO river_from_lake VALUES ('Lukuga', 'Lake Tanganjika');
INSERT INTO river_from_lake VALUES ('Luvua', 'Lake Mweru');
INSERT INTO river_from_lake VALUES ('Luapula', 'Lake Bangweulu');
INSERT INTO river_from_lake VALUES ('Chire', 'Lake Malawi');
INSERT INTO river_from_lake VALUES ('Fimi', 'Lake Mai Ndombe');
INSERT INTO river_from_lake VALUES ('Zambezi', 'Lake Cabora-Bassa');
INSERT INTO river_from_lake VALUES ('Zambezi', 'Lake Kariba');
INSERT INTO river_from_lake VALUES ('Mackenzie River', 'Great Slave Lake');
INSERT INTO river_from_lake VALUES ('Yukon River', 'Atlin Lake');
INSERT INTO river_from_lake VALUES ('Nelson River', 'Lake Winnipeg');
INSERT INTO river_from_lake VALUES ('Saint Lawrence River', 'Lake Ontario');
INSERT INTO river_from_lake VALUES ('Niagara River', 'Lake Erie');
INSERT INTO river_from_lake VALUES ('Detroit River', 'Lake Huron');
INSERT INTO river_from_lake VALUES ('Riviere Richelieu', 'Lake Champlain');
INSERT INTO river_from_lake VALUES ('Merrimack River', 'Lake Winnipesaukee');
INSERT INTO river_from_lake VALUES ('Tennessee', 'Kentucky Lake');
INSERT INTO river_from_lake VALUES ('Tennessee', 'Chickamauga Lake');
INSERT INTO river_from_lake VALUES ('Columbia River', 'Franklin. D. Roosevelt Lake');
INSERT INTO river_from_lake VALUES ('Truckee River', 'Lake Tahoe');
INSERT INTO river_from_lake VALUES ('Colorado', 'Lake Powell');
INSERT INTO river_from_lake VALUES ('Colorado', 'Lake Mead');
INSERT INTO river_from_lake VALUES ('Missouri', 'Fort Peck Lake');
INSERT INTO river_from_lake VALUES ('Missouri', 'Lake Sakakawea');
INSERT INTO river_from_lake VALUES ('Missouri', 'Lake Oahe');
INSERT INTO river_from_lake VALUES ('Rio Lerma', 'Lago de Chapala');
INSERT INTO river_from_lake VALUES ('Rio San Juan', 'Lake Nicaragua');
INSERT INTO river_from_lake VALUES ('Rio San Juan', 'Lake Managua');
INSERT INTO river_from_lake VALUES ('Rio Sao Francisco', 'Lago de Sobradinho');
INSERT INTO river_from_lake VALUES ('Rio Desaguadero', 'Lake Titicaca');
INSERT INTO river_from_lake VALUES ('Murrumbidgee River', 'Lake Burley Griffin');
INSERT INTO river_from_lake VALUES ('Murray River', 'Lake Hume');
INSERT INTO river_into_lake VALUES ('Lagen', 'Mjoesa-See');
INSERT INTO river_into_lake VALUES ('Klaraelv', 'Vaenern');
INSERT INTO river_into_lake VALUES ('Umeaelv', 'Storuman');
INSERT INTO river_into_lake VALUES ('Oesterdalaelv', 'Siljan');
INSERT INTO river_into_lake VALUES ('Vuoksi', 'Ozero Ladoga');
INSERT INTO river_into_lake VALUES ('Rhone', 'Lac Leman');
INSERT INTO river_into_lake VALUES ('Ticino', 'Lago Maggiore');
INSERT INTO river_into_lake VALUES ('Adda', 'Lago di Como');
INSERT INTO river_into_lake VALUES ('Ammer', 'Ammersee');
INSERT INTO river_into_lake VALUES ('Wurm', 'Starnberger See');
INSERT INTO river_into_lake VALUES ('Alz', 'Chiemsee');
INSERT INTO river_into_lake VALUES ('Rhein', 'Bodensee');
INSERT INTO river_into_lake VALUES ('Aare', 'Brienzersee');
INSERT INTO river_into_lake VALUES ('Reuss', 'Vierwaldstattersee');
INSERT INTO river_into_lake VALUES ('Jordan', 'Dead Sea');
INSERT INTO river_into_lake VALUES ('Kura', 'Caspian Sea');
INSERT INTO river_into_lake VALUES ('Murat', 'Lake Keban');
INSERT INTO river_into_lake VALUES ('Karasu', 'Lake Keban');
INSERT INTO river_into_lake VALUES ('Swir', 'Ozero Ladoga');
INSERT INTO river_into_lake VALUES ('Volga', 'Caspian Sea');
INSERT INTO river_into_lake VALUES ('Ural', 'Caspian Sea');
INSERT INTO river_into_lake VALUES ('Angara', 'Ozero Baikal');
INSERT INTO river_into_lake VALUES ('Syrdarja', 'Ozero Aral');
INSERT INTO river_into_lake VALUES ('Amudarja', 'Ozero Aral');
INSERT INTO river_into_lake VALUES ('Saskatchewan River', 'Lake Winnipeg');
INSERT INTO river_into_lake VALUES ('Niagara River', 'Lake Ontario');
INSERT INTO river_into_lake VALUES ('Detroit River', 'Lake Erie');
INSERT INTO river_into_lake VALUES ('Missouri', 'Fort Peck Lake');
INSERT INTO river_into_lake VALUES ('Tennessee', 'Chickamauga Lake');
INSERT INTO river_into_lake VALUES ('Columbia River', 'Franklin. D. Roosevelt Lake');
INSERT INTO river_into_lake VALUES ('Truckee River', 'Pyramid Lake');
INSERT INTO river_into_lake VALUES ('Colorado', 'Lake Powell');
INSERT INTO river_into_lake VALUES ('Rio Lerma', 'Lago de Chapala');
INSERT INTO river_into_lake VALUES ('Rio San Juan', 'Lake Managua');
INSERT INTO river_into_lake VALUES ('Rio Desaguadero', 'Poopo');
INSERT INTO river_into_lake VALUES ('Rio Sao Francisco', 'Lago de Sobradinho');
INSERT INTO river_into_lake VALUES ('Volta', 'Lake Volta');
INSERT INTO river_into_lake VALUES ('Niger', 'Lake Kainji');
INSERT INTO river_into_lake VALUES ('Schari', 'Chad Lake');
INSERT INTO river_into_lake VALUES ('Nile', 'Lake Nasser');
INSERT INTO river_into_lake VALUES ('Semliki', 'Lake Sese Seko/Albertsee');
INSERT INTO river_into_lake VALUES ('Victoria Nile', 'Lake Sese Seko/Albertsee');
INSERT INTO river_into_lake VALUES ('Akagera', 'Lake Victoria');
INSERT INTO river_into_lake VALUES ('Sanaga', 'Barrage de Mbakaou');
INSERT INTO river_into_lake VALUES ('Ruzizi', 'Lake Tanganjika');
INSERT INTO river_into_lake VALUES ('Luapula', 'Lake Mweru');
INSERT INTO river_into_lake VALUES ('Zambezi', 'Lake Kariba');
INSERT INTO river_into_lake VALUES ('Murray River', 'Lake Hume');
INSERT INTO river_into_lake VALUES ('Murrumbidgee River', 'Lake Burley Griffin');
INSERT INTO river_into_sea VALUES ('Thjorsa', 'Atlantic Ocean');
INSERT INTO river_into_sea VALUES ('Joekulsa a Fjoellum', 'Norwegian Sea');
INSERT INTO river_into_sea VALUES ('Glomma', 'Skagerrak');
INSERT INTO river_into_sea VALUES ('Goetaaelv', 'Kattegat');
INSERT INTO river_into_sea VALUES ('Umeaelv', 'Baltic Sea');
INSERT INTO river_into_sea VALUES ('Dalaelv', 'Baltic Sea');
INSERT INTO river_into_sea VALUES ('Paatsjoki', 'Barents Sea');
INSERT INTO river_into_sea VALUES ('Kemijoki', 'Baltic Sea');
INSERT INTO river_into_sea VALUES ('Oulujoki', 'Baltic Sea');
INSERT INTO river_into_sea VALUES ('Kymijoki', 'Baltic Sea');
INSERT INTO river_into_sea VALUES ('Kokemaeenjoki', 'Baltic Sea');
INSERT INTO river_into_sea VALUES ('Thames', 'North Sea');
INSERT INTO river_into_sea VALUES ('Maas', 'North Sea');
INSERT INTO river_into_sea VALUES ('Loire', 'Atlantic Ocean');
INSERT INTO river_into_sea VALUES ('Garonne', 'Atlantic Ocean');
INSERT INTO river_into_sea VALUES ('Rhone', 'Mediterranean Sea');
INSERT INTO river_into_sea VALUES ('Seine', 'The Channel');
INSERT INTO river_into_sea VALUES ('Tajo', 'Atlantic Ocean');
INSERT INTO river_into_sea VALUES ('Douro', 'Atlantic Ocean');
INSERT INTO river_into_sea VALUES ('Guadiana', 'Atlantic Ocean');
INSERT INTO river_into_sea VALUES ('Guadalquivir', 'Atlantic Ocean');
INSERT INTO river_into_sea VALUES ('Ebro', 'Mediterranean Sea');
INSERT INTO river_into_sea VALUES ('Po', 'Mediterranean Sea');
INSERT INTO river_into_sea VALUES ('Etsch', 'Mediterranean Sea');
INSERT INTO river_into_sea VALUES ('Tiber', 'Mediterranean Sea');
INSERT INTO river_into_sea VALUES ('Arno', 'Mediterranean Sea');
INSERT INTO river_into_sea VALUES ('Donau', 'Black Sea');
INSERT INTO river_into_sea VALUES ('Dnjestr', 'Black Sea');
INSERT INTO river_into_sea VALUES ('Weser', 'North Sea');
INSERT INTO river_into_sea VALUES ('Elbe', 'North Sea');
INSERT INTO river_into_sea VALUES ('Rhein', 'North Sea');
INSERT INTO river_into_sea VALUES ('Oder', 'Baltic Sea');
INSERT INTO river_into_sea VALUES ('Weichsel', 'Baltic Sea');
INSERT INTO river_into_sea VALUES ('Drin', 'Mediterranean Sea');
INSERT INTO river_into_sea VALUES ('Schatt al Arab', 'Persian Gulf');
INSERT INTO river_into_sea VALUES ('Northern Dwina', 'Barents Sea');
INSERT INTO river_into_sea VALUES ('Petschora', 'Barents Sea');
INSERT INTO river_into_sea VALUES ('Newa', 'Baltic Sea');
INSERT INTO river_into_sea VALUES ('Narva', 'Baltic Sea');
INSERT INTO river_into_sea VALUES ('Western Dwina', 'Baltic Sea');
INSERT INTO river_into_sea VALUES ('Don', 'Sea of Azov');
INSERT INTO river_into_sea VALUES ('Dnepr', 'Black Sea');
INSERT INTO river_into_sea VALUES ('Ob', 'Sibirian Sea');
INSERT INTO river_into_sea VALUES ('Jenissej', 'Sibirian Sea');
INSERT INTO river_into_sea VALUES ('Chatanga', 'Sibirian Sea');
INSERT INTO river_into_sea VALUES ('Lena', 'Sibirian Sea');
INSERT INTO river_into_sea VALUES ('Amur', 'Sea of Okhotsk');
INSERT INTO river_into_sea VALUES ('Kolyma', 'Sibirian Sea');
INSERT INTO river_into_sea VALUES ('Hwangho', 'Yellow Sea');
INSERT INTO river_into_sea VALUES ('Jangtse', 'East China Sea');
INSERT INTO river_into_sea VALUES ('Mekong', 'South China Sea');
INSERT INTO river_into_sea VALUES ('Saluen', 'Andaman Sea');
INSERT INTO river_into_sea VALUES ('Irawaddy', 'Andaman Sea');
INSERT INTO river_into_sea VALUES ('Ganges', 'Gulf of Bengal');
INSERT INTO river_into_sea VALUES ('Indus', 'Arabian Sea');
INSERT INTO river_into_sea VALUES ('Asahan', 'Malakka Strait');
INSERT INTO river_into_sea VALUES ('Yukon River', 'Bering Sea');
INSERT INTO river_into_sea VALUES ('Mackenzie River', 'Arctic Ocean');
INSERT INTO river_into_sea VALUES ('Nelson River', 'Arctic Ocean');
INSERT INTO river_into_sea VALUES ('Saint Lawrence River', 'Atlantic Ocean');
INSERT INTO river_into_sea VALUES ('Merrimack River', 'Atlantic Ocean');
INSERT INTO river_into_sea VALUES ('Connecticut River', 'Atlantic Ocean');
INSERT INTO river_into_sea VALUES ('Hudson River', 'Atlantic Ocean');
INSERT INTO river_into_sea VALUES ('Mississippi', 'Gulf of Mexico');
INSERT INTO river_into_sea VALUES ('Columbia River', 'Pacific Ocean');
INSERT INTO river_into_sea VALUES ('Colorado', 'Pacific Ocean');
INSERT INTO river_into_sea VALUES ('Rio Grande', 'Gulf of Mexico');
INSERT INTO river_into_sea VALUES ('Rio Lerma', 'Pacific Ocean');
INSERT INTO river_into_sea VALUES ('Rio San Juan', 'Caribbean Sea');
INSERT INTO river_into_sea VALUES ('Rio Magdalena', 'Caribbean Sea');
INSERT INTO river_into_sea VALUES ('Orinoco', 'Atlantic Ocean');
INSERT INTO river_into_sea VALUES ('Amazonas', 'Atlantic Ocean');
INSERT INTO river_into_sea VALUES ('Tocantins', 'Atlantic Ocean');
INSERT INTO river_into_sea VALUES ('Rio Sao Francisco', 'Atlantic Ocean');
INSERT INTO river_into_sea VALUES ('Parana', 'Atlantic Ocean');
INSERT INTO river_into_sea VALUES ('Uruguay', 'Atlantic Ocean');
INSERT INTO river_into_sea VALUES ('Gambia', 'Atlantic Ocean');
INSERT INTO river_into_sea VALUES ('Senegal', 'Atlantic Ocean');
INSERT INTO river_into_sea VALUES ('Volta', 'Atlantic Ocean');
INSERT INTO river_into_sea VALUES ('Niger', 'Atlantic Ocean');
INSERT INTO river_into_sea VALUES ('Nile', 'Mediterranean Sea');
INSERT INTO river_into_sea VALUES ('Jubba', 'Indian Ocean');
INSERT INTO river_into_sea VALUES ('Sanaga', 'Atlantic Ocean');
INSERT INTO river_into_sea VALUES ('Zaire', 'Atlantic Ocean');
INSERT INTO river_into_sea VALUES ('Zambezi', 'Indian Ocean');
INSERT INTO river_into_sea VALUES ('Limpopo', 'Indian Ocean');
INSERT INTO river_into_sea VALUES ('Oranje', 'Atlantic Ocean');
INSERT INTO river_into_sea VALUES ('Murray River', 'Indian Ocean');
INSERT INTO sea_connect VALUES ('Gulf of Aden', 'Indian Ocean');
INSERT INTO sea_connect VALUES ('Atlantic Ocean', 'Pacific Ocean');
INSERT INTO sea_connect VALUES ('Norwegian Sea', 'Atlantic Ocean');
INSERT INTO sea_connect VALUES ('Norwegian Sea', 'Arctic Ocean');
INSERT INTO sea_connect VALUES ('Norwegian Sea', 'Barents Sea');
INSERT INTO sea_connect VALUES ('North Sea', 'The Channel');
INSERT INTO sea_connect VALUES ('Atlantic Ocean', 'Mediterranean Sea');
INSERT INTO sea_connect VALUES ('Malakka Strait', 'South China Sea');
INSERT INTO sea_connect VALUES ('Skagerrak', 'Kattegat');
INSERT INTO sea_connect VALUES ('Sea of Japan', 'Yellow Sea');
INSERT INTO sea_connect VALUES ('South China Sea', 'Pacific Ocean');
INSERT INTO sea_connect VALUES ('Arabian Sea', 'Indian Ocean');
INSERT INTO sea_connect VALUES ('Indian Ocean', 'Andaman Sea');
INSERT INTO sea_connect VALUES ('Pacific Ocean', 'Sea of Japan');
INSERT INTO sea_connect VALUES ('Indian Ocean', 'Pacific Ocean');
INSERT INTO sea_connect VALUES ('Caribbean Sea', 'Atlantic Ocean');
INSERT INTO sea_connect VALUES ('Sulawesi Sea', 'Pacific Ocean');
INSERT INTO sea_connect VALUES ('Sea of Japan', 'East China Sea');
INSERT INTO sea_connect VALUES ('Gulf of Mexico', 'Caribbean Sea');
INSERT INTO sea_connect VALUES ('Persian Gulf', 'Gulf of Oman');
INSERT INTO sea_connect VALUES ('Sea of Japan', 'Sea of Okhotsk');
INSERT INTO sea_connect VALUES ('Barents Sea', 'Sibirian Sea');
INSERT INTO sea_connect VALUES ('Arctic Ocean', 'Sibirian Sea');
INSERT INTO sea_connect VALUES ('Atlantic Ocean', 'Gulf of Mexico');
INSERT INTO sea_connect VALUES ('Arabian Sea', 'Gulf of Oman');
INSERT INTO sea_connect VALUES ('Irish Sea', 'Atlantic Ocean');
INSERT INTO sea_connect VALUES ('Red Sea', 'Gulf of Aden');
INSERT INTO sea_connect VALUES ('Arabian Sea', 'Gulf of Aden');
INSERT INTO sea_connect VALUES ('Atlantic Ocean', 'Norwegian Sea');
INSERT INTO sea_connect VALUES ('Barents Sea', 'Norwegian Sea');
INSERT INTO sea_connect VALUES ('Skagerrak', 'North Sea');
INSERT INTO sea_connect VALUES ('Arctic Ocean', 'Norwegian Sea');
INSERT INTO sea_connect VALUES ('The Channel', 'Atlantic Ocean');
INSERT INTO sea_connect VALUES ('Atlantic Ocean', 'Caribbean Sea');
INSERT INTO sea_connect VALUES ('Sunda Sea', 'Pacific Ocean');
INSERT INTO sea_connect VALUES ('Mediterranean Sea', 'Black Sea');
INSERT INTO sea_connect VALUES ('Gulf of Aden', 'Arabian Sea');
INSERT INTO sea_connect VALUES ('Sea of Japan', 'Pacific Ocean');
INSERT INTO sea_connect VALUES ('Pacific Ocean', 'Sea of Okhotsk');
INSERT INTO sea_connect VALUES ('Bering Sea', 'Arctic Ocean');
INSERT INTO sea_connect VALUES ('Gulf of Aden', 'Red Sea');
INSERT INTO sea_connect VALUES ('North Sea', 'Atlantic Ocean');
INSERT INTO sea_connect VALUES ('South China Sea', 'East China Sea');
INSERT INTO sea_connect VALUES ('East China Sea', 'South China Sea');
INSERT INTO sea_connect VALUES ('Atlantic Ocean', 'North Sea');
INSERT INTO sea_connect VALUES ('Kattegat', 'Skagerrak');
INSERT INTO sea_connect VALUES ('Gulf of Bengal', 'Sunda Sea');
INSERT INTO sea_connect VALUES ('Pacific Ocean', 'Bering Sea');
INSERT INTO sea_connect VALUES ('Pacific Ocean', 'East China Sea');
INSERT INTO sea_connect VALUES ('Arctic Ocean', 'Bering Sea');
INSERT INTO sea_connect VALUES ('Atlantic Ocean', 'Arctic Ocean');
INSERT INTO sea_connect VALUES ('Pacific Ocean', 'South China Sea');
INSERT INTO sea_connect VALUES ('Sulawesi Sea', 'Sunda Sea');
INSERT INTO sea_connect VALUES ('Arctic Ocean', 'Barents Sea');
INSERT INTO sea_connect VALUES ('South China Sea', 'Sulawesi Sea');
INSERT INTO sea_connect VALUES ('Indian Ocean', 'Sunda Sea');
INSERT INTO sea_connect VALUES ('Arctic Ocean', 'Atlantic Ocean');
INSERT INTO sea_connect VALUES ('Yellow Sea', 'Sea of Japan');
INSERT INTO sea_connect VALUES ('Pacific Ocean', 'Atlantic Ocean');
INSERT INTO sea_connect VALUES ('Barents Sea', 'Arctic Ocean');
INSERT INTO sea_connect VALUES ('Indian Ocean', 'Gulf of Oman');
INSERT INTO sea_connect VALUES ('Caribbean Sea', 'Gulf of Mexico');
INSERT INTO sea_connect VALUES ('Atlantic Ocean', 'Indian Ocean');
INSERT INTO sea_connect VALUES ('Black Sea', 'Mediterranean Sea');
INSERT INTO sea_connect VALUES ('Andaman Sea', 'Gulf of Bengal');
INSERT INTO sea_connect VALUES ('Pacific Ocean', 'Sulawesi Sea');
INSERT INTO sea_connect VALUES ('Mediterranean Sea', 'Atlantic Ocean');
INSERT INTO sea_connect VALUES ('Pacific Ocean', 'Indian Ocean');
INSERT INTO sea_connect VALUES ('Sulawesi Sea', 'South China Sea');
INSERT INTO sea_connect VALUES ('The Channel', 'North Sea');
INSERT INTO sea_connect VALUES ('Pacific Ocean', 'Sunda Sea');
INSERT INTO sea_connect VALUES ('Indian Ocean', 'Atlantic Ocean');
INSERT INTO sea_connect VALUES ('Gulf of Oman', 'Persian Gulf');
INSERT INTO sea_connect VALUES ('Gulf of Oman', 'Arabian Sea');
INSERT INTO sea_connect VALUES ('North Sea', 'Norwegian Sea');
INSERT INTO sea_connect VALUES ('East China Sea', 'Yellow Sea');
INSERT INTO sea_connect VALUES ('North Sea', 'Baltic Sea');
INSERT INTO sea_connect VALUES ('South China Sea', 'Sunda Sea');
INSERT INTO sea_connect VALUES ('Andaman Sea', 'Malakka Strait');
INSERT INTO sea_connect VALUES ('Sunda Sea', 'Gulf of Bengal');
INSERT INTO sea_connect VALUES ('Malakka Strait', 'Andaman Sea');
INSERT INTO sea_connect VALUES ('Sunda Sea', 'Indian Ocean');
INSERT INTO sea_connect VALUES ('Sunda Sea', 'Sulawesi Sea');
INSERT INTO sea_connect VALUES ('Baltic Sea', 'North Sea');
INSERT INTO sea_connect VALUES ('Black Sea', 'Sea of Azov');
INSERT INTO sea_connect VALUES ('East China Sea', 'Sea of Japan');
INSERT INTO sea_connect VALUES ('Yellow Sea', 'East China Sea');
INSERT INTO sea_connect VALUES ('Gulf of Bengal', 'Pacific Ocean');
INSERT INTO sea_connect VALUES ('Atlantic Ocean', 'Irish Sea');
INSERT INTO sea_connect VALUES ('Sunda Sea', 'South China Sea');
INSERT INTO sea_connect VALUES ('Sea of Okhotsk', 'Pacific Ocean');
INSERT INTO sea_connect VALUES ('South China Sea', 'Malakka Strait');
INSERT INTO sea_connect VALUES ('Gulf of Mexico', 'Atlantic Ocean');
INSERT INTO sea_connect VALUES ('Indian Ocean', 'Arabian Sea');
INSERT INTO sea_connect VALUES ('Pacific Ocean', 'Gulf of Bengal');
INSERT INTO sea_connect VALUES ('Andaman Sea', 'Indian Ocean');
INSERT INTO sea_connect VALUES ('Bering Sea', 'Pacific Ocean');
INSERT INTO sea_connect VALUES ('Gulf of Bengal', 'Andaman Sea');
INSERT INTO sea_connect VALUES ('East China Sea', 'Pacific Ocean');
INSERT INTO sea_connect VALUES ('Sea of Azov', 'Black Sea');
INSERT INTO sea_connect VALUES ('Indian Ocean', 'Gulf of Aden');
INSERT INTO sea_connect VALUES ('Atlantic Ocean', 'The Channel');
INSERT INTO sea_connect VALUES ('Sibirian Sea', 'Barents Sea');
INSERT INTO sea_connect VALUES ('Sibirian Sea', 'Arctic Ocean');
INSERT INTO sea_connect VALUES ('North Sea', 'Skagerrak');
INSERT INTO sea_connect VALUES ('Norwegian Sea', 'North Sea');
INSERT INTO sea_connect VALUES ('Sea of Okhotsk', 'Sea of Japan');
INSERT INTO sea_connect VALUES ('Gulf of Oman', 'Indian Ocean');
INSERT INTO udef_religion VALUES ('Roman Catholic');
INSERT INTO udef_religion VALUES ('Protestant');
INSERT INTO udef_religion VALUES ('Anglican');
INSERT INTO udef_religion VALUES ('Baptist');
INSERT INTO udef_religion VALUES ('Methodist');
INSERT INTO udef_religion VALUES ('Presbyterian');

COMMIT;
